arm,generation,in_span_share,isotropic_share,seed,span_rank
difference,10,0.41435539196305604,0.04230769230769231,1000,11
difference,20,0.867478473824154,0.03461538461538462,1000,9
difference,10,0.38058968598225584,0.04230769230769231,1001,11
difference,20,0.7458539474657484,0.04230769230769231,1001,11
difference,10,0.3012800938393124,0.04230769230769231,1002,11
difference,20,0.7541650260848257,0.04230769230769231,1002,11
difference,30,0.6674693350113208,0.04230769230769231,1002,11
difference,40,0.7522190955377639,0.04230769230769231,1002,11
difference,50,0.2611872889388601,0.019230769230769232,1002,5
difference,10,0.41601884748918255,0.04230769230769231,1003,11
difference,20,0.5183393366583476,0.04230769230769231,1003,11
difference,30,0.3832176811729278,0.04230769230769231,1003,11
difference,40,0.9401007401218813,0.03461538461538462,1003,9
difference,10,0.40400577938515864,0.04230769230769231,1004,11
difference,20,0.6978863355880713,0.04230769230769231,1004,11
difference,30,0.6815391163744902,0.038461538461538464,1004,10
difference,10,0.32206206132784376,0.04230769230769231,1005,11
difference,20,0.8232549133511544,0.04230769230769231,1005,11
difference,30,0.9627308091366734,0.023076923076923078,1005,6
difference,10,0.3873283067566817,0.04230769230769231,1006,11
difference,20,0.5228702049033848,0.04230769230769231,1006,11
difference,30,0.5160817151383921,0.04230769230769231,1006,11
difference,40,0.7101669246458389,0.04230769230769231,1006,11
difference,10,0.3020289781401865,0.04230769230769231,1007,11
difference,20,0.38295585572957225,0.04230769230769231,1007,11
difference,30,0.5208411414545766,0.038461538461538464,1007,10
difference,10,0.4403820550009215,0.04230769230769231,1008,11
difference,20,0.5734652402331685,0.04230769230769231,1008,11
difference,30,0.500001291971376,0.007692307692307693,1008,2
difference,10,0.45280359196833597,0.04230769230769231,1009,11
difference,20,0.5067060319866538,0.04230769230769231,1009,11
difference,30,0.7239562024496922,0.038461538461538464,1009,10
difference,40,0.9999999998711397,0.0038461538461538464,1009,1
size_matched,10,0.04417138795800301,0.04230769230769231,1000,11
size_matched,20,0.04444816170654233,0.04230769230769231,1000,11
size_matched,30,0.04030991783957345,0.04230769230769231,1000,11
size_matched,40,0.04714327920792209,0.04230769230769231,1000,11
size_matched,50,0.03783673869976839,0.04230769230769231,1000,11
size_matched,60,0.024650753982765325,0.023076923076923078,1000,6
size_matched,10,0.046827701786843895,0.04230769230769231,1001,11
size_matched,20,0.04935077491040194,0.04230769230769231,1001,11
size_matched,30,0.035072019129683135,0.04230769230769231,1001,11
size_matched,40,0.03936481286363731,0.04230769230769231,1001,11
size_matched,50,0.0422954181467547,0.04230769230769231,1001,11
size_matched,60,0.0009924062681517533,0.0038461538461538464,1001,1
size_matched,10,0.04502699584570538,0.04230769230769231,1002,11
size_matched,20,0.04350923511592727,0.04230769230769231,1002,11
size_matched,30,0.03820020988397929,0.04230769230769231,1002,11
size_matched,40,0.04625699525602614,0.04230769230769231,1002,11
size_matched,50,0.043289339407573214,0.04230769230769231,1002,11
size_matched,60,0.036772818389825906,0.04230769230769231,1002,11
size_matched,70,0.009838703116312039,0.015384615384615385,1002,4
size_matched,80,0.00736755834567484,0.007692307692307693,1002,2
size_matched,10,0.049805145110842546,0.04230769230769231,1003,11
size_matched,20,0.03838357089141895,0.04230769230769231,1003,11
size_matched,30,0.048071706055711455,0.04230769230769231,1003,11
size_matched,40,0.047634363343890936,0.04230769230769231,1003,11
size_matched,50,0.04137653261644721,0.04230769230769231,1003,11
size_matched,60,0.01023720392162797,0.011538461538461539,1003,3
size_matched,10,0.04072467774753863,0.04230769230769231,1004,11
size_matched,20,0.05054090214888186,0.04230769230769231,1004,11
size_matched,30,0.04553155096859181,0.04230769230769231,1004,11
size_matched,40,0.03789500904098393,0.04230769230769231,1004,11
size_matched,50,0.05754663784877568,0.04230769230769231,1004,11
size_matched,60,0.0416443548600915,0.04230769230769231,1004,11
size_matched,70,0.0432983940076923,0.038461538461538464,1004,10
size_matched,10,0.03860745999550221,0.04230769230769231,1005,11
size_matched,20,0.043981993855138915,0.04230769230769231,1005,11
size_matched,30,0.04030561876286684,0.04230769230769231,1005,11
size_matched,40,0.04660338908508846,0.04230769230769231,1005,11
size_matched,50,0.046557353102616224,0.038461538461538464,1005,10
size_matched,60,0.0021031488960006426,0.0038461538461538464,1005,1
size_matched,10,0.03848372813894508,0.04230769230769231,1006,11
size_matched,20,0.03836455535531795,0.04230769230769231,1006,11
size_matched,30,0.04124509536450875,0.04230769230769231,1006,11
size_matched,40,0.043448284766629736,0.04230769230769231,1006,11
size_matched,50,0.0418988236489982,0.04230769230769231,1006,11
size_matched,60,0.007259195378903021,0.0038461538461538464,1006,1
size_matched,10,0.04441386780474137,0.04230769230769231,1007,11
size_matched,20,0.043718143710918415,0.04230769230769231,1007,11
size_matched,30,0.046420209228007873,0.04230769230769231,1007,11
size_matched,40,0.04012153916963637,0.04230769230769231,1007,11
size_matched,10,0.030198435412807055,0.04230769230769231,1008,11
size_matched,20,0.042905932951789676,0.04230769230769231,1008,11
size_matched,30,0.048181503703912984,0.04230769230769231,1008,11
size_matched,40,0.04680666183664965,0.04230769230769231,1008,11
size_matched,50,0.047034302689401696,0.04230769230769231,1008,11
size_matched,60,0.043997456963581226,0.04230769230769231,1008,11
size_matched,70,0.03852560348055493,0.04230769230769231,1008,11
size_matched,10,0.03651927038300961,0.04230769230769231,1009,11
size_matched,20,0.034605834993798094,0.04230769230769231,1009,11
size_matched,30,0.043458628656135305,0.04230769230769231,1009,11
size_matched,40,0.04345040923813641,0.04230769230769231,1009,11
size_matched,50,0.04196350445592851,0.04230769230769231,1009,11
size_matched,60,0.03890451151025072,0.04230769230769231,1009,11
size_matched,70,0.002304668973596784,0.0038461538461538464,1009,1
normalised,10,0.42021139944966723,0.04230769230769231,1000,11
normalised,20,0.7082057716143658,0.023076923076923078,1000,6
normalised,30,0.5040860554713721,0.038461538461538464,1000,10
normalised,40,0.8192597957584997,0.038461538461538464,1000,10
normalised,50,0.5769085901061539,0.038461538461538464,1000,10
normalised,60,0.3796542562817128,0.04230769230769231,1000,11
normalised,70,1.0000000000000002,0.038461538461538464,1000,10
normalised,80,0.2701722499834842,0.04230769230769231,1000,11
normalised,90,0.7482959195374403,0.04230769230769231,1000,11
normalised,100,0.9528997240490581,0.038461538461538464,1000,10
normalised,110,0.6677192316719256,0.04230769230769231,1000,11
normalised,120,0.6668699518373616,0.023076923076923078,1000,6
normalised,130,0.7330177843070806,0.04230769230769231,1000,11
normalised,140,0.802253951230098,0.015384615384615385,1000,4
normalised,150,0.6114181225142444,0.04230769230769231,1000,11
normalised,160,0.6503788423349248,0.038461538461538464,1000,10
normalised,170,1.0,0.04230769230769231,1000,11
normalised,180,0.1921470830725529,0.03076923076923077,1000,8
normalised,190,0.7540493350843547,0.038461538461538464,1000,10
normalised,200,0.4058875818151606,0.04230769230769231,1000,11
normalised,210,0.5068913213758586,0.038461538461538464,1000,10
normalised,220,0.6951431913728441,0.03076923076923077,1000,8
normalised,230,0.32488901722233327,0.019230769230769232,1000,5
normalised,240,0.1391986172853101,0.026923076923076925,1000,7
normalised,250,0.7766516012579292,0.04230769230769231,1000,11
normalised,260,0.3579027097143999,0.04230769230769231,1000,11
normalised,270,0.9970294496639218,0.023076923076923078,1000,6
normalised,280,0.5102666607443838,0.04230769230769231,1000,11
normalised,290,0.32975436159610105,0.04230769230769231,1000,11
normalised,300,0.4048326187446948,0.038461538461538464,1000,10
normalised,310,0.4408572063074558,0.04230769230769231,1000,11
normalised,320,0.9999999999999999,0.03076923076923077,1000,8
normalised,330,0.6790697039423734,0.038461538461538464,1000,10
normalised,340,0.9999999999999997,0.023076923076923078,1000,6
normalised,350,0.5164325183823973,0.026923076923076925,1000,7
normalised,360,0.36926357146236477,0.023076923076923078,1000,6
normalised,370,0.6385936273193827,0.019230769230769232,1000,5
normalised,380,0.6235590945935241,0.038461538461538464,1000,10
normalised,390,0.5393069112116622,0.023076923076923078,1000,6
normalised,400,0.7174113995175606,0.03461538461538462,1000,9
normalised,410,0.4993304865270344,0.038461538461538464,1000,10
normalised,420,0.7614917628708824,0.03076923076923077,1000,8
normalised,430,0.5817524340645096,0.04230769230769231,1000,11
normalised,440,0.2984174988269484,0.026923076923076925,1000,7
normalised,450,0.9999999999999998,0.023076923076923078,1000,6
normalised,460,0.5273532851366272,0.03461538461538462,1000,9
normalised,470,0.5215830471256921,0.04230769230769231,1000,11
normalised,480,0.5965813429838134,0.03461538461538462,1000,9
normalised,490,0.7013175170281691,0.04230769230769231,1000,11
normalised,500,0.8342537382832208,0.023076923076923078,1000,6
normalised,510,0.7120594704732588,0.04230769230769231,1000,11
normalised,520,0.24971549176223445,0.04230769230769231,1000,11
normalised,530,0.7144340167993815,0.04230769230769231,1000,11
normalised,540,0.26939927045341266,0.038461538461538464,1000,10
normalised,550,0.937721365563416,0.04230769230769231,1000,11
normalised,560,0.6633417772880242,0.04230769230769231,1000,11
normalised,570,0.7186993777441997,0.026923076923076925,1000,7
normalised,580,0.6474665380873585,0.04230769230769231,1000,11
normalised,590,0.28581884224532506,0.038461538461538464,1000,10
normalised,600,0.5166110491233951,0.04230769230769231,1000,11
normalised,610,0.6224274234053613,0.03076923076923077,1000,8
normalised,620,0.3782082837246884,0.023076923076923078,1000,6
normalised,630,0.3865670525636883,0.04230769230769231,1000,11
normalised,640,0.4008820021162116,0.04230769230769231,1000,11
normalised,650,0.7405661370288997,0.04230769230769231,1000,11
normalised,660,0.3326977996029647,0.038461538461538464,1000,10
normalised,670,0.6968074400613347,0.03461538461538462,1000,9
normalised,680,0.60170851139902,0.04230769230769231,1000,11
normalised,690,0.7956095164796493,0.03461538461538462,1000,9
normalised,700,0.18379458640109697,0.026923076923076925,1000,7
normalised,710,0.2587281785186661,0.023076923076923078,1000,6
normalised,720,0.9999999999999996,0.026923076923076925,1000,7
normalised,730,0.37850896719440963,0.04230769230769231,1000,11
normalised,740,0.7876842463714762,0.04230769230769231,1000,11
normalised,750,0.20423733421857368,0.038461538461538464,1000,10
normalised,760,0.643459350933751,0.038461538461538464,1000,10
normalised,770,0.6301227451667525,0.038461538461538464,1000,10
normalised,780,0.4840559183105656,0.023076923076923078,1000,6
normalised,790,0.7787153057658592,0.04230769230769231,1000,11
normalised,800,0.3584603175587309,0.04230769230769231,1000,11
normalised,10,0.29766816346538333,0.04230769230769231,1001,11
normalised,20,0.4173615575133908,0.04230769230769231,1001,11
normalised,30,0.7034918363993109,0.04230769230769231,1001,11
normalised,40,0.5264392886686621,0.04230769230769231,1001,11
normalised,50,0.801534402019367,0.04230769230769231,1001,11
normalised,60,0.5828661074291667,0.03461538461538462,1001,9
normalised,70,0.875132261548565,0.03461538461538462,1001,9
normalised,80,0.4145006298326147,0.04230769230769231,1001,11
normalised,90,0.44567471821280286,0.04230769230769231,1001,11
normalised,100,0.4110069359582358,0.03461538461538462,1001,9
normalised,110,0.32747354627118486,0.04230769230769231,1001,11
normalised,120,0.819619081202396,0.04230769230769231,1001,11
normalised,130,0.7500225428260118,0.026923076923076925,1001,7
normalised,140,0.23203364473838245,0.019230769230769232,1001,5
normalised,150,0.5373270478819082,0.038461538461538464,1001,10
normalised,160,0.9773721080612454,0.038461538461538464,1001,10
normalised,170,0.5139462034167384,0.038461538461538464,1001,10
normalised,180,0.5375782277439969,0.04230769230769231,1001,11
normalised,190,0.8095991220296838,0.04230769230769231,1001,11
normalised,200,0.4186765969242307,0.04230769230769231,1001,11
normalised,210,0.35549423507637534,0.026923076923076925,1001,7
normalised,220,0.862879025990362,0.038461538461538464,1001,10
normalised,230,0.9919582704920019,0.019230769230769232,1001,5
normalised,240,0.7302399028094576,0.04230769230769231,1001,11
normalised,250,0.7867563609446675,0.015384615384615385,1001,4
normalised,260,0.8821999369913245,0.026923076923076925,1001,7
normalised,270,0.9996954151557356,0.03076923076923077,1001,8
normalised,280,0.9658308758287535,0.038461538461538464,1001,10
normalised,290,0.6198493317544504,0.03461538461538462,1001,9
normalised,300,0.5317201376314812,0.03076923076923077,1001,8
normalised,310,0.5108078255677064,0.038461538461538464,1001,10
normalised,320,0.5236079245202278,0.04230769230769231,1001,11
normalised,330,0.7067475834258492,0.038461538461538464,1001,10
normalised,340,0.1647708988951672,0.03461538461538462,1001,9
normalised,350,0.5679155816623059,0.04230769230769231,1001,11
normalised,360,0.2122673721730473,0.03076923076923077,1001,8
normalised,370,0.30389923055749357,0.026923076923076925,1001,7
normalised,380,0.13455188832960388,0.015384615384615385,1001,4
normalised,390,0.5729174726850753,0.04230769230769231,1001,11
normalised,400,0.49859714832654534,0.04230769230769231,1001,11
normalised,410,0.6745087272290431,0.038461538461538464,1001,10
normalised,420,0.39524476689121996,0.04230769230769231,1001,11
normalised,430,0.7562917199206726,0.023076923076923078,1001,6
normalised,440,0.8263470465765965,0.04230769230769231,1001,11
normalised,450,0.2696735186417689,0.038461538461538464,1001,10
normalised,460,0.990041884478753,0.04230769230769231,1001,11
normalised,470,0.9685966028102817,0.04230769230769231,1001,11
normalised,480,0.9856783477073071,0.026923076923076925,1001,7
normalised,490,0.2254959502318994,0.03461538461538462,1001,9
normalised,500,0.4493682602870808,0.03461538461538462,1001,9
normalised,510,0.43599185253719097,0.03076923076923077,1001,8
normalised,520,0.4502904328304888,0.03461538461538462,1001,9
normalised,530,0.6493045092309147,0.038461538461538464,1001,10
normalised,540,0.6940199527253642,0.04230769230769231,1001,11
normalised,550,0.5055146111136594,0.015384615384615385,1001,4
normalised,560,0.9976074072136756,0.038461538461538464,1001,10
normalised,570,0.7524269715781282,0.04230769230769231,1001,11
normalised,580,0.5179717591212283,0.038461538461538464,1001,10
normalised,590,0.2394532748717061,0.04230769230769231,1001,11
normalised,600,0.609824450093255,0.04230769230769231,1001,11
normalised,610,0.5000054181241163,0.019230769230769232,1001,5
normalised,620,0.8353598426183456,0.038461538461538464,1001,10
normalised,630,0.4983432924362379,0.038461538461538464,1001,10
normalised,640,0.7074222183151362,0.038461538461538464,1001,10
normalised,650,0.46736230690305486,0.04230769230769231,1001,11
normalised,660,0.8028593255570347,0.03461538461538462,1001,9
normalised,670,0.49522554834717675,0.04230769230769231,1001,11
normalised,680,0.6730909742843721,0.026923076923076925,1001,7
normalised,690,0.8023507353449391,0.011538461538461539,1001,3
normalised,700,0.850732461798493,0.026923076923076925,1001,7
normalised,710,0.7407054262596745,0.023076923076923078,1001,6
normalised,720,0.5521090925182199,0.04230769230769231,1001,11
normalised,730,0.8740705171571442,0.04230769230769231,1001,11
normalised,740,0.35898774393232785,0.03461538461538462,1001,9
normalised,750,0.22758336296897597,0.023076923076923078,1001,6
normalised,760,0.6872068729163516,0.038461538461538464,1001,10
normalised,770,0.6897852786460256,0.038461538461538464,1001,10
normalised,780,0.9172756297276512,0.03461538461538462,1001,9
normalised,790,0.8742375484634783,0.04230769230769231,1001,11
normalised,800,0.3379116322945715,0.038461538461538464,1001,10
normalised,10,0.27006944559509527,0.04230769230769231,1002,11
normalised,20,0.6579528478242138,0.04230769230769231,1002,11
normalised,30,0.6294935177371495,0.03461538461538462,1002,9
normalised,40,0.3187068025848962,0.03461538461538462,1002,9
normalised,50,0.4263706646349834,0.04230769230769231,1002,11
normalised,60,0.5378736902917097,0.04230769230769231,1002,11
normalised,70,0.5504255593898552,0.04230769230769231,1002,11
normalised,80,0.999825875414793,0.04230769230769231,1002,11
normalised,90,0.4363760555250047,0.04230769230769231,1002,11
normalised,100,0.7848374857946052,0.04230769230769231,1002,11
normalised,110,0.8013660947507761,0.023076923076923078,1002,6
normalised,120,0.595015328826312,0.026923076923076925,1002,7
normalised,130,0.6562661140245206,0.04230769230769231,1002,11
normalised,140,0.6146981575817889,0.04230769230769231,1002,11
normalised,150,0.5778542021553951,0.04230769230769231,1002,11
normalised,160,0.444907062116006,0.038461538461538464,1002,10
normalised,170,0.5538655498391364,0.04230769230769231,1002,11
normalised,180,0.8126235802789522,0.04230769230769231,1002,11
normalised,190,0.8739068588528371,0.03076923076923077,1002,8
normalised,200,0.5268780871660274,0.019230769230769232,1002,5
normalised,210,0.5256286953521048,0.038461538461538464,1002,10
normalised,220,0.26480881433233655,0.03461538461538462,1002,9
normalised,230,0.8603475074963991,0.038461538461538464,1002,10
normalised,240,0.7140724345101918,0.04230769230769231,1002,11
normalised,250,0.5321694109341946,0.04230769230769231,1002,11
normalised,260,0.7740824572294709,0.04230769230769231,1002,11
normalised,270,0.6290163516948156,0.038461538461538464,1002,10
normalised,280,0.6753571541313809,0.038461538461538464,1002,10
normalised,290,0.4830003666345163,0.023076923076923078,1002,6
normalised,300,0.5103315600628308,0.038461538461538464,1002,10
normalised,310,0.8345478723868109,0.03461538461538462,1002,9
normalised,320,0.3961975589537492,0.026923076923076925,1002,7
normalised,330,0.3342550055336101,0.04230769230769231,1002,11
normalised,340,0.9578009148452326,0.03076923076923077,1002,8
normalised,350,0.4277590255366018,0.04230769230769231,1002,11
normalised,360,0.7148973966108894,0.026923076923076925,1002,7
normalised,370,0.4004699327004664,0.04230769230769231,1002,11
normalised,380,0.46864024044386704,0.03461538461538462,1002,9
normalised,390,0.5009990703019238,0.023076923076923078,1002,6
normalised,400,0.9999999999999998,0.026923076923076925,1002,7
normalised,410,0.5578431923493512,0.04230769230769231,1002,11
normalised,420,0.9985834751759833,0.03461538461538462,1002,9
normalised,430,0.6545538180908629,0.038461538461538464,1002,10
normalised,440,0.5480469940353329,0.04230769230769231,1002,11
normalised,450,0.9999999999999999,0.023076923076923078,1002,6
normalised,460,0.559066280901749,0.03461538461538462,1002,9
normalised,470,0.7313126723096308,0.038461538461538464,1002,10
normalised,480,0.3139767716516274,0.04230769230769231,1002,11
normalised,490,0.5272530784641419,0.04230769230769231,1002,11
normalised,500,0.6226689103622083,0.04230769230769231,1002,11
normalised,510,0.4068846469406855,0.04230769230769231,1002,11
normalised,520,0.5982026160538709,0.038461538461538464,1002,10
normalised,530,0.6058906605224951,0.04230769230769231,1002,11
normalised,540,0.3444181767411596,0.03076923076923077,1002,8
normalised,550,0.7892648449722609,0.038461538461538464,1002,10
normalised,560,0.5185231481634733,0.04230769230769231,1002,11
normalised,570,0.3831769116659328,0.04230769230769231,1002,11
normalised,580,0.46087181457802523,0.015384615384615385,1002,4
normalised,590,0.301086177101947,0.026923076923076925,1002,7
normalised,600,0.41028571733426505,0.04230769230769231,1002,11
normalised,610,0.5162960857404043,0.04230769230769231,1002,11
normalised,620,0.4309202172614202,0.019230769230769232,1002,5
normalised,630,0.44025071140369004,0.04230769230769231,1002,11
normalised,640,0.6764689672740567,0.026923076923076925,1002,7
normalised,650,0.9180195328429921,0.03461538461538462,1002,9
normalised,660,0.6742924367314496,0.03461538461538462,1002,9
normalised,670,0.5987669345703001,0.026923076923076925,1002,7
normalised,680,0.4283168031582856,0.04230769230769231,1002,11
normalised,690,0.4792199289959772,0.04230769230769231,1002,11
normalised,700,0.7344486976994179,0.04230769230769231,1002,11
normalised,710,0.15265864087750247,0.03461538461538462,1002,9
normalised,720,0.4628002334565149,0.03461538461538462,1002,9
normalised,730,0.7011239068008788,0.03076923076923077,1002,8
normalised,740,0.7581669628285699,0.026923076923076925,1002,7
normalised,750,0.49501465341671225,0.04230769230769231,1002,11
normalised,760,0.4906687726791157,0.038461538461538464,1002,10
normalised,770,0.29303885366388976,0.026923076923076925,1002,7
normalised,780,0.8083360793689869,0.03076923076923077,1002,8
normalised,790,0.41038781958418336,0.04230769230769231,1002,11
normalised,800,0.6756639134011957,0.019230769230769232,1002,5
normalised,10,0.6160481168115765,0.04230769230769231,1003,11
normalised,20,0.6667145582695022,0.04230769230769231,1003,11
normalised,30,0.5549290925049025,0.04230769230769231,1003,11
normalised,40,0.7696375385984274,0.04230769230769231,1003,11
normalised,50,1.0,0.023076923076923078,1003,6
normalised,60,0.6673001853286262,0.04230769230769231,1003,11
normalised,70,0.558327901366484,0.04230769230769231,1003,11
normalised,80,0.5964318789679803,0.04230769230769231,1003,11
normalised,90,0.8102991282912213,0.038461538461538464,1003,10
normalised,100,1.0000000000000002,0.026923076923076925,1003,7
normalised,110,0.5053398878016309,0.03076923076923077,1003,8
normalised,120,0.5964116748566016,0.03461538461538462,1003,9
normalised,130,0.7744409689872803,0.038461538461538464,1003,10
normalised,140,0.43799644345607314,0.04230769230769231,1003,11
normalised,150,0.8379417809725505,0.019230769230769232,1003,5
normalised,160,0.5993114579003787,0.038461538461538464,1003,10
normalised,170,0.46598004157810746,0.026923076923076925,1003,7
normalised,180,0.6884089807704021,0.04230769230769231,1003,11
normalised,190,0.7123493012667541,0.023076923076923078,1003,6
normalised,200,0.38239386005442966,0.03076923076923077,1003,8
normalised,210,0.6779062477898327,0.04230769230769231,1003,11
normalised,220,0.6171104101653342,0.038461538461538464,1003,10
normalised,230,0.2979449711254943,0.038461538461538464,1003,10
normalised,240,0.3664916375163688,0.04230769230769231,1003,11
normalised,250,0.9583570875818275,0.038461538461538464,1003,10
normalised,260,0.7483427264474415,0.04230769230769231,1003,11
normalised,270,0.9999999999999994,0.03461538461538462,1003,9
normalised,280,0.8345902217413963,0.038461538461538464,1003,10
normalised,290,0.6300980274106585,0.04230769230769231,1003,11
normalised,300,0.7631111987855361,0.026923076923076925,1003,7
normalised,310,0.4289463630414756,0.04230769230769231,1003,11
normalised,320,0.6682234803106158,0.038461538461538464,1003,10
normalised,330,0.9996865231311937,0.026923076923076925,1003,7
normalised,340,0.7721629031100568,0.015384615384615385,1003,4
normalised,350,0.8820382350966799,0.04230769230769231,1003,11
normalised,360,0.46413425847708517,0.03076923076923077,1003,8
normalised,370,0.5306339662988293,0.04230769230769231,1003,11
normalised,380,0.3356145873405023,0.015384615384615385,1003,4
normalised,390,0.9999976666092452,0.03076923076923077,1003,8
normalised,400,0.3529599336592397,0.038461538461538464,1003,10
normalised,410,0.4213744680901513,0.03076923076923077,1003,8
normalised,420,0.8309882324762468,0.023076923076923078,1003,6
normalised,430,0.6734774117625416,0.04230769230769231,1003,11
normalised,440,0.9927308961020698,0.03461538461538462,1003,9
normalised,450,0.6548961856875629,0.04230769230769231,1003,11
normalised,460,0.732926985623134,0.038461538461538464,1003,10
normalised,470,0.5167239016676317,0.015384615384615385,1003,4
normalised,480,0.37128168745665807,0.04230769230769231,1003,11
normalised,490,0.44792914544698553,0.04230769230769231,1003,11
normalised,500,0.4172720673466707,0.04230769230769231,1003,11
normalised,510,0.9996732948385385,0.03076923076923077,1003,8
normalised,520,0.46125891045719963,0.04230769230769231,1003,11
normalised,530,0.7427024235695021,0.04230769230769231,1003,11
normalised,540,0.7112881676582324,0.03461538461538462,1003,9
normalised,550,0.5599813552014884,0.04230769230769231,1003,11
normalised,560,0.9526040462666299,0.026923076923076925,1003,7
normalised,570,0.5067893695855807,0.015384615384615385,1003,4
normalised,580,0.6252650960177081,0.04230769230769231,1003,11
normalised,590,0.9951766297034292,0.03076923076923077,1003,8
normalised,600,0.41683548246262614,0.038461538461538464,1003,10
normalised,610,0.4115265932559841,0.026923076923076925,1003,7
normalised,620,0.45661759532540175,0.04230769230769231,1003,11
normalised,630,0.6175425267255193,0.026923076923076925,1003,7
normalised,640,0.3861752301941792,0.038461538461538464,1003,10
normalised,650,0.9297092727176132,0.04230769230769231,1003,11
normalised,660,0.43932653899930485,0.04230769230769231,1003,11
normalised,670,0.4194340848649556,0.04230769230769231,1003,11
normalised,680,0.693898587887801,0.04230769230769231,1003,11
normalised,690,0.5406622342432671,0.03076923076923077,1003,8
normalised,700,0.895555822491936,0.04230769230769231,1003,11
normalised,710,1.0,0.026923076923076925,1003,7
normalised,720,0.22934393000267253,0.019230769230769232,1003,5
normalised,730,0.7050358227082208,0.04230769230769231,1003,11
normalised,740,0.9996931204179936,0.03461538461538462,1003,9
normalised,750,0.9256069473005449,0.03076923076923077,1003,8
normalised,760,0.6187041015062357,0.04230769230769231,1003,11
normalised,770,0.41878333532944884,0.04230769230769231,1003,11
normalised,780,0.7529012267277237,0.019230769230769232,1003,5
normalised,790,0.5457717984677173,0.03076923076923077,1003,8
normalised,800,0.3769233569202041,0.04230769230769231,1003,11
normalised,10,0.3655230237828589,0.04230769230769231,1004,11
normalised,20,0.5780375260477393,0.04230769230769231,1004,11
normalised,30,0.7306354162568449,0.04230769230769231,1004,11
normalised,40,0.8869290741187599,0.04230769230769231,1004,11
normalised,50,0.9999999999999998,0.026923076923076925,1004,7
normalised,60,0.8022372646794478,0.038461538461538464,1004,10
normalised,70,0.8494191627250934,0.026923076923076925,1004,7
normalised,80,0.40716167503919665,0.04230769230769231,1004,11
normalised,90,0.49881886007280346,0.038461538461538464,1004,10
normalised,100,0.5754223863325822,0.04230769230769231,1004,11
normalised,110,0.7321359523517823,0.04230769230769231,1004,11
normalised,120,0.24854426862950302,0.03076923076923077,1004,8
normalised,130,0.6545702408412036,0.04230769230769231,1004,11
normalised,140,0.8970263364532409,0.04230769230769231,1004,11
normalised,150,0.719467272911147,0.04230769230769231,1004,11
normalised,160,0.47681428369299195,0.038461538461538464,1004,10
normalised,170,1.0000000000000004,0.026923076923076925,1004,7
normalised,180,0.5236481799845585,0.04230769230769231,1004,11
normalised,190,0.7383837801447192,0.038461538461538464,1004,10
normalised,200,0.6606424824298184,0.038461538461538464,1004,10
normalised,210,0.909829689093625,0.038461538461538464,1004,10
normalised,220,0.5990849747674324,0.04230769230769231,1004,11
normalised,230,0.38994737553437975,0.04230769230769231,1004,11
normalised,240,0.38066341156423655,0.04230769230769231,1004,11
normalised,250,0.8044679091244786,0.023076923076923078,1004,6
normalised,260,0.6295783630373036,0.03461538461538462,1004,9
normalised,270,0.6389000583422609,0.04230769230769231,1004,11
normalised,280,0.8220829753831932,0.038461538461538464,1004,10
normalised,290,0.7951268953818952,0.038461538461538464,1004,10
normalised,300,0.8852668894034743,0.026923076923076925,1004,7
normalised,310,0.21586588232088086,0.026923076923076925,1004,7
normalised,320,0.9760829646928652,0.023076923076923078,1004,6
normalised,330,0.8050276570656962,0.038461538461538464,1004,10
normalised,340,0.6271129133228055,0.03076923076923077,1004,8
normalised,350,0.42743614239173655,0.038461538461538464,1004,10
normalised,360,0.23722548747586977,0.04230769230769231,1004,11
normalised,370,0.841883557618042,0.03076923076923077,1004,8
normalised,380,0.441509159364144,0.03461538461538462,1004,9
normalised,390,0.7579667220559033,0.023076923076923078,1004,6
normalised,400,0.7607464727834778,0.038461538461538464,1004,10
normalised,410,0.5825073662067415,0.04230769230769231,1004,11
normalised,420,0.41404770980727984,0.026923076923076925,1004,7
normalised,430,0.3728046247233105,0.038461538461538464,1004,10
normalised,440,0.2592206682091314,0.026923076923076925,1004,7
normalised,450,0.8756623850169587,0.03076923076923077,1004,8
normalised,460,0.5188839144637155,0.03461538461538462,1004,9
normalised,470,0.9999999999999998,0.015384615384615385,1004,4
normalised,480,0.9309219304489189,0.038461538461538464,1004,10
normalised,490,0.7196881219609367,0.038461538461538464,1004,10
normalised,500,0.5050587650744316,0.019230769230769232,1004,5
normalised,510,0.6310319540296222,0.038461538461538464,1004,10
normalised,520,0.8664314874721711,0.04230769230769231,1004,11
normalised,530,0.7739535694747536,0.04230769230769231,1004,11
normalised,540,0.22521588248304375,0.023076923076923078,1004,6
normalised,550,0.31502993660854794,0.04230769230769231,1004,11
normalised,560,0.8740990179450991,0.03076923076923077,1004,8
normalised,570,0.5689050207564561,0.04230769230769231,1004,11
normalised,580,0.6510903652746791,0.038461538461538464,1004,10
normalised,590,0.4933928580729715,0.04230769230769231,1004,11
normalised,600,0.3934202855577813,0.026923076923076925,1004,7
normalised,610,0.5505525539435359,0.023076923076923078,1004,6
normalised,620,0.6664609648700832,0.04230769230769231,1004,11
normalised,630,0.8200928981836733,0.019230769230769232,1004,5
normalised,640,0.5107166360698794,0.04230769230769231,1004,11
normalised,650,0.6378423599741629,0.038461538461538464,1004,10
normalised,660,0.29638352384490707,0.023076923076923078,1004,6
normalised,670,0.9147605130409246,0.04230769230769231,1004,11
normalised,680,0.5196204064965493,0.038461538461538464,1004,10
normalised,690,0.4264293143979414,0.038461538461538464,1004,10
normalised,700,0.8494062291317453,0.04230769230769231,1004,11
normalised,710,0.45655847693962626,0.019230769230769232,1004,5
normalised,720,0.36588358560158246,0.03461538461538462,1004,9
normalised,730,0.5242343965587388,0.04230769230769231,1004,11
normalised,740,0.26384042125783513,0.04230769230769231,1004,11
normalised,750,0.5656558232549135,0.04230769230769231,1004,11
normalised,760,0.7358860641778272,0.04230769230769231,1004,11
normalised,770,0.6275026751024545,0.03076923076923077,1004,8
normalised,780,0.3115944263248331,0.03461538461538462,1004,9
normalised,790,0.3640022873703702,0.026923076923076925,1004,7
normalised,800,0.37401714720327567,0.04230769230769231,1004,11
normalised,10,0.442896715936684,0.04230769230769231,1005,11
normalised,20,0.42703686807081565,0.04230769230769231,1005,11
normalised,30,0.4385477843675831,0.038461538461538464,1005,10
normalised,40,0.4857343481083589,0.038461538461538464,1005,10
normalised,50,0.9922393985837308,0.04230769230769231,1005,11
normalised,60,0.5575721354682245,0.04230769230769231,1005,11
normalised,70,0.39526598983344385,0.023076923076923078,1005,6
normalised,80,0.5442713418056158,0.04230769230769231,1005,11
normalised,90,0.6718227675925856,0.03076923076923077,1005,8
normalised,100,0.4796624611921156,0.04230769230769231,1005,11
normalised,110,0.9825482253133564,0.038461538461538464,1005,10
normalised,120,0.6506580147872869,0.04230769230769231,1005,11
normalised,130,0.47380354462877644,0.03461538461538462,1005,9
normalised,140,0.7954285947889962,0.04230769230769231,1005,11
normalised,150,0.36190797809089054,0.04230769230769231,1005,11
normalised,160,0.5434294284836214,0.04230769230769231,1005,11
normalised,170,0.49162187574908267,0.04230769230769231,1005,11
normalised,180,0.9091519068136578,0.038461538461538464,1005,10
normalised,190,0.5950150653241519,0.038461538461538464,1005,10
normalised,200,0.6253863890021001,0.038461538461538464,1005,10
normalised,210,0.6340311299969336,0.04230769230769231,1005,11
normalised,220,0.3863035892262405,0.026923076923076925,1005,7
normalised,230,0.7501197721837101,0.03076923076923077,1005,8
normalised,240,0.5607316267011979,0.038461538461538464,1005,10
normalised,250,0.22976696195532625,0.026923076923076925,1005,7
normalised,260,0.8340574249820294,0.03076923076923077,1005,8
normalised,270,0.6836996324017823,0.03076923076923077,1005,8
normalised,280,0.6939268528647736,0.03461538461538462,1005,9
normalised,290,0.4194978081732304,0.04230769230769231,1005,11
normalised,300,0.7013320491220068,0.026923076923076925,1005,7
normalised,310,0.4543090897191598,0.03461538461538462,1005,9
normalised,320,0.5482425634394659,0.04230769230769231,1005,11
normalised,330,0.5912431278253177,0.04230769230769231,1005,11
normalised,340,0.6094392700789719,0.023076923076923078,1005,6
normalised,350,0.8436067838589276,0.038461538461538464,1005,10
normalised,360,0.3113174773290355,0.03461538461538462,1005,9
normalised,370,0.2914029243086446,0.038461538461538464,1005,10
normalised,380,0.698849682658722,0.04230769230769231,1005,11
normalised,390,0.39129086094182847,0.03076923076923077,1005,8
normalised,400,0.6859661442933267,0.03461538461538462,1005,9
normalised,410,0.5195147882577337,0.04230769230769231,1005,11
normalised,420,0.5129864242965069,0.04230769230769231,1005,11
normalised,430,0.25755538441803144,0.015384615384615385,1005,4
normalised,440,0.6737188680054637,0.04230769230769231,1005,11
normalised,450,0.9305348183455352,0.03461538461538462,1005,9
normalised,460,0.6913913892324652,0.03461538461538462,1005,9
normalised,470,0.68129350926729,0.03076923076923077,1005,8
normalised,480,1.0,0.03461538461538462,1005,9
normalised,490,0.443340040112882,0.03076923076923077,1005,8
normalised,500,1.0000000000000007,0.023076923076923078,1005,6
normalised,510,0.3208943407470706,0.04230769230769231,1005,11
normalised,520,0.5183095673773693,0.038461538461538464,1005,10
normalised,530,0.5085716004469378,0.038461538461538464,1005,10
normalised,540,0.6659922416219685,0.04230769230769231,1005,11
normalised,550,0.34030794474233195,0.019230769230769232,1005,5
normalised,560,0.6454887528971087,0.038461538461538464,1005,10
normalised,570,0.5069464548098365,0.038461538461538464,1005,10
normalised,580,0.3994338271157737,0.04230769230769231,1005,11
normalised,590,0.7284181961171133,0.038461538461538464,1005,10
normalised,600,0.6483592284511898,0.04230769230769231,1005,11
normalised,610,0.764972214663546,0.04230769230769231,1005,11
normalised,620,0.9999969687544967,0.03461538461538462,1005,9
normalised,630,0.4941411803864785,0.026923076923076925,1005,7
normalised,640,0.6017805440837227,0.04230769230769231,1005,11
normalised,650,0.42978060435551246,0.038461538461538464,1005,10
normalised,660,0.41298906543234615,0.04230769230769231,1005,11
normalised,670,1.0000000000000004,0.026923076923076925,1005,7
normalised,680,0.5440026299945132,0.04230769230769231,1005,11
normalised,690,0.8039965319734333,0.023076923076923078,1005,6
normalised,700,0.7172130782591221,0.04230769230769231,1005,11
normalised,710,0.8542107706637303,0.03461538461538462,1005,9
normalised,720,0.6924740727084407,0.03076923076923077,1005,8
normalised,730,0.5042780657637422,0.04230769230769231,1005,11
normalised,740,0.8076917947782543,0.03461538461538462,1005,9
normalised,750,0.3131861360222628,0.038461538461538464,1005,10
normalised,760,0.5010236810026184,0.04230769230769231,1005,11
normalised,770,0.7976623465307777,0.038461538461538464,1005,10
normalised,780,0.3379815072649597,0.038461538461538464,1005,10
normalised,790,0.4935188518045435,0.03076923076923077,1005,8
normalised,800,0.5592264149552995,0.019230769230769232,1005,5
normalised,10,0.31473322188814756,0.04230769230769231,1006,11
normalised,20,0.6796841842487744,0.026923076923076925,1006,7
normalised,30,0.7104906916785715,0.04230769230769231,1006,11
normalised,40,0.7497632106896024,0.038461538461538464,1006,10
normalised,50,0.5301511712211128,0.04230769230769231,1006,11
normalised,60,0.44770727543240463,0.04230769230769231,1006,11
normalised,70,0.5174863223909507,0.04230769230769231,1006,11
normalised,80,0.1235655417328579,0.03076923076923077,1006,8
normalised,90,0.45955693140666415,0.04230769230769231,1006,11
normalised,100,0.489440194667652,0.04230769230769231,1006,11
normalised,110,0.5000856273427592,0.03461538461538462,1006,9
normalised,120,0.43117648190982044,0.03076923076923077,1006,8
normalised,130,0.92504235190127,0.03076923076923077,1006,8
normalised,140,0.3080405958078719,0.04230769230769231,1006,11
normalised,150,0.5158966350706293,0.04230769230769231,1006,11
normalised,160,0.7522307087618805,0.04230769230769231,1006,11
normalised,170,0.21617149319317389,0.026923076923076925,1006,7
normalised,180,0.9245345566609076,0.04230769230769231,1006,11
normalised,190,0.3333333333333334,0.011538461538461539,1006,3
normalised,200,0.5651021240232406,0.04230769230769231,1006,11
normalised,210,0.5618753657623177,0.04230769230769231,1006,11
normalised,220,0.39519701524867756,0.04230769230769231,1006,11
normalised,230,0.8958163778174988,0.04230769230769231,1006,11
normalised,240,0.2765878931152444,0.023076923076923078,1006,6
normalised,250,0.6604832240832954,0.04230769230769231,1006,11
normalised,260,0.43120152814031076,0.03076923076923077,1006,8
normalised,270,1.0000000000000009,0.03076923076923077,1006,8
normalised,280,0.7092953831406297,0.03076923076923077,1006,8
normalised,290,0.7268547285917366,0.04230769230769231,1006,11
normalised,300,0.7240248102758853,0.03461538461538462,1006,9
normalised,310,0.5381630218335023,0.03461538461538462,1006,9
normalised,320,0.37148452954794847,0.04230769230769231,1006,11
normalised,330,0.638427153459581,0.04230769230769231,1006,11
normalised,340,0.8933643441857388,0.03461538461538462,1006,9
normalised,350,0.524230214303262,0.04230769230769231,1006,11
normalised,360,0.9362310232193465,0.038461538461538464,1006,10
normalised,370,0.7545824204363591,0.026923076923076925,1006,7
normalised,380,0.5202676999138254,0.04230769230769231,1006,11
normalised,390,0.7215184465120578,0.04230769230769231,1006,11
normalised,400,0.8501679221730445,0.04230769230769231,1006,11
normalised,410,0.9178402390367717,0.03461538461538462,1006,9
normalised,420,0.519880921461368,0.03076923076923077,1006,8
normalised,430,0.4012402683784958,0.026923076923076925,1006,7
normalised,440,0.24953232251218002,0.015384615384615385,1006,4
normalised,450,0.7388979060658856,0.038461538461538464,1006,10
normalised,460,0.5726378438472128,0.04230769230769231,1006,11
normalised,470,0.5776230446117182,0.04230769230769231,1006,11
normalised,480,0.269862885600863,0.03076923076923077,1006,8
normalised,490,0.8616964733176364,0.04230769230769231,1006,11
normalised,500,0.8499302452661738,0.015384615384615385,1006,4
normalised,510,0.5922509518544354,0.038461538461538464,1006,10
normalised,520,0.42006829655225525,0.03076923076923077,1006,8
normalised,530,0.887947335190564,0.038461538461538464,1006,10
normalised,540,0.12499356930661604,0.011538461538461539,1006,3
normalised,550,0.7108730068354122,0.038461538461538464,1006,10
normalised,560,0.6319694677292709,0.04230769230769231,1006,11
normalised,570,0.5251239703025278,0.03461538461538462,1006,9
normalised,580,0.4624735673660864,0.038461538461538464,1006,10
normalised,590,0.5560607663426957,0.04230769230769231,1006,11
normalised,600,0.4223461692794131,0.023076923076923078,1006,6
normalised,610,0.38887375646866723,0.03076923076923077,1006,8
normalised,620,0.36195899834738976,0.038461538461538464,1006,10
normalised,630,0.9035670802230898,0.03461538461538462,1006,9
normalised,640,0.681262420530941,0.04230769230769231,1006,11
normalised,650,0.2527194317089262,0.007692307692307693,1006,2
normalised,660,0.9143725897565391,0.019230769230769232,1006,5
normalised,670,0.5967956965554863,0.04230769230769231,1006,11
normalised,680,0.8936930616174811,0.038461538461538464,1006,10
normalised,690,0.46172831456912317,0.038461538461538464,1006,10
normalised,700,0.723584281437045,0.03076923076923077,1006,8
normalised,710,0.8482473035685004,0.04230769230769231,1006,11
normalised,720,0.4413351227483996,0.038461538461538464,1006,10
normalised,730,0.9502394240338436,0.038461538461538464,1006,10
normalised,740,0.7936376741967146,0.04230769230769231,1006,11
normalised,750,0.666704835756791,0.03076923076923077,1006,8
normalised,760,0.3987993622666111,0.03461538461538462,1006,9
normalised,770,0.6368617305472697,0.026923076923076925,1006,7
normalised,780,0.9999999999999998,0.03461538461538462,1006,9
normalised,790,0.35401227780532696,0.038461538461538464,1006,10
normalised,800,0.764090245744437,0.03461538461538462,1006,9
normalised,10,0.35090583085930477,0.04230769230769231,1007,11
normalised,20,0.5709854957772653,0.04230769230769231,1007,11
normalised,30,0.7039535717231247,0.04230769230769231,1007,11
normalised,40,0.9999989730106439,0.03076923076923077,1007,8
normalised,50,0.5430180163014232,0.038461538461538464,1007,10
normalised,60,0.5172202569319299,0.019230769230769232,1007,5
normalised,70,0.7649297438880195,0.04230769230769231,1007,11
normalised,80,0.37951916429760363,0.019230769230769232,1007,5
normalised,90,0.9999999999999999,0.03461538461538462,1007,9
normalised,100,0.6386668725954755,0.023076923076923078,1007,6
normalised,110,0.9734363026656896,0.026923076923076925,1007,7
normalised,120,1.0000000000000004,0.03076923076923077,1007,8
normalised,130,0.513916194659074,0.03461538461538462,1007,9
normalised,140,0.5441410146249529,0.03461538461538462,1007,9
normalised,150,0.784615998280078,0.04230769230769231,1007,11
normalised,160,0.6841360723275697,0.03076923076923077,1007,8
normalised,170,0.7119565285139545,0.04230769230769231,1007,11
normalised,180,0.9625782485753981,0.038461538461538464,1007,10
normalised,190,0.4810899340575706,0.04230769230769231,1007,11
normalised,200,0.8781019568313528,0.03461538461538462,1007,9
normalised,210,0.7727405820595141,0.026923076923076925,1007,7
normalised,220,0.7930171912663442,0.04230769230769231,1007,11
normalised,230,0.82743880984014,0.038461538461538464,1007,10
normalised,240,0.5200074727706814,0.04230769230769231,1007,11
normalised,250,0.45106624665810474,0.04230769230769231,1007,11
normalised,260,0.49630170282940256,0.04230769230769231,1007,11
normalised,270,0.83635621572353,0.026923076923076925,1007,7
normalised,280,0.5534809769132775,0.04230769230769231,1007,11
normalised,290,0.3744651672633074,0.03461538461538462,1007,9
normalised,300,0.5131172536547969,0.04230769230769231,1007,11
normalised,310,0.40135992563867334,0.023076923076923078,1007,6
normalised,320,0.5800026255367168,0.026923076923076925,1007,7
normalised,330,0.7740546475869847,0.03461538461538462,1007,9
normalised,340,0.5070537602670995,0.04230769230769231,1007,11
normalised,350,0.5722007970937376,0.04230769230769231,1007,11
normalised,360,0.5702456429661495,0.04230769230769231,1007,11
normalised,370,0.4561184255260378,0.04230769230769231,1007,11
normalised,380,0.9999999999999999,0.03461538461538462,1007,9
normalised,390,0.5880172833341167,0.023076923076923078,1007,6
normalised,400,0.6231354764934475,0.038461538461538464,1007,10
normalised,410,0.8752073242311302,0.04230769230769231,1007,11
normalised,420,0.7323807516268636,0.03461538461538462,1007,9
normalised,430,0.29109709525965105,0.04230769230769231,1007,11
normalised,440,0.7881046302590802,0.04230769230769231,1007,11
normalised,450,0.5445572723403542,0.04230769230769231,1007,11
normalised,460,0.6717210252330946,0.04230769230769231,1007,11
normalised,470,0.7618825653847078,0.038461538461538464,1007,10
normalised,480,0.41097805696735784,0.026923076923076925,1007,7
normalised,490,0.5542441311989785,0.04230769230769231,1007,11
normalised,500,0.27683409051250146,0.03461538461538462,1007,9
normalised,510,0.9025792804909071,0.038461538461538464,1007,10
normalised,520,0.9351088482306428,0.038461538461538464,1007,10
normalised,530,0.2701389136689871,0.026923076923076925,1007,7
normalised,540,0.8743315454959906,0.038461538461538464,1007,10
normalised,550,0.8862907119418488,0.04230769230769231,1007,11
normalised,560,0.7514713533799056,0.04230769230769231,1007,11
normalised,570,0.3580469317516188,0.038461538461538464,1007,10
normalised,580,0.37046922997125425,0.023076923076923078,1007,6
normalised,590,0.2605925761644932,0.04230769230769231,1007,11
normalised,600,0.7277282710550123,0.03461538461538462,1007,9
normalised,610,0.540442818227977,0.04230769230769231,1007,11
normalised,620,0.8591441985081523,0.03461538461538462,1007,9
normalised,630,0.7108213132039491,0.038461538461538464,1007,10
normalised,640,0.40434840843709835,0.04230769230769231,1007,11
normalised,650,0.703918755938154,0.038461538461538464,1007,10
normalised,660,0.6915098930696251,0.03461538461538462,1007,9
normalised,670,0.6494133076050377,0.04230769230769231,1007,11
normalised,680,0.9999978776867277,0.026923076923076925,1007,7
normalised,690,0.9999999999999999,0.038461538461538464,1007,10
normalised,700,0.8607007661356645,0.038461538461538464,1007,10
normalised,710,0.7021992052446098,0.038461538461538464,1007,10
normalised,720,0.9898958043776608,0.03076923076923077,1007,8
normalised,730,0.6162556975895574,0.03076923076923077,1007,8
normalised,740,0.43979919319634164,0.04230769230769231,1007,11
normalised,750,0.8130960163642185,0.026923076923076925,1007,7
normalised,760,0.7068111336833824,0.04230769230769231,1007,11
normalised,770,0.21526047549057853,0.026923076923076925,1007,7
normalised,780,0.6605678197832958,0.023076923076923078,1007,6
normalised,790,0.39421442707074034,0.04230769230769231,1007,11
normalised,800,0.5252960838048234,0.04230769230769231,1007,11
normalised,10,0.34998138845863414,0.04230769230769231,1008,11
normalised,20,0.651976247885421,0.03461538461538462,1008,9
normalised,30,0.792680248402196,0.026923076923076925,1008,7
normalised,40,0.42967332949926945,0.04230769230769231,1008,11
normalised,50,0.5169989415948856,0.04230769230769231,1008,11
normalised,60,0.796276264678776,0.038461538461538464,1008,10
normalised,70,0.9341163640742334,0.03461538461538462,1008,9
normalised,80,0.7434611421592034,0.038461538461538464,1008,10
normalised,90,0.6353635212619464,0.038461538461538464,1008,10
normalised,100,0.8333333333333335,0.03076923076923077,1008,8
normalised,110,0.6289270793921683,0.04230769230769231,1008,11
normalised,120,0.8240343408692781,0.03461538461538462,1008,9
normalised,130,0.6030611695935142,0.03076923076923077,1008,8
normalised,140,0.36839766002365953,0.026923076923076925,1008,7
normalised,150,0.9784624463597418,0.04230769230769231,1008,11
normalised,160,0.3999129190587779,0.04230769230769231,1008,11
normalised,170,0.4283164979292781,0.038461538461538464,1008,10
normalised,180,0.7704976280788891,0.04230769230769231,1008,11
normalised,190,0.5062201224334981,0.04230769230769231,1008,11
normalised,200,0.4139701104801332,0.03076923076923077,1008,8
normalised,210,0.5252685417903514,0.04230769230769231,1008,11
normalised,220,0.5899526408396882,0.038461538461538464,1008,10
normalised,230,0.6957350729911576,0.04230769230769231,1008,11
normalised,240,0.3997223200279752,0.04230769230769231,1008,11
normalised,250,0.4069090144264713,0.04230769230769231,1008,11
normalised,260,0.5616889744592779,0.038461538461538464,1008,10
normalised,270,0.781751752915284,0.04230769230769231,1008,11
normalised,280,0.15081602019294116,0.026923076923076925,1008,7
normalised,290,0.5964419888157163,0.04230769230769231,1008,11
normalised,300,0.5884439016459956,0.026923076923076925,1008,7
normalised,310,0.8699286781196243,0.04230769230769231,1008,11
normalised,320,0.8043114283601391,0.03461538461538462,1008,9
normalised,330,0.6124479322312796,0.026923076923076925,1008,7
normalised,340,0.9852567774914471,0.03461538461538462,1008,9
normalised,350,0.32626666204650817,0.019230769230769232,1008,5
normalised,360,0.5326400881627192,0.04230769230769231,1008,11
normalised,370,0.6371990410963492,0.03076923076923077,1008,8
normalised,380,0.4251357617225809,0.038461538461538464,1008,10
normalised,390,0.9999999999999994,0.019230769230769232,1008,5
normalised,400,0.5593272864701848,0.04230769230769231,1008,11
normalised,410,0.5538938850580142,0.04230769230769231,1008,11
normalised,420,0.997449721566542,0.023076923076923078,1008,6
normalised,430,0.7160940135280602,0.03461538461538462,1008,9
normalised,440,0.34546017714101723,0.026923076923076925,1008,7
normalised,450,0.4359509343143157,0.04230769230769231,1008,11
normalised,460,0.9999999999999996,0.03076923076923077,1008,8
normalised,470,0.3012968640098233,0.03076923076923077,1008,8
normalised,480,0.5331872573803461,0.03461538461538462,1008,9
normalised,490,0.45977633820686914,0.04230769230769231,1008,11
normalised,500,0.4798076357358081,0.038461538461538464,1008,10
normalised,510,0.7500807001736078,0.023076923076923078,1008,6
normalised,520,0.32875321136470587,0.04230769230769231,1008,11
normalised,530,0.4447694012118664,0.019230769230769232,1008,5
normalised,540,0.614679756356467,0.04230769230769231,1008,11
normalised,550,0.5648342305658425,0.026923076923076925,1008,7
normalised,560,0.6702329744573071,0.026923076923076925,1008,7
normalised,570,0.8547176052329646,0.038461538461538464,1008,10
normalised,580,0.4201282136634628,0.04230769230769231,1008,11
normalised,590,0.6336552783955246,0.03461538461538462,1008,9
normalised,600,0.7449728177493324,0.04230769230769231,1008,11
normalised,610,0.8602479881876748,0.03076923076923077,1008,8
normalised,620,0.8556221840787125,0.023076923076923078,1008,6
normalised,630,0.7097338315752666,0.04230769230769231,1008,11
normalised,640,0.8139995098776321,0.026923076923076925,1008,7
normalised,650,0.6181837842581857,0.03461538461538462,1008,9
normalised,660,0.3065188116621265,0.026923076923076925,1008,7
normalised,670,0.5156453231733672,0.03076923076923077,1008,8
normalised,680,0.8812645957200512,0.038461538461538464,1008,10
normalised,690,0.514008490484895,0.04230769230769231,1008,11
normalised,700,0.7125823903982097,0.04230769230769231,1008,11
normalised,710,0.5225103671463722,0.038461538461538464,1008,10
normalised,720,0.35144778420895095,0.03076923076923077,1008,8
normalised,730,0.5070990636124707,0.023076923076923078,1008,6
normalised,740,0.5744354756171581,0.038461538461538464,1008,10
normalised,750,0.6085803964164357,0.04230769230769231,1008,11
normalised,760,0.9891911152510916,0.03076923076923077,1008,8
normalised,770,0.9999999999999998,0.026923076923076925,1008,7
normalised,780,0.48839582192352443,0.04230769230769231,1008,11
normalised,790,0.7131512996315055,0.04230769230769231,1008,11
normalised,800,0.6894864569126128,0.03076923076923077,1008,8
normalised,10,0.34004837146036865,0.04230769230769231,1009,11
normalised,20,0.46779566831902475,0.04230769230769231,1009,11
normalised,30,0.8429261937555156,0.03076923076923077,1009,8
normalised,40,0.277409609842218,0.038461538461538464,1009,10
normalised,50,0.4749469108854757,0.038461538461538464,1009,10
normalised,60,0.26379232925598994,0.04230769230769231,1009,11
normalised,70,0.5569816933521256,0.04230769230769231,1009,11
normalised,80,0.883846600614293,0.03461538461538462,1009,9
normalised,90,0.6514758917162508,0.04230769230769231,1009,11
normalised,100,0.8346355588872997,0.023076923076923078,1009,6
normalised,110,0.545087726921047,0.04230769230769231,1009,11
normalised,120,0.2726243324190958,0.015384615384615385,1009,4
normalised,130,0.5701737437354979,0.03076923076923077,1009,8
normalised,140,0.22028768974457202,0.026923076923076925,1009,7
normalised,150,1.000000000000001,0.03076923076923077,1009,8
normalised,160,0.5835355563946557,0.04230769230769231,1009,11
normalised,170,0.32543330742251997,0.019230769230769232,1009,5
normalised,180,0.8363703768193926,0.03461538461538462,1009,9
normalised,190,1.0,0.03076923076923077,1009,8
normalised,200,0.8700463128516946,0.038461538461538464,1009,10
normalised,210,0.21481052269372813,0.026923076923076925,1009,7
normalised,220,0.3080270622237468,0.019230769230769232,1009,5
normalised,230,0.8712637588437431,0.038461538461538464,1009,10
normalised,240,0.265484621654418,0.038461538461538464,1009,10
normalised,250,0.5020781560531622,0.019230769230769232,1009,5
normalised,260,0.8671294565928851,0.023076923076923078,1009,6
normalised,270,0.7307479831329886,0.038461538461538464,1009,10
normalised,280,0.5717224233381464,0.04230769230769231,1009,11
normalised,290,0.33333322587250164,0.03461538461538462,1009,9
normalised,300,0.8283801628327186,0.04230769230769231,1009,11
normalised,310,0.6385234028980635,0.038461538461538464,1009,10
normalised,320,0.7958399259763125,0.03461538461538462,1009,9
normalised,330,0.4207755148882752,0.04230769230769231,1009,11
normalised,340,0.8388850645818714,0.04230769230769231,1009,11
normalised,350,0.38435796935830924,0.04230769230769231,1009,11
normalised,360,0.004291906478402789,0.011538461538461539,1009,3
normalised,370,0.6293581625834592,0.03076923076923077,1009,8
normalised,380,0.8422360356322279,0.03076923076923077,1009,8
normalised,390,0.45077401093002883,0.026923076923076925,1009,7
normalised,400,0.5811492882198745,0.038461538461538464,1009,10
normalised,410,0.45193275827887724,0.023076923076923078,1009,6
normalised,420,0.7518066792306868,0.023076923076923078,1009,6
normalised,430,1.0,0.03076923076923077,1009,8
normalised,440,0.6967033002358496,0.038461538461538464,1009,10
normalised,450,0.36277978815573353,0.026923076923076925,1009,7
normalised,460,0.9999999999999991,0.03076923076923077,1009,8
normalised,470,0.40242341867769826,0.03076923076923077,1009,8
normalised,480,0.5118920081652416,0.04230769230769231,1009,11
normalised,490,0.755412891703398,0.04230769230769231,1009,11
normalised,500,0.6553309197963154,0.04230769230769231,1009,11
normalised,510,0.8356313463136247,0.038461538461538464,1009,10
normalised,520,0.9752792976355382,0.03076923076923077,1009,8
normalised,530,0.3026881625683654,0.03461538461538462,1009,9
normalised,540,0.3601580360113397,0.038461538461538464,1009,10
normalised,550,0.5680145888571828,0.04230769230769231,1009,11
normalised,560,0.3678718699053407,0.019230769230769232,1009,5
normalised,570,0.5091540064061021,0.038461538461538464,1009,10
normalised,580,0.7972829661593367,0.03461538461538462,1009,9
normalised,590,0.44313243670424496,0.03461538461538462,1009,9
normalised,600,0.3977372990381852,0.04230769230769231,1009,11
normalised,610,0.45951060346639044,0.04230769230769231,1009,11
normalised,620,0.5354204571564859,0.038461538461538464,1009,10
normalised,630,0.991958832847215,0.03461538461538462,1009,9
normalised,640,0.6075842694842942,0.04230769230769231,1009,11
normalised,650,0.5523660740150015,0.03461538461538462,1009,9
normalised,660,0.46196443995818554,0.026923076923076925,1009,7
normalised,670,0.9779829585274202,0.03461538461538462,1009,9
normalised,680,0.7395146747941336,0.03461538461538462,1009,9
normalised,690,0.6815136108462402,0.03461538461538462,1009,9
normalised,700,0.8385964257321937,0.011538461538461539,1009,3
normalised,710,0.8274626323156745,0.03461538461538462,1009,9
normalised,720,0.7145858486745802,0.04230769230769231,1009,11
normalised,730,0.3844366581841904,0.023076923076923078,1009,6
normalised,740,0.4526177406464324,0.038461538461538464,1009,10
normalised,750,0.8398859729652819,0.038461538461538464,1009,10
normalised,760,0.46814170688608264,0.04230769230769231,1009,11
normalised,770,0.82888273526097,0.038461538461538464,1009,10
normalised,780,0.4375286118349927,0.026923076923076925,1009,7
normalised,790,0.34256679454714467,0.03076923076923077,1009,8
normalised,800,0.7271763797869156,0.04230769230769231,1009,11
gaussian,10,0.04440544442825111,0.04230769230769231,1000,11
gaussian,20,0.04752126272690202,0.04230769230769231,1000,11
gaussian,30,0.044204824855768626,0.04230769230769231,1000,11
gaussian,40,0.044303127229443066,0.04230769230769231,1000,11
gaussian,50,0.044119080484426705,0.04230769230769231,1000,11
gaussian,60,0.04744736196263379,0.04230769230769231,1000,11
gaussian,70,0.04942446401965093,0.04230769230769231,1000,11
gaussian,80,0.04868080720127861,0.04230769230769231,1000,11
gaussian,90,0.04284692180691982,0.04230769230769231,1000,11
gaussian,100,0.048590429890693086,0.04230769230769231,1000,11
gaussian,110,0.05292850113928149,0.04230769230769231,1000,11
gaussian,120,0.04572397665007828,0.04230769230769231,1000,11
gaussian,130,0.04868724509749531,0.04230769230769231,1000,11
gaussian,140,0.035736024418675606,0.04230769230769231,1000,11
gaussian,150,0.036804014784886444,0.04230769230769231,1000,11
gaussian,160,0.03981855127958651,0.04230769230769231,1000,11
gaussian,170,0.04514060974375623,0.04230769230769231,1000,11
gaussian,180,0.03930390059917659,0.04230769230769231,1000,11
gaussian,190,0.04078463927107909,0.04230769230769231,1000,11
gaussian,200,0.04278195874181037,0.04230769230769231,1000,11
gaussian,210,0.0449456480094418,0.04230769230769231,1000,11
gaussian,220,0.027789122647570705,0.04230769230769231,1000,11
gaussian,230,0.037668918021464944,0.04230769230769231,1000,11
gaussian,240,0.04276951220887429,0.04230769230769231,1000,11
gaussian,250,0.03691144119519342,0.04230769230769231,1000,11
gaussian,260,0.03947257799256172,0.04230769230769231,1000,11
gaussian,270,0.03920033549348387,0.04230769230769231,1000,11
gaussian,280,0.042832928060994514,0.04230769230769231,1000,11
gaussian,290,0.037503731861443894,0.04230769230769231,1000,11
gaussian,300,0.04027060953096663,0.04230769230769231,1000,11
gaussian,310,0.04887327336804556,0.04230769230769231,1000,11
gaussian,320,0.04120280975868573,0.04230769230769231,1000,11
gaussian,330,0.03633894283534709,0.04230769230769231,1000,11
gaussian,340,0.0401335179192468,0.04230769230769231,1000,11
gaussian,350,0.04395236551957677,0.04230769230769231,1000,11
gaussian,360,0.049066095364031684,0.04230769230769231,1000,11
gaussian,370,0.035865226938830305,0.04230769230769231,1000,11
gaussian,380,0.04425662116322449,0.04230769230769231,1000,11
gaussian,390,0.042691660318347834,0.04230769230769231,1000,11
gaussian,400,0.05080290066129891,0.04230769230769231,1000,11
gaussian,410,0.04024872884610618,0.04230769230769231,1000,11
gaussian,420,0.044691338548191545,0.04230769230769231,1000,11
gaussian,430,0.03481364311060152,0.04230769230769231,1000,11
gaussian,440,0.041764721385053535,0.04230769230769231,1000,11
gaussian,450,0.03616686569942265,0.04230769230769231,1000,11
gaussian,460,0.03668780868642499,0.04230769230769231,1000,11
gaussian,470,0.0470230253197941,0.04230769230769231,1000,11
gaussian,480,0.04589320644616976,0.04230769230769231,1000,11
gaussian,490,0.04943459946767566,0.04230769230769231,1000,11
gaussian,500,0.05139672164680265,0.04230769230769231,1000,11
gaussian,510,0.05341493334813788,0.04230769230769231,1000,11
gaussian,520,0.04481495823516717,0.04230769230769231,1000,11
gaussian,530,0.04226528251543298,0.04230769230769231,1000,11
gaussian,540,0.037642307242413124,0.04230769230769231,1000,11
gaussian,550,0.04546326301079993,0.04230769230769231,1000,11
gaussian,560,0.04774908518342271,0.04230769230769231,1000,11
gaussian,570,0.03400952599429134,0.04230769230769231,1000,11
gaussian,580,0.04848099009926544,0.04230769230769231,1000,11
gaussian,590,0.04975137438627842,0.04230769230769231,1000,11
gaussian,600,0.04169856506979712,0.04230769230769231,1000,11
gaussian,610,0.038885373859220335,0.04230769230769231,1000,11
gaussian,620,0.04405069717157381,0.04230769230769231,1000,11
gaussian,630,0.0405725295798363,0.04230769230769231,1000,11
gaussian,640,0.035509472603135445,0.04230769230769231,1000,11
gaussian,650,0.051081680304688966,0.04230769230769231,1000,11
gaussian,660,0.046716514922638085,0.04230769230769231,1000,11
gaussian,670,0.046837134641865785,0.04230769230769231,1000,11
gaussian,680,0.047054842580775684,0.04230769230769231,1000,11
gaussian,690,0.03930130689250293,0.04230769230769231,1000,11
gaussian,700,0.040132150387640904,0.04230769230769231,1000,11
gaussian,710,0.03502507364403663,0.04230769230769231,1000,11
gaussian,720,0.03468627650571938,0.04230769230769231,1000,11
gaussian,730,0.0410690561759737,0.04230769230769231,1000,11
gaussian,740,0.03928649407901786,0.04230769230769231,1000,11
gaussian,750,0.0322660036571097,0.04230769230769231,1000,11
gaussian,760,0.040719168108517244,0.04230769230769231,1000,11
gaussian,770,0.04427295228803705,0.04230769230769231,1000,11
gaussian,780,0.04133491943931395,0.04230769230769231,1000,11
gaussian,790,0.042041932711431626,0.04230769230769231,1000,11
gaussian,800,0.045066183941555434,0.04230769230769231,1000,11
gaussian,10,0.03899693509759202,0.04230769230769231,1001,11
gaussian,20,0.058121608082669377,0.04230769230769231,1001,11
gaussian,30,0.030094976215776746,0.04230769230769231,1001,11
gaussian,40,0.037927325791574255,0.04230769230769231,1001,11
gaussian,50,0.04020430265071139,0.04230769230769231,1001,11
gaussian,60,0.03965073635540264,0.04230769230769231,1001,11
gaussian,70,0.04540670824598354,0.04230769230769231,1001,11
gaussian,80,0.04497105177267803,0.04230769230769231,1001,11
gaussian,90,0.048122706322660296,0.04230769230769231,1001,11
gaussian,100,0.0481097772045934,0.04230769230769231,1001,11
gaussian,110,0.044143324557093876,0.04230769230769231,1001,11
gaussian,120,0.04855796362452453,0.04230769230769231,1001,11
gaussian,130,0.03512522067018674,0.04230769230769231,1001,11
gaussian,140,0.04626723162191515,0.04230769230769231,1001,11
gaussian,150,0.04322367679261995,0.04230769230769231,1001,11
gaussian,160,0.04172791345899032,0.04230769230769231,1001,11
gaussian,170,0.04064092401474016,0.04230769230769231,1001,11
gaussian,180,0.033160976786019515,0.04230769230769231,1001,11
gaussian,190,0.041999248959717156,0.04230769230769231,1001,11
gaussian,200,0.0367790973812098,0.04230769230769231,1001,11
gaussian,210,0.03618376183530874,0.04230769230769231,1001,11
gaussian,220,0.04580364216586122,0.04230769230769231,1001,11
gaussian,230,0.04473985899512153,0.04230769230769231,1001,11
gaussian,240,0.04589395790735968,0.04230769230769231,1001,11
gaussian,250,0.05061411590646003,0.04230769230769231,1001,11
gaussian,260,0.0437094189133202,0.04230769230769231,1001,11
gaussian,270,0.03224307649440871,0.04230769230769231,1001,11
gaussian,280,0.043930384326376734,0.04230769230769231,1001,11
gaussian,290,0.03749959083547345,0.04230769230769231,1001,11
gaussian,300,0.040697350129056405,0.04230769230769231,1001,11
gaussian,310,0.059021475981202574,0.04230769230769231,1001,11
gaussian,320,0.04215928036913467,0.04230769230769231,1001,11
gaussian,330,0.03490398107022382,0.04230769230769231,1001,11
gaussian,340,0.03993559429893903,0.04230769230769231,1001,11
gaussian,350,0.039698967469234424,0.04230769230769231,1001,11
gaussian,360,0.03617612507679745,0.04230769230769231,1001,11
gaussian,370,0.047670292871378805,0.04230769230769231,1001,11
gaussian,380,0.043644325524421226,0.04230769230769231,1001,11
gaussian,390,0.04983006186110847,0.04230769230769231,1001,11
gaussian,400,0.05248796192898808,0.04230769230769231,1001,11
gaussian,410,0.04592642527041228,0.04230769230769231,1001,11
gaussian,420,0.037714685844321645,0.04230769230769231,1001,11
gaussian,430,0.04150843468916452,0.04230769230769231,1001,11
gaussian,440,0.04270278889220306,0.04230769230769231,1001,11
gaussian,450,0.036870166099695525,0.04230769230769231,1001,11
gaussian,460,0.043259476001801564,0.04230769230769231,1001,11
gaussian,470,0.04119955810715451,0.04230769230769231,1001,11
gaussian,480,0.03931471023773883,0.04230769230769231,1001,11
gaussian,490,0.03565990776246275,0.04230769230769231,1001,11
gaussian,500,0.03649493634184012,0.04230769230769231,1001,11
gaussian,510,0.05211619012482352,0.04230769230769231,1001,11
gaussian,520,0.04941568905420868,0.04230769230769231,1001,11
gaussian,530,0.0418965909627892,0.04230769230769231,1001,11
gaussian,540,0.03004198058350773,0.04230769230769231,1001,11
gaussian,550,0.03771227514964614,0.04230769230769231,1001,11
gaussian,560,0.03762699875413687,0.04230769230769231,1001,11
gaussian,570,0.043696594687979935,0.04230769230769231,1001,11
gaussian,580,0.04249605604157271,0.04230769230769231,1001,11
gaussian,590,0.03876686129301296,0.04230769230769231,1001,11
gaussian,600,0.04293914350834354,0.04230769230769231,1001,11
gaussian,610,0.04512801275751128,0.04230769230769231,1001,11
gaussian,620,0.04074770952873832,0.04230769230769231,1001,11
gaussian,630,0.0465203299193723,0.04230769230769231,1001,11
gaussian,640,0.04440258639054771,0.04230769230769231,1001,11
gaussian,650,0.03526813989610947,0.04230769230769231,1001,11
gaussian,660,0.03950630620362368,0.04230769230769231,1001,11
gaussian,670,0.0404468553895406,0.04230769230769231,1001,11
gaussian,680,0.04226879804799281,0.04230769230769231,1001,11
gaussian,690,0.04134276490892243,0.04230769230769231,1001,11
gaussian,700,0.03187732512219437,0.04230769230769231,1001,11
gaussian,710,0.04157591160798316,0.04230769230769231,1001,11
gaussian,720,0.036193412266425556,0.04230769230769231,1001,11
gaussian,730,0.039588252140338724,0.04230769230769231,1001,11
gaussian,740,0.05063220471157967,0.04230769230769231,1001,11
gaussian,750,0.037290265655830865,0.04230769230769231,1001,11
gaussian,760,0.05028229172770229,0.04230769230769231,1001,11
gaussian,770,0.03818002595856219,0.04230769230769231,1001,11
gaussian,780,0.04761169685563115,0.04230769230769231,1001,11
gaussian,790,0.04198723499959369,0.04230769230769231,1001,11
gaussian,800,0.03798767534279152,0.04230769230769231,1001,11
gaussian,10,0.048127280872665386,0.04230769230769231,1002,11
gaussian,20,0.044383545973531134,0.04230769230769231,1002,11
gaussian,30,0.042283842661061416,0.04230769230769231,1002,11
gaussian,40,0.05236887425139842,0.04230769230769231,1002,11
gaussian,50,0.05134352752857945,0.04230769230769231,1002,11
gaussian,60,0.03947456828763355,0.04230769230769231,1002,11
gaussian,70,0.04161352958100984,0.04230769230769231,1002,11
gaussian,80,0.03838149325684336,0.04230769230769231,1002,11
gaussian,90,0.044466209324339305,0.04230769230769231,1002,11
gaussian,100,0.03609275325976141,0.04230769230769231,1002,11
gaussian,110,0.04076929630853558,0.04230769230769231,1002,11
gaussian,120,0.02994596374085605,0.04230769230769231,1002,11
gaussian,130,0.03589334137010006,0.04230769230769231,1002,11
gaussian,140,0.05311013097534964,0.04230769230769231,1002,11
gaussian,150,0.03368200062106368,0.04230769230769231,1002,11
gaussian,160,0.04321428071130487,0.04230769230769231,1002,11
gaussian,170,0.03331861730607047,0.04230769230769231,1002,11
gaussian,180,0.04072368906291932,0.04230769230769231,1002,11
gaussian,190,0.0365201995060725,0.04230769230769231,1002,11
gaussian,200,0.05201203764809125,0.04230769230769231,1002,11
gaussian,210,0.04867968496106903,0.04230769230769231,1002,11
gaussian,220,0.042676063284319436,0.04230769230769231,1002,11
gaussian,230,0.04510175013867593,0.04230769230769231,1002,11
gaussian,240,0.03987671788124276,0.04230769230769231,1002,11
gaussian,250,0.03521340019940318,0.04230769230769231,1002,11
gaussian,260,0.040598970135711586,0.04230769230769231,1002,11
gaussian,270,0.043366372837425414,0.04230769230769231,1002,11
gaussian,280,0.04020135502116303,0.04230769230769231,1002,11
gaussian,290,0.04025924731940577,0.04230769230769231,1002,11
gaussian,300,0.04287295986696596,0.04230769230769231,1002,11
gaussian,310,0.033969837529738194,0.04230769230769231,1002,11
gaussian,320,0.03941472254141231,0.04230769230769231,1002,11
gaussian,330,0.046382473708165665,0.04230769230769231,1002,11
gaussian,340,0.04599297812560901,0.04230769230769231,1002,11
gaussian,350,0.043955386004459245,0.04230769230769231,1002,11
gaussian,360,0.04710455085667111,0.04230769230769231,1002,11
gaussian,370,0.038834805990998665,0.04230769230769231,1002,11
gaussian,380,0.0488546123563816,0.04230769230769231,1002,11
gaussian,390,0.037195097557622216,0.04230769230769231,1002,11
gaussian,400,0.040750698036868926,0.04230769230769231,1002,11
gaussian,410,0.04599681934019489,0.04230769230769231,1002,11
gaussian,420,0.04330873858642019,0.04230769230769231,1002,11
gaussian,430,0.031280040567683326,0.04230769230769231,1002,11
gaussian,440,0.04688066617834958,0.04230769230769231,1002,11
gaussian,450,0.03243158968920357,0.04230769230769231,1002,11
gaussian,460,0.044472146376941385,0.04230769230769231,1002,11
gaussian,470,0.032323973527101806,0.04230769230769231,1002,11
gaussian,480,0.046341689251280675,0.04230769230769231,1002,11
gaussian,490,0.04125402369625218,0.04230769230769231,1002,11
gaussian,500,0.04240323183339574,0.04230769230769231,1002,11
gaussian,510,0.04995939252903304,0.04230769230769231,1002,11
gaussian,520,0.04630962451258689,0.04230769230769231,1002,11
gaussian,530,0.04407839105449646,0.04230769230769231,1002,11
gaussian,540,0.03639380470985526,0.04230769230769231,1002,11
gaussian,550,0.04594043794659488,0.04230769230769231,1002,11
gaussian,560,0.04961853958012272,0.04230769230769231,1002,11
gaussian,570,0.05017428911639046,0.04230769230769231,1002,11
gaussian,580,0.03759832801208284,0.04230769230769231,1002,11
gaussian,590,0.0410565070636627,0.04230769230769231,1002,11
gaussian,600,0.047255672837280854,0.04230769230769231,1002,11
gaussian,610,0.04524912875989196,0.04230769230769231,1002,11
gaussian,620,0.04044905291203289,0.04230769230769231,1002,11
gaussian,630,0.03448441192502905,0.04230769230769231,1002,11
gaussian,640,0.038513953426208274,0.04230769230769231,1002,11
gaussian,650,0.03641298975558706,0.04230769230769231,1002,11
gaussian,660,0.04138083192945621,0.04230769230769231,1002,11
gaussian,670,0.03929093933222166,0.04230769230769231,1002,11
gaussian,680,0.042228882577397535,0.04230769230769231,1002,11
gaussian,690,0.04344826204324388,0.04230769230769231,1002,11
gaussian,700,0.03058983123221308,0.04230769230769231,1002,11
gaussian,710,0.0403464185909238,0.04230769230769231,1002,11
gaussian,720,0.04265470643157263,0.04230769230769231,1002,11
gaussian,730,0.04028995376960213,0.04230769230769231,1002,11
gaussian,740,0.03465045390394433,0.04230769230769231,1002,11
gaussian,750,0.04590798595539054,0.04230769230769231,1002,11
gaussian,760,0.03233688883706459,0.04230769230769231,1002,11
gaussian,770,0.04246027506242859,0.04230769230769231,1002,11
gaussian,780,0.03866871643865373,0.04230769230769231,1002,11
gaussian,790,0.0403640101030068,0.04230769230769231,1002,11
gaussian,800,0.03711526345972751,0.04230769230769231,1002,11
gaussian,10,0.05235297457603593,0.04230769230769231,1003,11
gaussian,20,0.030926888137243747,0.04230769230769231,1003,11
gaussian,30,0.04324925800145329,0.04230769230769231,1003,11
gaussian,40,0.04596651374960223,0.04230769230769231,1003,11
gaussian,50,0.043951191285402987,0.04230769230769231,1003,11
gaussian,60,0.04088033338704184,0.04230769230769231,1003,11
gaussian,70,0.04671314492862245,0.04230769230769231,1003,11
gaussian,80,0.04410933256631527,0.04230769230769231,1003,11
gaussian,90,0.05437414147290372,0.04230769230769231,1003,11
gaussian,100,0.03702224816733903,0.04230769230769231,1003,11
gaussian,110,0.037219279369232895,0.04230769230769231,1003,11
gaussian,120,0.045647882470307974,0.04230769230769231,1003,11
gaussian,130,0.03843510715542012,0.04230769230769231,1003,11
gaussian,140,0.032078010777268066,0.04230769230769231,1003,11
gaussian,150,0.041921511450474194,0.04230769230769231,1003,11
gaussian,160,0.048105855361128436,0.04230769230769231,1003,11
gaussian,170,0.03716593488962677,0.04230769230769231,1003,11
gaussian,180,0.03226714539417749,0.04230769230769231,1003,11
gaussian,190,0.046877403494305914,0.04230769230769231,1003,11
gaussian,200,0.05074589219292469,0.04230769230769231,1003,11
gaussian,210,0.042460592212489184,0.04230769230769231,1003,11
gaussian,220,0.04168235457363532,0.04230769230769231,1003,11
gaussian,230,0.04635654357156985,0.04230769230769231,1003,11
gaussian,240,0.039418513131682084,0.04230769230769231,1003,11
gaussian,250,0.0394568638835066,0.04230769230769231,1003,11
gaussian,260,0.04426088253638957,0.04230769230769231,1003,11
gaussian,270,0.04254244267221981,0.04230769230769231,1003,11
gaussian,280,0.04112849049336195,0.04230769230769231,1003,11
gaussian,290,0.04268078140970511,0.04230769230769231,1003,11
gaussian,300,0.053942313939601,0.04230769230769231,1003,11
gaussian,310,0.05638870738676187,0.04230769230769231,1003,11
gaussian,320,0.04801552221367023,0.04230769230769231,1003,11
gaussian,330,0.034256330780657124,0.04230769230769231,1003,11
gaussian,340,0.03533720043065277,0.04230769230769231,1003,11
gaussian,350,0.039740945525194644,0.04230769230769231,1003,11
gaussian,360,0.0438793049142195,0.04230769230769231,1003,11
gaussian,370,0.05121483082537003,0.04230769230769231,1003,11
gaussian,380,0.04252715460012685,0.04230769230769231,1003,11
gaussian,390,0.03448237922845667,0.04230769230769231,1003,11
gaussian,400,0.05607871002710749,0.04230769230769231,1003,11
gaussian,410,0.04518561695088004,0.04230769230769231,1003,11
gaussian,420,0.043627433056012674,0.04230769230769231,1003,11
gaussian,430,0.04495913124063215,0.04230769230769231,1003,11
gaussian,440,0.04907197015147716,0.04230769230769231,1003,11
gaussian,450,0.04160871477035797,0.04230769230769231,1003,11
gaussian,460,0.0374860196542042,0.04230769230769231,1003,11
gaussian,470,0.04617479209306157,0.04230769230769231,1003,11
gaussian,480,0.046634612511506475,0.04230769230769231,1003,11
gaussian,490,0.03906048976502909,0.04230769230769231,1003,11
gaussian,500,0.04831424315303658,0.04230769230769231,1003,11
gaussian,510,0.049475436175453795,0.04230769230769231,1003,11
gaussian,520,0.04734729845764952,0.04230769230769231,1003,11
gaussian,530,0.04909587284471761,0.04230769230769231,1003,11
gaussian,540,0.04114421470783522,0.04230769230769231,1003,11
gaussian,550,0.03636581041561534,0.04230769230769231,1003,11
gaussian,560,0.05865163631574111,0.04230769230769231,1003,11
gaussian,570,0.036304126106402206,0.04230769230769231,1003,11
gaussian,580,0.04343443094823027,0.04230769230769231,1003,11
gaussian,590,0.04426820405379004,0.04230769230769231,1003,11
gaussian,600,0.03572903848038247,0.04230769230769231,1003,11
gaussian,610,0.05090375489018175,0.04230769230769231,1003,11
gaussian,620,0.04335693725932896,0.04230769230769231,1003,11
gaussian,630,0.037213784807256296,0.04230769230769231,1003,11
gaussian,640,0.03831509883224601,0.04230769230769231,1003,11
gaussian,650,0.05352329666055967,0.04230769230769231,1003,11
gaussian,660,0.044802255400858644,0.04230769230769231,1003,11
gaussian,670,0.03893272247090663,0.04230769230769231,1003,11
gaussian,680,0.04011594656726366,0.04230769230769231,1003,11
gaussian,690,0.044893693613974515,0.04230769230769231,1003,11
gaussian,700,0.04797939317920876,0.04230769230769231,1003,11
gaussian,710,0.04026344945607587,0.04230769230769231,1003,11
gaussian,720,0.05221394110371708,0.04230769230769231,1003,11
gaussian,730,0.04194048573925931,0.04230769230769231,1003,11
gaussian,740,0.050635190611672605,0.04230769230769231,1003,11
gaussian,750,0.04104423814215086,0.04230769230769231,1003,11
gaussian,760,0.04339559454455795,0.04230769230769231,1003,11
gaussian,770,0.03648038514682784,0.04230769230769231,1003,11
gaussian,780,0.03798278374793373,0.04230769230769231,1003,11
gaussian,790,0.04166438508441683,0.04230769230769231,1003,11
gaussian,800,0.04209574338658798,0.04230769230769231,1003,11
gaussian,10,0.04643736418104293,0.04230769230769231,1004,11
gaussian,20,0.041942139886649216,0.04230769230769231,1004,11
gaussian,30,0.0486518599852207,0.04230769230769231,1004,11
gaussian,40,0.0388109737881482,0.04230769230769231,1004,11
gaussian,50,0.05247068308730913,0.04230769230769231,1004,11
gaussian,60,0.032559861953496354,0.04230769230769231,1004,11
gaussian,70,0.05196239474230969,0.04230769230769231,1004,11
gaussian,80,0.04262444553193109,0.04230769230769231,1004,11
gaussian,90,0.04397267491817942,0.04230769230769231,1004,11
gaussian,100,0.04546733216811629,0.04230769230769231,1004,11
gaussian,110,0.04765577403907209,0.04230769230769231,1004,11
gaussian,120,0.045336176922821776,0.04230769230769231,1004,11
gaussian,130,0.051136748063440436,0.04230769230769231,1004,11
gaussian,140,0.056567524177287914,0.04230769230769231,1004,11
gaussian,150,0.045255990884411616,0.04230769230769231,1004,11
gaussian,160,0.0414691954742253,0.04230769230769231,1004,11
gaussian,170,0.04206782313402349,0.04230769230769231,1004,11
gaussian,180,0.048338666607662506,0.04230769230769231,1004,11
gaussian,190,0.04261539952268072,0.04230769230769231,1004,11
gaussian,200,0.03964338676750066,0.04230769230769231,1004,11
gaussian,210,0.04722802196689346,0.04230769230769231,1004,11
gaussian,220,0.0422287789394431,0.04230769230769231,1004,11
gaussian,230,0.035927714053464406,0.04230769230769231,1004,11
gaussian,240,0.0481328603342432,0.04230769230769231,1004,11
gaussian,250,0.05130607246176819,0.04230769230769231,1004,11
gaussian,260,0.04396602733187439,0.04230769230769231,1004,11
gaussian,270,0.047025436782592786,0.04230769230769231,1004,11
gaussian,280,0.03577333187762692,0.04230769230769231,1004,11
gaussian,290,0.04852313974140115,0.04230769230769231,1004,11
gaussian,300,0.04346067193037843,0.04230769230769231,1004,11
gaussian,310,0.041240320306708475,0.04230769230769231,1004,11
gaussian,320,0.03821588756791957,0.04230769230769231,1004,11
gaussian,330,0.03809594134769298,0.04230769230769231,1004,11
gaussian,340,0.03639984637232274,0.04230769230769231,1004,11
gaussian,350,0.058369599323737156,0.04230769230769231,1004,11
gaussian,360,0.04845537940911331,0.04230769230769231,1004,11
gaussian,370,0.03764205383828246,0.04230769230769231,1004,11
gaussian,380,0.028613714796629688,0.04230769230769231,1004,11
gaussian,390,0.03781755912908386,0.04230769230769231,1004,11
gaussian,400,0.030036960366930265,0.04230769230769231,1004,11
gaussian,410,0.04879428351630319,0.04230769230769231,1004,11
gaussian,420,0.04359779676850552,0.04230769230769231,1004,11
gaussian,430,0.040291838514635386,0.04230769230769231,1004,11
gaussian,440,0.040927873158647606,0.04230769230769231,1004,11
gaussian,450,0.04180756886158703,0.04230769230769231,1004,11
gaussian,460,0.04761350563147632,0.04230769230769231,1004,11
gaussian,470,0.04268658363602568,0.04230769230769231,1004,11
gaussian,480,0.041307725650993415,0.04230769230769231,1004,11
gaussian,490,0.04412201704231647,0.04230769230769231,1004,11
gaussian,500,0.04135863837577189,0.04230769230769231,1004,11
gaussian,510,0.03202755344429357,0.04230769230769231,1004,11
gaussian,520,0.03520246118529312,0.04230769230769231,1004,11
gaussian,530,0.041209991520658476,0.04230769230769231,1004,11
gaussian,540,0.04725874395916292,0.04230769230769231,1004,11
gaussian,550,0.04407967204943129,0.04230769230769231,1004,11
gaussian,560,0.045189473488040505,0.04230769230769231,1004,11
gaussian,570,0.030628368830765588,0.04230769230769231,1004,11
gaussian,580,0.039843800527472294,0.04230769230769231,1004,11
gaussian,590,0.043667211511020404,0.04230769230769231,1004,11
gaussian,600,0.04260194999893456,0.04230769230769231,1004,11
gaussian,610,0.037753860848896176,0.04230769230769231,1004,11
gaussian,620,0.042586138138442205,0.04230769230769231,1004,11
gaussian,630,0.04008097458089233,0.04230769230769231,1004,11
gaussian,640,0.04822676148001512,0.04230769230769231,1004,11
gaussian,650,0.03827257898817585,0.04230769230769231,1004,11
gaussian,660,0.04729525366077085,0.04230769230769231,1004,11
gaussian,670,0.04133436076995671,0.04230769230769231,1004,11
gaussian,680,0.03529095742615912,0.04230769230769231,1004,11
gaussian,690,0.056221245269511805,0.04230769230769231,1004,11
gaussian,700,0.04570843196809082,0.04230769230769231,1004,11
gaussian,710,0.039506631870196214,0.04230769230769231,1004,11
gaussian,720,0.038469184312334086,0.04230769230769231,1004,11
gaussian,730,0.03990624580406861,0.04230769230769231,1004,11
gaussian,740,0.047121778551123567,0.04230769230769231,1004,11
gaussian,750,0.039308334477085,0.04230769230769231,1004,11
gaussian,760,0.04529869263304314,0.04230769230769231,1004,11
gaussian,770,0.04191073793186751,0.04230769230769231,1004,11
gaussian,780,0.03925431797828451,0.04230769230769231,1004,11
gaussian,790,0.03280399778947136,0.04230769230769231,1004,11
gaussian,800,0.03643030387162766,0.04230769230769231,1004,11
gaussian,10,0.04771625621129641,0.04230769230769231,1005,11
gaussian,20,0.04246390715708617,0.04230769230769231,1005,11
gaussian,30,0.04532534180632809,0.04230769230769231,1005,11
gaussian,40,0.04544660336522058,0.04230769230769231,1005,11
gaussian,50,0.04191108162109152,0.04230769230769231,1005,11
gaussian,60,0.0441721966215195,0.04230769230769231,1005,11
gaussian,70,0.0472528508665482,0.04230769230769231,1005,11
gaussian,80,0.040185039501276706,0.04230769230769231,1005,11
gaussian,90,0.0426757055966657,0.04230769230769231,1005,11
gaussian,100,0.04840330320263993,0.04230769230769231,1005,11
gaussian,110,0.0363058028693191,0.04230769230769231,1005,11
gaussian,120,0.047147773034214475,0.04230769230769231,1005,11
gaussian,130,0.05523602004850918,0.04230769230769231,1005,11
gaussian,140,0.035709106634636355,0.04230769230769231,1005,11
gaussian,150,0.044611685904534175,0.04230769230769231,1005,11
gaussian,160,0.04045092103195807,0.04230769230769231,1005,11
gaussian,170,0.04688142894506882,0.04230769230769231,1005,11
gaussian,180,0.041044709576882936,0.04230769230769231,1005,11
gaussian,190,0.04846900409214667,0.04230769230769231,1005,11
gaussian,200,0.0432201458601275,0.04230769230769231,1005,11
gaussian,210,0.0410778979126717,0.04230769230769231,1005,11
gaussian,220,0.04164368231210721,0.04230769230769231,1005,11
gaussian,230,0.045538337171030126,0.04230769230769231,1005,11
gaussian,240,0.03808678449023662,0.04230769230769231,1005,11
gaussian,250,0.03945803327659259,0.04230769230769231,1005,11
gaussian,260,0.041373634180236894,0.04230769230769231,1005,11
gaussian,270,0.03286629269721572,0.04230769230769231,1005,11
gaussian,280,0.04573288742062733,0.04230769230769231,1005,11
gaussian,290,0.04694681177662985,0.04230769230769231,1005,11
gaussian,300,0.04332737083016156,0.04230769230769231,1005,11
gaussian,310,0.041183916155537244,0.04230769230769231,1005,11
gaussian,320,0.06053715384149395,0.04230769230769231,1005,11
gaussian,330,0.04555390663449938,0.04230769230769231,1005,11
gaussian,340,0.04790861955288914,0.04230769230769231,1005,11
gaussian,350,0.03968346538452425,0.04230769230769231,1005,11
gaussian,360,0.03971141281441198,0.04230769230769231,1005,11
gaussian,370,0.038668461951072236,0.04230769230769231,1005,11
gaussian,380,0.04271830925448209,0.04230769230769231,1005,11
gaussian,390,0.0342467286351343,0.04230769230769231,1005,11
gaussian,400,0.04516262036378343,0.04230769230769231,1005,11
gaussian,410,0.04595008510540724,0.04230769230769231,1005,11
gaussian,420,0.05012486616319591,0.04230769230769231,1005,11
gaussian,430,0.03854452650886057,0.04230769230769231,1005,11
gaussian,440,0.043645501618762114,0.04230769230769231,1005,11
gaussian,450,0.04188554131880023,0.04230769230769231,1005,11
gaussian,460,0.034414052347231334,0.04230769230769231,1005,11
gaussian,470,0.04162846519407692,0.04230769230769231,1005,11
gaussian,480,0.04231433359141048,0.04230769230769231,1005,11
gaussian,490,0.05380127105907899,0.04230769230769231,1005,11
gaussian,500,0.04428271546943353,0.04230769230769231,1005,11
gaussian,510,0.04173459519268421,0.04230769230769231,1005,11
gaussian,520,0.04452185450970592,0.04230769230769231,1005,11
gaussian,530,0.040419948803351785,0.04230769230769231,1005,11
gaussian,540,0.048662177621586006,0.04230769230769231,1005,11
gaussian,550,0.052901728903107535,0.04230769230769231,1005,11
gaussian,560,0.04643230548540234,0.04230769230769231,1005,11
gaussian,570,0.04379427841050431,0.04230769230769231,1005,11
gaussian,580,0.04645351844901413,0.04230769230769231,1005,11
gaussian,590,0.040825504030506714,0.04230769230769231,1005,11
gaussian,600,0.03842935847792894,0.04230769230769231,1005,11
gaussian,610,0.041685810407749095,0.04230769230769231,1005,11
gaussian,620,0.03704073860106203,0.04230769230769231,1005,11
gaussian,630,0.0404579114089931,0.04230769230769231,1005,11
gaussian,640,0.046023589272843425,0.04230769230769231,1005,11
gaussian,650,0.053654633801828715,0.04230769230769231,1005,11
gaussian,660,0.03520089843875647,0.04230769230769231,1005,11
gaussian,670,0.04679036153528477,0.04230769230769231,1005,11
gaussian,680,0.035404921348197345,0.04230769230769231,1005,11
gaussian,690,0.04129688583531159,0.04230769230769231,1005,11
gaussian,700,0.04435500642626197,0.04230769230769231,1005,11
gaussian,710,0.0513326994442336,0.04230769230769231,1005,11
gaussian,720,0.04922143929548738,0.04230769230769231,1005,11
gaussian,730,0.048813889341628454,0.04230769230769231,1005,11
gaussian,740,0.04662821272253553,0.04230769230769231,1005,11
gaussian,750,0.0526535427764085,0.04230769230769231,1005,11
gaussian,760,0.045901258890886434,0.04230769230769231,1005,11
gaussian,770,0.04320639119334951,0.04230769230769231,1005,11
gaussian,780,0.04442454118394635,0.04230769230769231,1005,11
gaussian,790,0.03648743729732881,0.04230769230769231,1005,11
gaussian,800,0.03902322440293416,0.04230769230769231,1005,11
gaussian,10,0.0347011795576977,0.04230769230769231,1006,11
gaussian,20,0.032841080533867625,0.04230769230769231,1006,11
gaussian,30,0.047367833807604766,0.04230769230769231,1006,11
gaussian,40,0.039440530033769565,0.04230769230769231,1006,11
gaussian,50,0.04141566337602531,0.04230769230769231,1006,11
gaussian,60,0.03649616895332036,0.04230769230769231,1006,11
gaussian,70,0.04822580765138385,0.04230769230769231,1006,11
gaussian,80,0.0431124021854159,0.04230769230769231,1006,11
gaussian,90,0.033448928998696864,0.04230769230769231,1006,11
gaussian,100,0.03587349088159204,0.04230769230769231,1006,11
gaussian,110,0.04426266528953186,0.04230769230769231,1006,11
gaussian,120,0.038771078252375274,0.04230769230769231,1006,11
gaussian,130,0.03344111592438603,0.04230769230769231,1006,11
gaussian,140,0.043740114842225515,0.04230769230769231,1006,11
gaussian,150,0.029998936798743825,0.04230769230769231,1006,11
gaussian,160,0.041064643239104054,0.04230769230769231,1006,11
gaussian,170,0.035067357689555684,0.04230769230769231,1006,11
gaussian,180,0.04444612156251621,0.04230769230769231,1006,11
gaussian,190,0.03788954892905339,0.04230769230769231,1006,11
gaussian,200,0.044412758813237516,0.04230769230769231,1006,11
gaussian,210,0.035265647490401716,0.04230769230769231,1006,11
gaussian,220,0.03871743050391377,0.04230769230769231,1006,11
gaussian,230,0.04687615046398612,0.04230769230769231,1006,11
gaussian,240,0.03840686131884772,0.04230769230769231,1006,11
gaussian,250,0.040877433658380834,0.04230769230769231,1006,11
gaussian,260,0.04762844605162435,0.04230769230769231,1006,11
gaussian,270,0.04266506529690088,0.04230769230769231,1006,11
gaussian,280,0.03964127420602936,0.04230769230769231,1006,11
gaussian,290,0.039265201758673374,0.04230769230769231,1006,11
gaussian,300,0.04277169878263209,0.04230769230769231,1006,11
gaussian,310,0.03955634811389435,0.04230769230769231,1006,11
gaussian,320,0.035149877013498254,0.04230769230769231,1006,11
gaussian,330,0.031384146081982284,0.04230769230769231,1006,11
gaussian,340,0.04562844359457732,0.04230769230769231,1006,11
gaussian,350,0.04997830022710521,0.04230769230769231,1006,11
gaussian,360,0.040504503968883415,0.04230769230769231,1006,11
gaussian,370,0.047623058382289356,0.04230769230769231,1006,11
gaussian,380,0.05058275467025049,0.04230769230769231,1006,11
gaussian,390,0.0422160837505326,0.04230769230769231,1006,11
gaussian,400,0.03920090952446566,0.04230769230769231,1006,11
gaussian,410,0.046644594533381545,0.04230769230769231,1006,11
gaussian,420,0.033804089247318564,0.04230769230769231,1006,11
gaussian,430,0.03318796636367235,0.04230769230769231,1006,11
gaussian,440,0.039161675685564896,0.04230769230769231,1006,11
gaussian,450,0.04079949523806586,0.04230769230769231,1006,11
gaussian,460,0.05052086797418521,0.04230769230769231,1006,11
gaussian,470,0.041189771227735254,0.04230769230769231,1006,11
gaussian,480,0.039849764735894404,0.04230769230769231,1006,11
gaussian,490,0.0479062230836492,0.04230769230769231,1006,11
gaussian,500,0.0468759658370822,0.04230769230769231,1006,11
gaussian,510,0.042064820149095385,0.04230769230769231,1006,11
gaussian,520,0.03796182030344459,0.04230769230769231,1006,11
gaussian,530,0.05304106728248359,0.04230769230769231,1006,11
gaussian,540,0.04783488830803161,0.04230769230769231,1006,11
gaussian,550,0.03764651711683101,0.04230769230769231,1006,11
gaussian,560,0.04499863906094314,0.04230769230769231,1006,11
gaussian,570,0.042724752530061395,0.04230769230769231,1006,11
gaussian,580,0.0406413133971278,0.04230769230769231,1006,11
gaussian,590,0.03513083214531196,0.04230769230769231,1006,11
gaussian,600,0.03807355337177209,0.04230769230769231,1006,11
gaussian,610,0.04012248872209317,0.04230769230769231,1006,11
gaussian,620,0.04110061075754624,0.04230769230769231,1006,11
gaussian,630,0.03831380261472011,0.04230769230769231,1006,11
gaussian,640,0.03302400722314577,0.04230769230769231,1006,11
gaussian,650,0.03597764467208074,0.04230769230769231,1006,11
gaussian,660,0.047571159777533165,0.04230769230769231,1006,11
gaussian,670,0.04617896291897589,0.04230769230769231,1006,11
gaussian,680,0.03353876088620222,0.04230769230769231,1006,11
gaussian,690,0.037697115175918505,0.04230769230769231,1006,11
gaussian,700,0.04257695900361939,0.04230769230769231,1006,11
gaussian,710,0.044092214793361215,0.04230769230769231,1006,11
gaussian,720,0.03964676622824763,0.04230769230769231,1006,11
gaussian,730,0.05126975174033894,0.04230769230769231,1006,11
gaussian,740,0.04271954389786066,0.04230769230769231,1006,11
gaussian,750,0.04266016218735894,0.04230769230769231,1006,11
gaussian,760,0.04197529395338698,0.04230769230769231,1006,11
gaussian,770,0.04996680401137509,0.04230769230769231,1006,11
gaussian,780,0.048409245323547394,0.04230769230769231,1006,11
gaussian,790,0.036843689464120706,0.04230769230769231,1006,11
gaussian,800,0.03370152208700979,0.04230769230769231,1006,11
gaussian,10,0.04428576581011198,0.04230769230769231,1007,11
gaussian,20,0.04076717274345205,0.04230769230769231,1007,11
gaussian,30,0.0446190976319624,0.04230769230769231,1007,11
gaussian,40,0.037348540653990264,0.04230769230769231,1007,11
gaussian,50,0.03397929882025518,0.04230769230769231,1007,11
gaussian,60,0.036922092245521426,0.04230769230769231,1007,11
gaussian,70,0.038228202017198544,0.04230769230769231,1007,11
gaussian,80,0.04279455556409281,0.04230769230769231,1007,11
gaussian,90,0.04685908195015156,0.04230769230769231,1007,11
gaussian,100,0.04730465886767892,0.04230769230769231,1007,11
gaussian,110,0.03938263945538361,0.04230769230769231,1007,11
gaussian,120,0.041327408202475595,0.04230769230769231,1007,11
gaussian,130,0.035785385823711525,0.04230769230769231,1007,11
gaussian,140,0.04401707052194316,0.04230769230769231,1007,11
gaussian,150,0.04345492840477414,0.04230769230769231,1007,11
gaussian,160,0.043828674213357406,0.04230769230769231,1007,11
gaussian,170,0.040652933376530975,0.04230769230769231,1007,11
gaussian,180,0.05155684170869905,0.04230769230769231,1007,11
gaussian,190,0.03641387864453663,0.04230769230769231,1007,11
gaussian,200,0.04688428858099993,0.04230769230769231,1007,11
gaussian,210,0.04143467416201876,0.04230769230769231,1007,11
gaussian,220,0.0454274211489633,0.04230769230769231,1007,11
gaussian,230,0.05934465571221774,0.04230769230769231,1007,11
gaussian,240,0.038131106594164826,0.04230769230769231,1007,11
gaussian,250,0.04424958940649197,0.04230769230769231,1007,11
gaussian,260,0.04687015052710733,0.04230769230769231,1007,11
gaussian,270,0.045145451311600915,0.04230769230769231,1007,11
gaussian,280,0.04722518906404945,0.04230769230769231,1007,11
gaussian,290,0.04264980454027798,0.04230769230769231,1007,11
gaussian,300,0.04754614725053111,0.04230769230769231,1007,11
gaussian,310,0.04519210781741013,0.04230769230769231,1007,11
gaussian,320,0.03881521851599644,0.04230769230769231,1007,11
gaussian,330,0.04624118687960348,0.04230769230769231,1007,11
gaussian,340,0.05246059333027761,0.04230769230769231,1007,11
gaussian,350,0.03444498824719187,0.04230769230769231,1007,11
gaussian,360,0.04072471034545105,0.04230769230769231,1007,11
gaussian,370,0.040863611722092526,0.04230769230769231,1007,11
gaussian,380,0.046173746179732265,0.04230769230769231,1007,11
gaussian,390,0.049338450866872614,0.04230769230769231,1007,11
gaussian,400,0.044891582566828715,0.04230769230769231,1007,11
gaussian,410,0.04286277961079802,0.04230769230769231,1007,11
gaussian,420,0.04546473920140908,0.04230769230769231,1007,11
gaussian,430,0.041798263805014786,0.04230769230769231,1007,11
gaussian,440,0.054469267499190364,0.04230769230769231,1007,11
gaussian,450,0.05286454932299805,0.04230769230769231,1007,11
gaussian,460,0.04898419286843445,0.04230769230769231,1007,11
gaussian,470,0.03582257840523853,0.04230769230769231,1007,11
gaussian,480,0.043424748016899044,0.04230769230769231,1007,11
gaussian,490,0.045107233034301225,0.04230769230769231,1007,11
gaussian,500,0.03418420059919503,0.04230769230769231,1007,11
gaussian,510,0.034635041124857054,0.04230769230769231,1007,11
gaussian,520,0.0491624210216784,0.04230769230769231,1007,11
gaussian,530,0.04254325736322846,0.04230769230769231,1007,11
gaussian,540,0.03894217335753872,0.04230769230769231,1007,11
gaussian,550,0.044885253158566,0.04230769230769231,1007,11
gaussian,560,0.04205780143918522,0.04230769230769231,1007,11
gaussian,570,0.04402700747696863,0.04230769230769231,1007,11
gaussian,580,0.04242284312386097,0.04230769230769231,1007,11
gaussian,590,0.04269404053259637,0.04230769230769231,1007,11
gaussian,600,0.033264594029946595,0.04230769230769231,1007,11
gaussian,610,0.04195942301834611,0.04230769230769231,1007,11
gaussian,620,0.04009655943568606,0.04230769230769231,1007,11
gaussian,630,0.04007654034497857,0.04230769230769231,1007,11
gaussian,640,0.040281381406314015,0.04230769230769231,1007,11
gaussian,650,0.0409308486148785,0.04230769230769231,1007,11
gaussian,660,0.03854446103610749,0.04230769230769231,1007,11
gaussian,670,0.03721073314978118,0.04230769230769231,1007,11
gaussian,680,0.03765381691134151,0.04230769230769231,1007,11
gaussian,690,0.04281863702458716,0.04230769230769231,1007,11
gaussian,700,0.04173434540295513,0.04230769230769231,1007,11
gaussian,710,0.049618923559954696,0.04230769230769231,1007,11
gaussian,720,0.04109377310913395,0.04230769230769231,1007,11
gaussian,730,0.04054520368817985,0.04230769230769231,1007,11
gaussian,740,0.03854686608202204,0.04230769230769231,1007,11
gaussian,750,0.04107494609960459,0.04230769230769231,1007,11
gaussian,760,0.039517869584942744,0.04230769230769231,1007,11
gaussian,770,0.043442286233847695,0.04230769230769231,1007,11
gaussian,780,0.04216789111912456,0.04230769230769231,1007,11
gaussian,790,0.03878180244129542,0.04230769230769231,1007,11
gaussian,800,0.0543307392173114,0.04230769230769231,1007,11
gaussian,10,0.03656955259628189,0.04230769230769231,1008,11
gaussian,20,0.04397236178867619,0.04230769230769231,1008,11
gaussian,30,0.036311530768335404,0.04230769230769231,1008,11
gaussian,40,0.03730540169534397,0.04230769230769231,1008,11
gaussian,50,0.041157251995414465,0.04230769230769231,1008,11
gaussian,60,0.03886432524941418,0.04230769230769231,1008,11
gaussian,70,0.04497598470973286,0.04230769230769231,1008,11
gaussian,80,0.047146634835198896,0.04230769230769231,1008,11
gaussian,90,0.044420213572485476,0.04230769230769231,1008,11
gaussian,100,0.04370280931042262,0.04230769230769231,1008,11
gaussian,110,0.04908671775528983,0.04230769230769231,1008,11
gaussian,120,0.042735977623088624,0.04230769230769231,1008,11
gaussian,130,0.04133293907368434,0.04230769230769231,1008,11
gaussian,140,0.030267262768684296,0.04230769230769231,1008,11
gaussian,150,0.04373650340916173,0.04230769230769231,1008,11
gaussian,160,0.04419708224394338,0.04230769230769231,1008,11
gaussian,170,0.042701850294435635,0.04230769230769231,1008,11
gaussian,180,0.03943047970065593,0.04230769230769231,1008,11
gaussian,190,0.04692381236770365,0.04230769230769231,1008,11
gaussian,200,0.03262611893014356,0.04230769230769231,1008,11
gaussian,210,0.05375234215304927,0.04230769230769231,1008,11
gaussian,220,0.04941903975384938,0.04230769230769231,1008,11
gaussian,230,0.030783100319415477,0.04230769230769231,1008,11
gaussian,240,0.0389509201704426,0.04230769230769231,1008,11
gaussian,250,0.03981175298688414,0.04230769230769231,1008,11
gaussian,260,0.038679266577594504,0.04230769230769231,1008,11
gaussian,270,0.04210707793861009,0.04230769230769231,1008,11
gaussian,280,0.04514552233308728,0.04230769230769231,1008,11
gaussian,290,0.041444777032952136,0.04230769230769231,1008,11
gaussian,300,0.04334996741750618,0.04230769230769231,1008,11
gaussian,310,0.05975082004428116,0.04230769230769231,1008,11
gaussian,320,0.03691815052830689,0.04230769230769231,1008,11
gaussian,330,0.03414744754376962,0.04230769230769231,1008,11
gaussian,340,0.0393422812886633,0.04230769230769231,1008,11
gaussian,350,0.04027443003168705,0.04230769230769231,1008,11
gaussian,360,0.035564289690275516,0.04230769230769231,1008,11
gaussian,370,0.041520150605839815,0.04230769230769231,1008,11
gaussian,380,0.04313921802755808,0.04230769230769231,1008,11
gaussian,390,0.042621438201447884,0.04230769230769231,1008,11
gaussian,400,0.04308889793351965,0.04230769230769231,1008,11
gaussian,410,0.041731211118934956,0.04230769230769231,1008,11
gaussian,420,0.040508205103566904,0.04230769230769231,1008,11
gaussian,430,0.046220002724337614,0.04230769230769231,1008,11
gaussian,440,0.036057704872589975,0.04230769230769231,1008,11
gaussian,450,0.03701580839610993,0.04230769230769231,1008,11
gaussian,460,0.039221871044357676,0.04230769230769231,1008,11
gaussian,470,0.03889595946354245,0.04230769230769231,1008,11
gaussian,480,0.05042298012118538,0.04230769230769231,1008,11
gaussian,490,0.05024590162887585,0.04230769230769231,1008,11
gaussian,500,0.04013936805724282,0.04230769230769231,1008,11
gaussian,510,0.047058589683828256,0.04230769230769231,1008,11
gaussian,520,0.04358786792812351,0.04230769230769231,1008,11
gaussian,530,0.04491636271359949,0.04230769230769231,1008,11
gaussian,540,0.0490348111304276,0.04230769230769231,1008,11
gaussian,550,0.035536153708794364,0.04230769230769231,1008,11
gaussian,560,0.03388616565259425,0.04230769230769231,1008,11
gaussian,570,0.039447222895045986,0.04230769230769231,1008,11
gaussian,580,0.040521202654909765,0.04230769230769231,1008,11
gaussian,590,0.03952463031880642,0.04230769230769231,1008,11
gaussian,600,0.03763615235618725,0.04230769230769231,1008,11
gaussian,610,0.032260446695210186,0.04230769230769231,1008,11
gaussian,620,0.04194399342648623,0.04230769230769231,1008,11
gaussian,630,0.059793822005932085,0.04230769230769231,1008,11
gaussian,640,0.049091131110237746,0.04230769230769231,1008,11
gaussian,650,0.04271454941438039,0.04230769230769231,1008,11
gaussian,660,0.045464142118874645,0.04230769230769231,1008,11
gaussian,670,0.04739515835154778,0.04230769230769231,1008,11
gaussian,680,0.03021197997259946,0.04230769230769231,1008,11
gaussian,690,0.054749768450772444,0.04230769230769231,1008,11
gaussian,700,0.037993813122125686,0.04230769230769231,1008,11
gaussian,710,0.045567147762665614,0.04230769230769231,1008,11
gaussian,720,0.04406898754397486,0.04230769230769231,1008,11
gaussian,730,0.04044823367250683,0.04230769230769231,1008,11
gaussian,740,0.04481125694650009,0.04230769230769231,1008,11
gaussian,750,0.04319434827863135,0.04230769230769231,1008,11
gaussian,760,0.037721612842336966,0.04230769230769231,1008,11
gaussian,770,0.04149591297505536,0.04230769230769231,1008,11
gaussian,780,0.0400065711926412,0.04230769230769231,1008,11
gaussian,790,0.04074922644205807,0.04230769230769231,1008,11
gaussian,800,0.03672774214359512,0.04230769230769231,1008,11
gaussian,10,0.037933444677365404,0.04230769230769231,1009,11
gaussian,20,0.033083904172062105,0.04230769230769231,1009,11
gaussian,30,0.04482600727522481,0.04230769230769231,1009,11
gaussian,40,0.05493877785091982,0.04230769230769231,1009,11
gaussian,50,0.03682598768905155,0.04230769230769231,1009,11
gaussian,60,0.045593098552042056,0.04230769230769231,1009,11
gaussian,70,0.040655089435920506,0.04230769230769231,1009,11
gaussian,80,0.0387918096843462,0.04230769230769231,1009,11
gaussian,90,0.04188106162274105,0.04230769230769231,1009,11
gaussian,100,0.03959299301991704,0.04230769230769231,1009,11
gaussian,110,0.04481478534087109,0.04230769230769231,1009,11
gaussian,120,0.0320864965321686,0.04230769230769231,1009,11
gaussian,130,0.039576975801840886,0.04230769230769231,1009,11
gaussian,140,0.03538858725096216,0.04230769230769231,1009,11
gaussian,150,0.04683119229896087,0.04230769230769231,1009,11
gaussian,160,0.04826188445458703,0.04230769230769231,1009,11
gaussian,170,0.0437928340540581,0.04230769230769231,1009,11
gaussian,180,0.03586475868102016,0.04230769230769231,1009,11
gaussian,190,0.03949675484280973,0.04230769230769231,1009,11
gaussian,200,0.03499666485242184,0.04230769230769231,1009,11
gaussian,210,0.04036467627333851,0.04230769230769231,1009,11
gaussian,220,0.04231405172981268,0.04230769230769231,1009,11
gaussian,230,0.03579335739966189,0.04230769230769231,1009,11
gaussian,240,0.041733042567959615,0.04230769230769231,1009,11
gaussian,250,0.04619547350392643,0.04230769230769231,1009,11
gaussian,260,0.037162559496500706,0.04230769230769231,1009,11
gaussian,270,0.034468285973195206,0.04230769230769231,1009,11
gaussian,280,0.04130489118809432,0.04230769230769231,1009,11
gaussian,290,0.04163413053842111,0.04230769230769231,1009,11
gaussian,300,0.04852399560624421,0.04230769230769231,1009,11
gaussian,310,0.04721241605132676,0.04230769230769231,1009,11
gaussian,320,0.04947738163101331,0.04230769230769231,1009,11
gaussian,330,0.04213527595378144,0.04230769230769231,1009,11
gaussian,340,0.037196957140767935,0.04230769230769231,1009,11
gaussian,350,0.042526968881423384,0.04230769230769231,1009,11
gaussian,360,0.033396798119334554,0.04230769230769231,1009,11
gaussian,370,0.040459299432283616,0.04230769230769231,1009,11
gaussian,380,0.048621670918772605,0.04230769230769231,1009,11
gaussian,390,0.042315674124900886,0.04230769230769231,1009,11
gaussian,400,0.04136434686874218,0.04230769230769231,1009,11
gaussian,410,0.046542193959729666,0.04230769230769231,1009,11
gaussian,420,0.04016779521015555,0.04230769230769231,1009,11
gaussian,430,0.051115848467616624,0.04230769230769231,1009,11
gaussian,440,0.04946134245021794,0.04230769230769231,1009,11
gaussian,450,0.047074815869097904,0.04230769230769231,1009,11
gaussian,460,0.05087584199904547,0.04230769230769231,1009,11
gaussian,470,0.044837410014209975,0.04230769230769231,1009,11
gaussian,480,0.04636177418108247,0.04230769230769231,1009,11
gaussian,490,0.0431961451696431,0.04230769230769231,1009,11
gaussian,500,0.0339335166188205,0.04230769230769231,1009,11
gaussian,510,0.03795921630401039,0.04230769230769231,1009,11
gaussian,520,0.03263839460304883,0.04230769230769231,1009,11
gaussian,530,0.040453788537505295,0.04230769230769231,1009,11
gaussian,540,0.03827658327941406,0.04230769230769231,1009,11
gaussian,550,0.029829233852478997,0.04230769230769231,1009,11
gaussian,560,0.040284823416678904,0.04230769230769231,1009,11
gaussian,570,0.03901196630284062,0.04230769230769231,1009,11
gaussian,580,0.0383758300746277,0.04230769230769231,1009,11
gaussian,590,0.044719333408138245,0.04230769230769231,1009,11
gaussian,600,0.042487796565021906,0.04230769230769231,1009,11
gaussian,610,0.043909915583417516,0.04230769230769231,1009,11
gaussian,620,0.04980803787130372,0.04230769230769231,1009,11
gaussian,630,0.04026051003229173,0.04230769230769231,1009,11
gaussian,640,0.048430751636247035,0.04230769230769231,1009,11
gaussian,650,0.04847103882742116,0.04230769230769231,1009,11
gaussian,660,0.04218887454971811,0.04230769230769231,1009,11
gaussian,670,0.03842041844331176,0.04230769230769231,1009,11
gaussian,680,0.039722212604650836,0.04230769230769231,1009,11
gaussian,690,0.041987634731816374,0.04230769230769231,1009,11
gaussian,700,0.035117948109522394,0.04230769230769231,1009,11
gaussian,710,0.047940874033901966,0.04230769230769231,1009,11
gaussian,720,0.050558665555316226,0.04230769230769231,1009,11
gaussian,730,0.04586013511218308,0.04230769230769231,1009,11
gaussian,740,0.04065329784072431,0.04230769230769231,1009,11
gaussian,750,0.04653471273715708,0.04230769230769231,1009,11
gaussian,760,0.05503916646937526,0.04230769230769231,1009,11
gaussian,770,0.04602572931778421,0.04230769230769231,1009,11
gaussian,780,0.03479259555759369,0.04230769230769231,1009,11
gaussian,790,0.04824088031888645,0.04230769230769231,1009,11
gaussian,800,0.0355355393068706,0.04230769230769231,1009,11
mixture,10,0.19863628251392795,0.04230769230769231,1000,11
mixture,20,0.3151059926085255,0.04230769230769231,1000,11
mixture,30,0.2418014097897347,0.04230769230769231,1000,11
mixture,40,0.25616230936549333,0.04230769230769231,1000,11
mixture,50,0.34511785368225995,0.04230769230769231,1000,11
mixture,60,0.35902437014987837,0.04230769230769231,1000,11
mixture,70,0.23853812230260507,0.04230769230769231,1000,11
mixture,80,0.31258634168241406,0.04230769230769231,1000,11
mixture,90,0.5119296736703164,0.04230769230769231,1000,11
mixture,100,0.45560119316635533,0.04230769230769231,1000,11
mixture,110,0.7119908172197161,0.04230769230769231,1000,11
mixture,120,0.7388635520573538,0.04230769230769231,1000,11
mixture,130,0.35025001828611263,0.04230769230769231,1000,11
mixture,140,0.38715632474705847,0.04230769230769231,1000,11
mixture,150,0.27052437413336333,0.04230769230769231,1000,11
mixture,160,0.4294041974681839,0.04230769230769231,1000,11
mixture,170,0.5582884522007984,0.04230769230769231,1000,11
mixture,180,0.28051017790494187,0.04230769230769231,1000,11
mixture,190,0.3327627625400282,0.04230769230769231,1000,11
mixture,200,0.28667098695422144,0.038461538461538464,1000,10
mixture,210,0.14994183229883729,0.04230769230769231,1000,11
mixture,220,0.4559410840215514,0.04230769230769231,1000,11
mixture,230,0.32261449864798086,0.04230769230769231,1000,11
mixture,240,0.2546525448326636,0.04230769230769231,1000,11
mixture,250,0.2556370527792381,0.04230769230769231,1000,11
mixture,260,0.28503977030319516,0.04230769230769231,1000,11
mixture,270,0.2685864959249549,0.04230769230769231,1000,11
mixture,280,0.5658944883018431,0.04230769230769231,1000,11
mixture,290,0.3451590467029645,0.038461538461538464,1000,10
mixture,300,0.2546960942933709,0.04230769230769231,1000,11
mixture,310,0.3239656117540251,0.04230769230769231,1000,11
mixture,320,0.5404201807942026,0.038461538461538464,1000,10
mixture,330,0.2940606602419575,0.04230769230769231,1000,11
mixture,340,0.38502145165938073,0.04230769230769231,1000,11
mixture,350,0.37229455709620835,0.04230769230769231,1000,11
mixture,360,0.14911703657446368,0.04230769230769231,1000,11
mixture,370,0.25544756848149824,0.04230769230769231,1000,11
mixture,380,0.3067196125152314,0.04230769230769231,1000,11
mixture,390,0.2946019936521609,0.04230769230769231,1000,11
mixture,400,0.4442338003294205,0.04230769230769231,1000,11
mixture,410,0.2733509072530799,0.04230769230769231,1000,11
mixture,420,0.3605675836690479,0.04230769230769231,1000,11
mixture,430,0.5313030300572386,0.04230769230769231,1000,11
mixture,440,0.2892180592051816,0.038461538461538464,1000,10
mixture,450,0.31669577499811674,0.04230769230769231,1000,11
mixture,460,0.3960192063492354,0.04230769230769231,1000,11
mixture,470,0.4354976879166838,0.04230769230769231,1000,11
mixture,480,0.34806737367471574,0.04230769230769231,1000,11
mixture,490,0.4823383927893008,0.04230769230769231,1000,11
mixture,500,0.3067928972192648,0.04230769230769231,1000,11
mixture,510,0.3462245799453542,0.04230769230769231,1000,11
mixture,520,0.35723306063164467,0.04230769230769231,1000,11
mixture,530,0.3649164302294969,0.04230769230769231,1000,11
mixture,540,0.678466824362475,0.04230769230769231,1000,11
mixture,550,0.5070574397107418,0.04230769230769231,1000,11
mixture,560,0.45946757241535785,0.038461538461538464,1000,10
mixture,570,0.4397191818794457,0.04230769230769231,1000,11
mixture,580,0.35656656728025965,0.04230769230769231,1000,11
mixture,590,0.3301375970784439,0.04230769230769231,1000,11
mixture,600,0.4214433178968301,0.04230769230769231,1000,11
mixture,610,0.3101955567307612,0.04230769230769231,1000,11
mixture,620,0.35017044113940565,0.04230769230769231,1000,11
mixture,630,0.23600862071156978,0.04230769230769231,1000,11
mixture,640,0.3600176879417001,0.038461538461538464,1000,10
mixture,650,0.4172423259263993,0.04230769230769231,1000,11
mixture,660,0.3190330102215795,0.04230769230769231,1000,11
mixture,670,0.32844743600766335,0.04230769230769231,1000,11
mixture,680,0.35292126105309246,0.04230769230769231,1000,11
mixture,690,0.901450244856672,0.038461538461538464,1000,10
mixture,700,0.14301525057298795,0.04230769230769231,1000,11
mixture,710,0.31432462603286687,0.04230769230769231,1000,11
mixture,720,0.3265528324145791,0.04230769230769231,1000,11
mixture,730,0.5214358048996123,0.04230769230769231,1000,11
mixture,740,0.5159291677533563,0.038461538461538464,1000,10
mixture,750,0.3729411337258537,0.038461538461538464,1000,10
mixture,760,0.26800592840241627,0.04230769230769231,1000,11
mixture,770,0.1805966282856795,0.04230769230769231,1000,11
mixture,780,0.3196415863605122,0.04230769230769231,1000,11
mixture,790,0.3622146956280333,0.04230769230769231,1000,11
mixture,800,0.34241605523283936,0.04230769230769231,1000,11
mixture,10,0.2697570253596919,0.04230769230769231,1001,11
mixture,20,0.17623647021055544,0.04230769230769231,1001,11
mixture,30,0.358400075819749,0.04230769230769231,1001,11
mixture,40,0.4212906785310201,0.04230769230769231,1001,11
mixture,50,0.2753488410099237,0.04230769230769231,1001,11
mixture,60,0.2173061482976838,0.04230769230769231,1001,11
mixture,70,0.2171451036382857,0.04230769230769231,1001,11
mixture,80,0.32167638966519313,0.038461538461538464,1001,10
mixture,90,0.2858095660678788,0.04230769230769231,1001,11
mixture,100,0.38552049257455057,0.04230769230769231,1001,11
mixture,110,0.36026807857460735,0.04230769230769231,1001,11
mixture,120,0.3540944654199057,0.04230769230769231,1001,11
mixture,130,0.3733119604691116,0.04230769230769231,1001,11
mixture,140,0.27837495587244176,0.04230769230769231,1001,11
mixture,150,0.2992740374758316,0.04230769230769231,1001,11
mixture,160,0.380431403150679,0.04230769230769231,1001,11
mixture,170,0.28970697240417426,0.04230769230769231,1001,11
mixture,180,0.3085757947202306,0.04230769230769231,1001,11
mixture,190,0.3363030620806795,0.04230769230769231,1001,11
mixture,200,0.2766210318933348,0.04230769230769231,1001,11
mixture,210,0.4650277309876788,0.04230769230769231,1001,11
mixture,220,0.4138706548761634,0.04230769230769231,1001,11
mixture,230,0.5007434586213375,0.04230769230769231,1001,11
mixture,240,0.1675030101044393,0.04230769230769231,1001,11
mixture,250,0.3973689696823622,0.04230769230769231,1001,11
mixture,260,0.21048192329488966,0.04230769230769231,1001,11
mixture,270,0.3532775832314633,0.04230769230769231,1001,11
mixture,280,0.2791999834422033,0.04230769230769231,1001,11
mixture,290,0.4175955183470084,0.04230769230769231,1001,11
mixture,300,0.42924554737833986,0.04230769230769231,1001,11
mixture,310,0.3181744928459653,0.04230769230769231,1001,11
mixture,320,0.40777604926828537,0.04230769230769231,1001,11
mixture,330,0.4998847367593131,0.04230769230769231,1001,11
mixture,340,0.44807560541243086,0.04230769230769231,1001,11
mixture,350,0.26710682146205994,0.04230769230769231,1001,11
mixture,360,0.3189902460994647,0.04230769230769231,1001,11
mixture,370,0.2584025552514274,0.04230769230769231,1001,11
mixture,380,0.5120253551543452,0.04230769230769231,1001,11
mixture,390,0.33077597107757833,0.04230769230769231,1001,11
mixture,400,0.264899017026319,0.04230769230769231,1001,11
mixture,410,0.44962369619521864,0.04230769230769231,1001,11
mixture,420,0.25204607938557644,0.04230769230769231,1001,11
mixture,430,0.3900356254480781,0.04230769230769231,1001,11
mixture,440,0.4182767597372928,0.04230769230769231,1001,11
mixture,450,0.3508810736394626,0.04230769230769231,1001,11
mixture,460,0.20930516849280517,0.03461538461538462,1001,9
mixture,470,0.32332418926072304,0.04230769230769231,1001,11
mixture,480,0.33372615343073575,0.04230769230769231,1001,11
mixture,490,0.33587214643739716,0.04230769230769231,1001,11
mixture,500,0.2241905279405134,0.04230769230769231,1001,11
mixture,510,0.24314612879549283,0.04230769230769231,1001,11
mixture,520,0.47120235741631267,0.04230769230769231,1001,11
mixture,530,0.33515327461402494,0.04230769230769231,1001,11
mixture,540,0.2889031018913601,0.04230769230769231,1001,11
mixture,550,0.4075116227789424,0.04230769230769231,1001,11
mixture,560,0.41131574266118415,0.04230769230769231,1001,11
mixture,570,0.20170397481556795,0.04230769230769231,1001,11
mixture,580,0.319832203279973,0.04230769230769231,1001,11
mixture,590,0.2178240440175211,0.04230769230769231,1001,11
mixture,600,0.282575155721349,0.04230769230769231,1001,11
mixture,610,0.24573506750940882,0.04230769230769231,1001,11
mixture,620,0.3988790848262365,0.04230769230769231,1001,11
mixture,630,0.38749821009453705,0.04230769230769231,1001,11
mixture,640,0.21456137188931637,0.04230769230769231,1001,11
mixture,650,0.2283879065318883,0.04230769230769231,1001,11
mixture,660,0.23239861903386022,0.038461538461538464,1001,10
mixture,670,0.24062950936829586,0.04230769230769231,1001,11
mixture,680,0.2724907265832882,0.04230769230769231,1001,11
mixture,690,0.2672553798815034,0.04230769230769231,1001,11
mixture,700,0.22248494324375748,0.04230769230769231,1001,11
mixture,710,0.2593499265797527,0.04230769230769231,1001,11
mixture,720,0.33484045476671453,0.04230769230769231,1001,11
mixture,730,0.2568676141600888,0.04230769230769231,1001,11
mixture,740,0.371290353797361,0.04230769230769231,1001,11
mixture,750,0.4442929888944376,0.038461538461538464,1001,10
mixture,760,0.29832231784971414,0.038461538461538464,1001,10
mixture,770,0.2573124652995677,0.04230769230769231,1001,11
mixture,780,0.21943965719094133,0.04230769230769231,1001,11
mixture,790,0.27074760905839357,0.04230769230769231,1001,11
mixture,800,0.20649305547330632,0.04230769230769231,1001,11
mixture,10,0.21657568580824246,0.04230769230769231,1002,11
mixture,20,0.23628363507214623,0.04230769230769231,1002,11
mixture,30,0.29705487228935906,0.04230769230769231,1002,11
mixture,40,0.259657754633758,0.04230769230769231,1002,11
mixture,50,0.3563152998114649,0.04230769230769231,1002,11
mixture,60,0.38454242036334707,0.04230769230769231,1002,11
mixture,70,0.26384080704258894,0.04230769230769231,1002,11
mixture,80,0.2654659127008964,0.04230769230769231,1002,11
mixture,90,0.31894669187012026,0.04230769230769231,1002,11
mixture,100,0.3253555460554499,0.04230769230769231,1002,11
mixture,110,0.26199109883494176,0.04230769230769231,1002,11
mixture,120,0.36505318083514343,0.04230769230769231,1002,11
mixture,130,0.46310810976599054,0.04230769230769231,1002,11
mixture,140,0.28754895238767253,0.04230769230769231,1002,11
mixture,150,0.6046122325008999,0.03076923076923077,1002,8
mixture,160,0.5688483973026731,0.03461538461538462,1002,9
mixture,170,0.3429500580475877,0.04230769230769231,1002,11
mixture,180,0.34471274104437405,0.04230769230769231,1002,11
mixture,190,0.26389763628958185,0.04230769230769231,1002,11
mixture,200,0.255803005919166,0.04230769230769231,1002,11
mixture,210,0.24907988516112248,0.04230769230769231,1002,11
mixture,220,0.517489302700286,0.04230769230769231,1002,11
mixture,230,0.3412117920895381,0.04230769230769231,1002,11
mixture,240,0.6221717306971196,0.038461538461538464,1002,10
mixture,250,0.26437728599657184,0.04230769230769231,1002,11
mixture,260,0.22993641728724376,0.04230769230769231,1002,11
mixture,270,0.30180762981086995,0.04230769230769231,1002,11
mixture,280,0.3766593097921763,0.04230769230769231,1002,11
mixture,290,0.27762801133422127,0.04230769230769231,1002,11
mixture,300,0.24569062824806173,0.04230769230769231,1002,11
mixture,310,0.25507763476902734,0.03461538461538462,1002,9
mixture,320,0.35402893007943514,0.038461538461538464,1002,10
mixture,330,0.31543759050915615,0.026923076923076925,1002,7
mixture,340,0.19591568891518932,0.04230769230769231,1002,11
mixture,350,0.30281352288521846,0.04230769230769231,1002,11
mixture,360,0.29895892487011183,0.04230769230769231,1002,11
mixture,370,0.45696967023280344,0.04230769230769231,1002,11
mixture,380,0.2281462812163863,0.03461538461538462,1002,9
mixture,390,0.5158806685519357,0.04230769230769231,1002,11
mixture,400,0.43977491095705695,0.04230769230769231,1002,11
mixture,410,0.29493295934455255,0.04230769230769231,1002,11
mixture,420,0.4658196531568385,0.04230769230769231,1002,11
mixture,430,0.2896126528013324,0.04230769230769231,1002,11
mixture,440,0.3342799481309105,0.038461538461538464,1002,10
mixture,450,0.16353512137018847,0.04230769230769231,1002,11
mixture,460,0.3700553636317746,0.04230769230769231,1002,11
mixture,470,0.4566245559236526,0.04230769230769231,1002,11
mixture,480,0.3805344287692952,0.04230769230769231,1002,11
mixture,490,0.20101101550522252,0.04230769230769231,1002,11
mixture,500,0.43232920344675213,0.04230769230769231,1002,11
mixture,510,0.4452362627746042,0.04230769230769231,1002,11
mixture,520,0.30674975978426083,0.04230769230769231,1002,11
mixture,530,0.24206687744028876,0.04230769230769231,1002,11
mixture,540,0.28964066698680624,0.04230769230769231,1002,11
mixture,550,0.3145806534897664,0.04230769230769231,1002,11
mixture,560,0.3914176826883943,0.038461538461538464,1002,10
mixture,570,0.3051341832387251,0.04230769230769231,1002,11
mixture,580,0.21467094716397847,0.04230769230769231,1002,11
mixture,590,0.3578067092334186,0.04230769230769231,1002,11
mixture,600,0.19185036465822397,0.04230769230769231,1002,11
mixture,610,0.368420180405951,0.04230769230769231,1002,11
mixture,620,0.4262586643395081,0.038461538461538464,1002,10
mixture,630,0.29193353717427684,0.04230769230769231,1002,11
mixture,640,0.3294847983891486,0.04230769230769231,1002,11
mixture,650,0.3918722364863717,0.04230769230769231,1002,11
mixture,660,0.6549708385993749,0.04230769230769231,1002,11
mixture,670,0.20286269098118576,0.04230769230769231,1002,11
mixture,680,0.24775349471975547,0.04230769230769231,1002,11
mixture,690,0.3275060832105922,0.04230769230769231,1002,11
mixture,700,0.2830458182734063,0.04230769230769231,1002,11
mixture,710,0.19417747459939066,0.04230769230769231,1002,11
mixture,720,0.399840918676713,0.04230769230769231,1002,11
mixture,730,0.3343761917126532,0.04230769230769231,1002,11
mixture,740,0.2505761116470514,0.04230769230769231,1002,11
mixture,750,0.19835072003154802,0.04230769230769231,1002,11
mixture,760,0.35689845060482983,0.04230769230769231,1002,11
mixture,770,0.3351476989416815,0.04230769230769231,1002,11
mixture,780,0.3406630041656802,0.04230769230769231,1002,11
mixture,790,0.3901482239149461,0.04230769230769231,1002,11
mixture,800,0.20631981768612428,0.04230769230769231,1002,11
mixture,10,0.264182625893589,0.04230769230769231,1003,11
mixture,20,0.27641831755882484,0.04230769230769231,1003,11
mixture,30,0.42678735380127025,0.04230769230769231,1003,11
mixture,40,0.22585102004729174,0.04230769230769231,1003,11
mixture,50,0.30720279209366796,0.04230769230769231,1003,11
mixture,60,0.370752832039186,0.04230769230769231,1003,11
mixture,70,0.23755224297689015,0.04230769230769231,1003,11
mixture,80,0.2654714636576257,0.04230769230769231,1003,11
mixture,90,0.9987684115267425,0.04230769230769231,1003,11
mixture,100,0.37949675967802265,0.04230769230769231,1003,11
mixture,110,0.3033116497608486,0.04230769230769231,1003,11
mixture,120,0.37334874340502644,0.04230769230769231,1003,11
mixture,130,0.3288049758309285,0.04230769230769231,1003,11
mixture,140,0.28801353155675363,0.04230769230769231,1003,11
mixture,150,0.2781698913718753,0.04230769230769231,1003,11
mixture,160,0.34795524559541585,0.04230769230769231,1003,11
mixture,170,0.3032597758265445,0.04230769230769231,1003,11
mixture,180,0.20575618982136187,0.04230769230769231,1003,11
mixture,190,0.3092609119327412,0.04230769230769231,1003,11
mixture,200,0.4528547453648654,0.04230769230769231,1003,11
mixture,210,0.35379224104966,0.04230769230769231,1003,11
mixture,220,0.3597797451186542,0.04230769230769231,1003,11
mixture,230,0.35527691784364646,0.04230769230769231,1003,11
mixture,240,0.3462529312859542,0.04230769230769231,1003,11
mixture,250,0.45390053007409975,0.04230769230769231,1003,11
mixture,260,0.3543599938207524,0.04230769230769231,1003,11
mixture,270,0.4132471418350867,0.04230769230769231,1003,11
mixture,280,0.2801511678139986,0.04230769230769231,1003,11
mixture,290,0.32255607072120124,0.04230769230769231,1003,11
mixture,300,0.15346425568382033,0.04230769230769231,1003,11
mixture,310,0.30922338570344443,0.04230769230769231,1003,11
mixture,320,0.43344184044457007,0.04230769230769231,1003,11
mixture,330,0.3528933810782875,0.04230769230769231,1003,11
mixture,340,0.2483068272598209,0.04230769230769231,1003,11
mixture,350,0.2148615604261371,0.04230769230769231,1003,11
mixture,360,0.35922971174840496,0.04230769230769231,1003,11
mixture,370,0.4529754821924744,0.04230769230769231,1003,11
mixture,380,0.20115068359455224,0.04230769230769231,1003,11
mixture,390,0.2922658144174846,0.04230769230769231,1003,11
mixture,400,0.2498574850321399,0.04230769230769231,1003,11
mixture,410,0.2351919645388447,0.04230769230769231,1003,11
mixture,420,0.44188691620598897,0.04230769230769231,1003,11
mixture,430,0.3224836072743447,0.04230769230769231,1003,11
mixture,440,0.37059978721485226,0.04230769230769231,1003,11
mixture,450,0.36079970673836315,0.04230769230769231,1003,11
mixture,460,0.44017070221119786,0.04230769230769231,1003,11
mixture,470,0.43442945683601353,0.04230769230769231,1003,11
mixture,480,0.40359994784853587,0.04230769230769231,1003,11
mixture,490,0.2132753381926033,0.04230769230769231,1003,11
mixture,500,0.28661605206700697,0.04230769230769231,1003,11
mixture,510,0.23409954537571476,0.04230769230769231,1003,11
mixture,520,0.36814955192524096,0.04230769230769231,1003,11
mixture,530,0.36107786490296245,0.04230769230769231,1003,11
mixture,540,0.3118759390159382,0.04230769230769231,1003,11
mixture,550,0.2952289962291473,0.04230769230769231,1003,11
mixture,560,0.3239262885633911,0.04230769230769231,1003,11
mixture,570,0.2516524832329711,0.04230769230769231,1003,11
mixture,580,0.31413988598175285,0.04230769230769231,1003,11
mixture,590,0.3551985928565247,0.04230769230769231,1003,11
mixture,600,0.38124658444601345,0.04230769230769231,1003,11
mixture,610,0.4043904303063842,0.04230769230769231,1003,11
mixture,620,0.19594632422826053,0.04230769230769231,1003,11
mixture,630,0.3196472144109696,0.04230769230769231,1003,11
mixture,640,0.42952941843899595,0.04230769230769231,1003,11
mixture,650,0.26083400422954367,0.04230769230769231,1003,11
mixture,660,0.2595910953287838,0.04230769230769231,1003,11
mixture,670,0.38009474202121313,0.04230769230769231,1003,11
mixture,680,0.3235965157705198,0.04230769230769231,1003,11
mixture,690,0.3462725202616643,0.04230769230769231,1003,11
mixture,700,0.2239003796234127,0.04230769230769231,1003,11
mixture,710,0.37037670948936513,0.04230769230769231,1003,11
mixture,720,0.32263905440226487,0.04230769230769231,1003,11
mixture,730,0.2880634197939136,0.04230769230769231,1003,11
mixture,740,0.2863023349103096,0.04230769230769231,1003,11
mixture,750,0.3030337247365001,0.04230769230769231,1003,11
mixture,760,0.5459975413210395,0.04230769230769231,1003,11
mixture,770,0.2604612269513529,0.04230769230769231,1003,11
mixture,780,0.3070705698260439,0.04230769230769231,1003,11
mixture,790,0.2745524863746106,0.038461538461538464,1003,10
mixture,800,0.2683523496984461,0.04230769230769231,1003,11
mixture,10,0.2617529463361935,0.04230769230769231,1004,11
mixture,20,0.3822998220689388,0.04230769230769231,1004,11
mixture,30,0.5439358617773735,0.04230769230769231,1004,11
mixture,40,0.24915277859105725,0.04230769230769231,1004,11
mixture,50,0.19402207058328821,0.04230769230769231,1004,11
mixture,60,0.3106370053239937,0.04230769230769231,1004,11
mixture,70,0.2537389057411543,0.04230769230769231,1004,11
mixture,80,0.3551305589160356,0.04230769230769231,1004,11
mixture,90,0.4080060226544828,0.04230769230769231,1004,11
mixture,100,0.5423319595551216,0.04230769230769231,1004,11
mixture,110,0.34235592951573796,0.04230769230769231,1004,11
mixture,120,0.4379407429259892,0.04230769230769231,1004,11
mixture,130,0.37643639510192445,0.04230769230769231,1004,11
mixture,140,0.22198849056230863,0.04230769230769231,1004,11
mixture,150,0.3624024837018886,0.04230769230769231,1004,11
mixture,160,0.26186509329130225,0.04230769230769231,1004,11
mixture,170,0.4573555114929301,0.04230769230769231,1004,11
mixture,180,0.14625900701905367,0.04230769230769231,1004,11
mixture,190,0.5043506118596341,0.04230769230769231,1004,11
mixture,200,0.4911704554376378,0.04230769230769231,1004,11
mixture,210,0.5966100102265154,0.04230769230769231,1004,11
mixture,220,0.18961761888741718,0.038461538461538464,1004,10
mixture,230,0.22099062001016015,0.04230769230769231,1004,11
mixture,240,0.2877709184978706,0.04230769230769231,1004,11
mixture,250,0.29463173882782273,0.04230769230769231,1004,11
mixture,260,0.31963625785681526,0.04230769230769231,1004,11
mixture,270,0.5007776748042074,0.04230769230769231,1004,11
mixture,280,0.45569960890166195,0.04230769230769231,1004,11
mixture,290,0.37513033431624004,0.04230769230769231,1004,11
mixture,300,0.327800486467272,0.04230769230769231,1004,11
mixture,310,0.2693660056839261,0.038461538461538464,1004,10
mixture,320,0.2988820198763734,0.04230769230769231,1004,11
mixture,330,0.29902098231776725,0.04230769230769231,1004,11
mixture,340,0.6008863155818146,0.04230769230769231,1004,11
mixture,350,0.31569020279250126,0.04230769230769231,1004,11
mixture,360,0.16667590206517827,0.04230769230769231,1004,11
mixture,370,0.25085256707286074,0.04230769230769231,1004,11
mixture,380,0.4435270869348057,0.04230769230769231,1004,11
mixture,390,0.937049938545627,0.04230769230769231,1004,11
mixture,400,0.3260904033050734,0.04230769230769231,1004,11
mixture,410,0.20448702874445593,0.038461538461538464,1004,10
mixture,420,0.35152138738908134,0.03076923076923077,1004,8
mixture,430,0.1641948231676665,0.04230769230769231,1004,11
mixture,440,0.3100991699644618,0.04230769230769231,1004,11
mixture,450,0.47131189978758,0.04230769230769231,1004,11
mixture,460,0.32038526299527353,0.038461538461538464,1004,10
mixture,470,0.24514429154182824,0.04230769230769231,1004,11
mixture,480,0.17100880915765904,0.04230769230769231,1004,11
mixture,490,0.3437914756876752,0.04230769230769231,1004,11
mixture,500,0.44321457806900716,0.04230769230769231,1004,11
mixture,510,0.5241600493185138,0.04230769230769231,1004,11
mixture,520,0.2900096235848704,0.04230769230769231,1004,11
mixture,530,0.46503039798143625,0.04230769230769231,1004,11
mixture,540,0.2917087722881113,0.04230769230769231,1004,11
mixture,550,0.35439800345455125,0.04230769230769231,1004,11
mixture,560,0.25637164202626733,0.04230769230769231,1004,11
mixture,570,0.2932288674215883,0.04230769230769231,1004,11
mixture,580,0.4082791950667804,0.04230769230769231,1004,11
mixture,590,0.16388835195309268,0.04230769230769231,1004,11
mixture,600,0.2784574736926925,0.04230769230769231,1004,11
mixture,610,0.4121576170446513,0.04230769230769231,1004,11
mixture,620,0.3770964960593169,0.04230769230769231,1004,11
mixture,630,0.3704835671131093,0.04230769230769231,1004,11
mixture,640,0.2594993721083807,0.04230769230769231,1004,11
mixture,650,0.3765026158365517,0.04230769230769231,1004,11
mixture,660,0.36110764835311293,0.04230769230769231,1004,11
mixture,670,0.20570895800247166,0.04230769230769231,1004,11
mixture,680,0.5567920580235973,0.04230769230769231,1004,11
mixture,690,0.27557238979313126,0.04230769230769231,1004,11
mixture,700,0.2622690184910097,0.04230769230769231,1004,11
mixture,710,0.41125810903641047,0.04230769230769231,1004,11
mixture,720,0.39889933163687386,0.04230769230769231,1004,11
mixture,730,0.49317718234532076,0.04230769230769231,1004,11
mixture,740,0.28975119290157775,0.04230769230769231,1004,11
mixture,750,0.361626826573112,0.04230769230769231,1004,11
mixture,760,0.2013324468271611,0.04230769230769231,1004,11
mixture,770,0.1873833036921465,0.04230769230769231,1004,11
mixture,780,0.3233767419872222,0.04230769230769231,1004,11
mixture,790,0.34100004363909464,0.04230769230769231,1004,11
mixture,800,0.3497737651088025,0.04230769230769231,1004,11
mixture,10,0.3238985289167449,0.04230769230769231,1005,11
mixture,20,0.2819587599422163,0.04230769230769231,1005,11
mixture,30,0.3206119621830639,0.04230769230769231,1005,11
mixture,40,0.35284916714743114,0.04230769230769231,1005,11
mixture,50,0.2137229725969295,0.04230769230769231,1005,11
mixture,60,0.26505443151305375,0.04230769230769231,1005,11
mixture,70,0.439153689269374,0.04230769230769231,1005,11
mixture,80,0.4198223592194662,0.04230769230769231,1005,11
mixture,90,0.18479706336098808,0.04230769230769231,1005,11
mixture,100,0.31801183705123465,0.04230769230769231,1005,11
mixture,110,0.29699043597740943,0.038461538461538464,1005,10
mixture,120,0.359296108789781,0.04230769230769231,1005,11
mixture,130,0.2847704056873303,0.04230769230769231,1005,11
mixture,140,0.3003241612122945,0.04230769230769231,1005,11
mixture,150,0.3601127411404869,0.04230769230769231,1005,11
mixture,160,0.24824652930106206,0.026923076923076925,1005,7
mixture,170,0.3870263542045698,0.04230769230769231,1005,11
mixture,180,0.3615111022908699,0.04230769230769231,1005,11
mixture,190,0.29498736290387073,0.04230769230769231,1005,11
mixture,200,0.3271751912944818,0.04230769230769231,1005,11
mixture,210,0.32350108449014786,0.04230769230769231,1005,11
mixture,220,0.3106971471690427,0.04230769230769231,1005,11
mixture,230,0.3617947799575088,0.03461538461538462,1005,9
mixture,240,0.3618689526771682,0.04230769230769231,1005,11
mixture,250,0.21298072584003308,0.04230769230769231,1005,11
mixture,260,0.4514728287373748,0.04230769230769231,1005,11
mixture,270,0.20118113905858404,0.04230769230769231,1005,11
mixture,280,0.20770072142424587,0.04230769230769231,1005,11
mixture,290,0.3304637599960606,0.04230769230769231,1005,11
mixture,300,0.22844720147026634,0.04230769230769231,1005,11
mixture,310,0.33638051820303005,0.04230769230769231,1005,11
mixture,320,0.26462805163167563,0.04230769230769231,1005,11
mixture,330,0.3035898044094449,0.038461538461538464,1005,10
mixture,340,0.36264251195156777,0.04230769230769231,1005,11
mixture,350,0.22278272995283246,0.04230769230769231,1005,11
mixture,360,0.42508013950245455,0.04230769230769231,1005,11
mixture,370,0.44695165811863086,0.04230769230769231,1005,11
mixture,380,0.37579687847051074,0.04230769230769231,1005,11
mixture,390,0.3232505271573735,0.04230769230769231,1005,11
mixture,400,0.27918716345950906,0.04230769230769231,1005,11
mixture,410,0.27258541090028526,0.04230769230769231,1005,11
mixture,420,0.3391631742551406,0.04230769230769231,1005,11
mixture,430,0.39053046886867243,0.04230769230769231,1005,11
mixture,440,0.3910776018036387,0.04230769230769231,1005,11
mixture,450,0.25660454669444493,0.04230769230769231,1005,11
mixture,460,0.3885336298502009,0.04230769230769231,1005,11
mixture,470,0.32078838420130984,0.04230769230769231,1005,11
mixture,480,0.25630344890721485,0.04230769230769231,1005,11
mixture,490,0.3838274824166,0.04230769230769231,1005,11
mixture,500,0.4069247763374681,0.038461538461538464,1005,10
mixture,510,0.4668410438699178,0.04230769230769231,1005,11
mixture,520,0.314007639485204,0.04230769230769231,1005,11
mixture,530,0.23657286557936583,0.04230769230769231,1005,11
mixture,540,0.31664017455550136,0.04230769230769231,1005,11
mixture,550,0.3449950455664496,0.04230769230769231,1005,11
mixture,560,0.4845193279390609,0.04230769230769231,1005,11
mixture,570,0.31003036174726406,0.04230769230769231,1005,11
mixture,580,0.3568904735126909,0.04230769230769231,1005,11
mixture,590,0.382688872280481,0.04230769230769231,1005,11
mixture,600,0.3547540437725983,0.04230769230769231,1005,11
mixture,610,0.3330080352521571,0.04230769230769231,1005,11
mixture,620,0.13805714273573,0.04230769230769231,1005,11
mixture,630,0.4096565890520841,0.04230769230769231,1005,11
mixture,640,0.3943910695114035,0.04230769230769231,1005,11
mixture,650,0.3277341037731578,0.04230769230769231,1005,11
mixture,660,0.2826857092017994,0.038461538461538464,1005,10
mixture,670,0.39092216452631906,0.04230769230769231,1005,11
mixture,680,0.4186867097281271,0.04230769230769231,1005,11
mixture,690,0.17879579314276264,0.04230769230769231,1005,11
mixture,700,0.48745191765365914,0.04230769230769231,1005,11
mixture,710,0.30264883199824033,0.04230769230769231,1005,11
mixture,720,0.4315867226979451,0.04230769230769231,1005,11
mixture,730,0.23042342656336287,0.04230769230769231,1005,11
mixture,740,0.2844636897303049,0.04230769230769231,1005,11
mixture,750,0.2927695390024699,0.04230769230769231,1005,11
mixture,760,0.2752211392342033,0.04230769230769231,1005,11
mixture,770,0.29641896028621334,0.04230769230769231,1005,11
mixture,780,0.3671371051512869,0.04230769230769231,1005,11
mixture,790,0.19617332929239242,0.04230769230769231,1005,11
mixture,800,0.3503522116151797,0.04230769230769231,1005,11
mixture,10,0.2641679655634863,0.04230769230769231,1006,11
mixture,20,0.22394594147376926,0.04230769230769231,1006,11
mixture,30,0.3758857576256544,0.04230769230769231,1006,11
mixture,40,0.3085057623519107,0.04230769230769231,1006,11
mixture,50,0.609223320218769,0.04230769230769231,1006,11
mixture,60,0.3813308175367023,0.04230769230769231,1006,11
mixture,70,0.2912546345688431,0.04230769230769231,1006,11
mixture,80,0.3282902964690821,0.04230769230769231,1006,11
mixture,90,0.38381774447018935,0.04230769230769231,1006,11
mixture,100,0.30402445752785084,0.04230769230769231,1006,11
mixture,110,0.22685452959701322,0.04230769230769231,1006,11
mixture,120,0.469929063725439,0.04230769230769231,1006,11
mixture,130,0.30018736960996084,0.04230769230769231,1006,11
mixture,140,0.2943834787404864,0.04230769230769231,1006,11
mixture,150,0.5184150689571158,0.038461538461538464,1006,10
mixture,160,0.4278696177502999,0.04230769230769231,1006,11
mixture,170,0.25086862057374054,0.04230769230769231,1006,11
mixture,180,0.2801636117720459,0.04230769230769231,1006,11
mixture,190,0.2934596173946941,0.04230769230769231,1006,11
mixture,200,0.6790752210977067,0.04230769230769231,1006,11
mixture,210,0.35220900025789326,0.04230769230769231,1006,11
mixture,220,0.3061690056906242,0.04230769230769231,1006,11
mixture,230,0.22126201208159604,0.04230769230769231,1006,11
mixture,240,0.1759596824420093,0.04230769230769231,1006,11
mixture,250,0.2190409601550658,0.04230769230769231,1006,11
mixture,260,0.3642729393875223,0.04230769230769231,1006,11
mixture,270,0.4431011954188245,0.04230769230769231,1006,11
mixture,280,0.29302899996228,0.04230769230769231,1006,11
mixture,290,0.2490649205860583,0.04230769230769231,1006,11
mixture,300,0.4551158511446536,0.04230769230769231,1006,11
mixture,310,0.23395421960670637,0.04230769230769231,1006,11
mixture,320,0.35978333793763556,0.04230769230769231,1006,11
mixture,330,0.280464101944581,0.04230769230769231,1006,11
mixture,340,0.31572940474829486,0.04230769230769231,1006,11
mixture,350,0.3177083294668942,0.04230769230769231,1006,11
mixture,360,0.2958917684649451,0.04230769230769231,1006,11
mixture,370,0.2650213543895903,0.04230769230769231,1006,11
mixture,380,0.2876717427740877,0.04230769230769231,1006,11
mixture,390,0.3300334805431145,0.04230769230769231,1006,11
mixture,400,0.23584658815996845,0.04230769230769231,1006,11
mixture,410,0.21042026420346416,0.04230769230769231,1006,11
mixture,420,0.19404036962316742,0.04230769230769231,1006,11
mixture,430,0.26210105427532,0.04230769230769231,1006,11
mixture,440,0.2665140019668019,0.04230769230769231,1006,11
mixture,450,0.3351129339582512,0.04230769230769231,1006,11
mixture,460,0.38351235285780644,0.04230769230769231,1006,11
mixture,470,0.3544886291053041,0.04230769230769231,1006,11
mixture,480,0.27736211259429117,0.04230769230769231,1006,11
mixture,490,0.283659969655609,0.04230769230769231,1006,11
mixture,500,0.21375460441316757,0.04230769230769231,1006,11
mixture,510,0.26946999956222983,0.04230769230769231,1006,11
mixture,520,0.1794349831106306,0.04230769230769231,1006,11
mixture,530,0.3302949175760842,0.04230769230769231,1006,11
mixture,540,0.27198119364333534,0.04230769230769231,1006,11
mixture,550,0.3822544982455918,0.04230769230769231,1006,11
mixture,560,0.27420813959400814,0.04230769230769231,1006,11
mixture,570,0.22326763182974413,0.04230769230769231,1006,11
mixture,580,0.30817958020515906,0.04230769230769231,1006,11
mixture,590,0.6570951140042142,0.04230769230769231,1006,11
mixture,600,0.35631035211040124,0.04230769230769231,1006,11
mixture,610,0.26135440616917294,0.04230769230769231,1006,11
mixture,620,0.36507496219746655,0.04230769230769231,1006,11
mixture,630,0.345876699318656,0.04230769230769231,1006,11
mixture,640,0.4023541668360712,0.04230769230769231,1006,11
mixture,650,0.5239016338531745,0.04230769230769231,1006,11
mixture,660,0.19156701720793484,0.04230769230769231,1006,11
mixture,670,0.2896621551827405,0.04230769230769231,1006,11
mixture,680,0.22201611421494818,0.04230769230769231,1006,11
mixture,690,0.3934348247985501,0.04230769230769231,1006,11
mixture,700,0.3374827158241897,0.04230769230769231,1006,11
mixture,710,0.19387017592332748,0.04230769230769231,1006,11
mixture,720,0.5556486187481149,0.04230769230769231,1006,11
mixture,730,0.5081950768437031,0.04230769230769231,1006,11
mixture,740,0.2060835918791291,0.04230769230769231,1006,11
mixture,750,0.37509175169196834,0.04230769230769231,1006,11
mixture,760,0.33776527166953285,0.04230769230769231,1006,11
mixture,770,0.2603250571089587,0.04230769230769231,1006,11
mixture,780,0.32291534540266736,0.04230769230769231,1006,11
mixture,790,0.5024728743751304,0.04230769230769231,1006,11
mixture,800,0.34909297948857676,0.04230769230769231,1006,11
mixture,10,0.29389784030255994,0.04230769230769231,1007,11
mixture,20,0.2571208918099579,0.04230769230769231,1007,11
mixture,30,0.2366912215306756,0.04230769230769231,1007,11
mixture,40,0.22897638945473853,0.04230769230769231,1007,11
mixture,50,0.39049076273542804,0.04230769230769231,1007,11
mixture,60,0.25623025827101703,0.04230769230769231,1007,11
mixture,70,0.4062611800891089,0.04230769230769231,1007,11
mixture,80,0.2965178824949316,0.038461538461538464,1007,10
mixture,90,0.5609635419267345,0.04230769230769231,1007,11
mixture,100,0.39526221354823093,0.04230769230769231,1007,11
mixture,110,0.48735356258877344,0.04230769230769231,1007,11
mixture,120,0.3398586073901777,0.04230769230769231,1007,11
mixture,130,0.2567298338489498,0.038461538461538464,1007,10
mixture,140,0.2295085541597498,0.04230769230769231,1007,11
mixture,150,0.3879774309178417,0.04230769230769231,1007,11
mixture,160,0.44633497088602764,0.04230769230769231,1007,11
mixture,170,0.31991227517338783,0.04230769230769231,1007,11
mixture,180,0.42931485388365814,0.04230769230769231,1007,11
mixture,190,0.2852973078800431,0.04230769230769231,1007,11
mixture,200,0.2660592712655705,0.038461538461538464,1007,10
mixture,210,0.2799279942802463,0.04230769230769231,1007,11
mixture,220,0.2979097512845997,0.04230769230769231,1007,11
mixture,230,0.34629944928689615,0.04230769230769231,1007,11
mixture,240,0.26799287597813987,0.04230769230769231,1007,11
mixture,250,0.2520350235892949,0.04230769230769231,1007,11
mixture,260,0.19607634590691572,0.04230769230769231,1007,11
mixture,270,0.24958578324234865,0.04230769230769231,1007,11
mixture,280,0.6970609328857152,0.04230769230769231,1007,11
mixture,290,0.3732732463561119,0.04230769230769231,1007,11
mixture,300,0.2564419845625584,0.04230769230769231,1007,11
mixture,310,0.2549087080874267,0.04230769230769231,1007,11
mixture,320,0.309032624387916,0.04230769230769231,1007,11
mixture,330,0.4260481942325268,0.04230769230769231,1007,11
mixture,340,0.1579201847273488,0.04230769230769231,1007,11
mixture,350,0.34026199318566835,0.04230769230769231,1007,11
mixture,360,0.3582748474049607,0.04230769230769231,1007,11
mixture,370,0.27054533682096626,0.04230769230769231,1007,11
mixture,380,0.19073916762040177,0.04230769230769231,1007,11
mixture,390,0.2535085226941044,0.04230769230769231,1007,11
mixture,400,0.49913883151751326,0.04230769230769231,1007,11
mixture,410,0.42547536717162704,0.038461538461538464,1007,10
mixture,420,0.2801686038870001,0.04230769230769231,1007,11
mixture,430,0.31777251845741356,0.04230769230769231,1007,11
mixture,440,0.3897046569550147,0.04230769230769231,1007,11
mixture,450,0.3541134276197862,0.04230769230769231,1007,11
mixture,460,0.35806925180425564,0.04230769230769231,1007,11
mixture,470,0.4412048234130223,0.04230769230769231,1007,11
mixture,480,0.3667643923825628,0.04230769230769231,1007,11
mixture,490,0.30775775785280274,0.04230769230769231,1007,11
mixture,500,0.2920008052942088,0.04230769230769231,1007,11
mixture,510,0.5107536207410144,0.04230769230769231,1007,11
mixture,520,0.354572605683618,0.04230769230769231,1007,11
mixture,530,0.24973945440903025,0.04230769230769231,1007,11
mixture,540,0.2254469406159509,0.04230769230769231,1007,11
mixture,550,0.3880683405872041,0.04230769230769231,1007,11
mixture,560,0.19286463408577556,0.04230769230769231,1007,11
mixture,570,0.2936254212810357,0.04230769230769231,1007,11
mixture,580,0.3102629925063429,0.04230769230769231,1007,11
mixture,590,0.32058348215304533,0.04230769230769231,1007,11
mixture,600,0.37175013139581065,0.04230769230769231,1007,11
mixture,610,0.2917009099817967,0.04230769230769231,1007,11
mixture,620,0.25913452387740915,0.04230769230769231,1007,11
mixture,630,0.3169265331708928,0.04230769230769231,1007,11
mixture,640,0.5206249011693814,0.04230769230769231,1007,11
mixture,650,0.2506690364685842,0.04230769230769231,1007,11
mixture,660,0.42448040181850893,0.04230769230769231,1007,11
mixture,670,0.20610624258847504,0.04230769230769231,1007,11
mixture,680,0.2818742194039394,0.04230769230769231,1007,11
mixture,690,0.5326103244935867,0.04230769230769231,1007,11
mixture,700,0.2775314202527896,0.04230769230769231,1007,11
mixture,710,0.25722187482568865,0.04230769230769231,1007,11
mixture,720,0.2723149110078229,0.038461538461538464,1007,10
mixture,730,0.21207536133818053,0.04230769230769231,1007,11
mixture,740,0.5048595282966912,0.04230769230769231,1007,11
mixture,750,0.4524161456868093,0.04230769230769231,1007,11
mixture,760,0.2548087023331904,0.04230769230769231,1007,11
mixture,770,0.29989238845193805,0.04230769230769231,1007,11
mixture,780,0.3262254959792179,0.04230769230769231,1007,11
mixture,790,0.21652474947905517,0.04230769230769231,1007,11
mixture,800,0.2912218685118529,0.04230769230769231,1007,11
mixture,10,0.22876157783457637,0.04230769230769231,1008,11
mixture,20,0.2364179037760956,0.04230769230769231,1008,11
mixture,30,0.41014232746710194,0.04230769230769231,1008,11
mixture,40,0.30047860572735663,0.04230769230769231,1008,11
mixture,50,0.7065836824811894,0.04230769230769231,1008,11
mixture,60,0.25581449622437197,0.04230769230769231,1008,11
mixture,70,0.37617815687819084,0.04230769230769231,1008,11
mixture,80,0.3680535321445669,0.04230769230769231,1008,11
mixture,90,0.23693517136379005,0.04230769230769231,1008,11
mixture,100,0.2837126244312605,0.04230769230769231,1008,11
mixture,110,0.2306135478289315,0.038461538461538464,1008,10
mixture,120,0.29090066225012795,0.04230769230769231,1008,11
mixture,130,0.17128977214007046,0.04230769230769231,1008,11
mixture,140,0.280181733203542,0.038461538461538464,1008,10
mixture,150,0.3019035408282972,0.04230769230769231,1008,11
mixture,160,0.30705594999923247,0.04230769230769231,1008,11
mixture,170,0.28829178370480785,0.04230769230769231,1008,11
mixture,180,0.31933911347597677,0.04230769230769231,1008,11
mixture,190,0.19710430497557863,0.04230769230769231,1008,11
mixture,200,0.402895720771098,0.04230769230769231,1008,11
mixture,210,0.4611586994606749,0.04230769230769231,1008,11
mixture,220,0.3533712578382364,0.04230769230769231,1008,11
mixture,230,0.37585998732829784,0.04230769230769231,1008,11
mixture,240,0.7242679805254474,0.023076923076923078,1008,6
mixture,250,0.36080655894783215,0.019230769230769232,1008,5
mixture,260,0.6204316590006077,0.04230769230769231,1008,11
mixture,270,0.4585652823224743,0.038461538461538464,1008,10
mixture,280,0.2855279377664524,0.04230769230769231,1008,11
mixture,290,0.3142741983010922,0.04230769230769231,1008,11
mixture,300,0.33621333913043244,0.04230769230769231,1008,11
mixture,310,0.20619741441264283,0.04230769230769231,1008,11
mixture,320,0.4533515493675848,0.04230769230769231,1008,11
mixture,330,0.3053233328252498,0.04230769230769231,1008,11
mixture,340,0.250317902795358,0.04230769230769231,1008,11
mixture,350,0.3543098144360133,0.04230769230769231,1008,11
mixture,360,0.48134275648877717,0.04230769230769231,1008,11
mixture,370,0.227624871493556,0.04230769230769231,1008,11
mixture,380,0.3946288751265875,0.04230769230769231,1008,11
mixture,390,0.1480575153135197,0.038461538461538464,1008,10
mixture,400,0.2771478782657767,0.04230769230769231,1008,11
mixture,410,0.4144376859594402,0.04230769230769231,1008,11
mixture,420,0.37823540147801754,0.04230769230769231,1008,11
mixture,430,0.3794745078123395,0.04230769230769231,1008,11
mixture,440,0.42395989163447645,0.04230769230769231,1008,11
mixture,450,0.3635529990563774,0.04230769230769231,1008,11
mixture,460,0.31701093146829673,0.04230769230769231,1008,11
mixture,470,0.33623025236706977,0.04230769230769231,1008,11
mixture,480,0.4659778018162391,0.04230769230769231,1008,11
mixture,490,0.21131394844031942,0.04230769230769231,1008,11
mixture,500,0.23432626476369212,0.04230769230769231,1008,11
mixture,510,0.4491917298634428,0.04230769230769231,1008,11
mixture,520,0.26361063347523794,0.04230769230769231,1008,11
mixture,530,0.2555677631007965,0.04230769230769231,1008,11
mixture,540,0.2138071883766563,0.04230769230769231,1008,11
mixture,550,0.31062886973249104,0.04230769230769231,1008,11
mixture,560,0.46959700831549733,0.04230769230769231,1008,11
mixture,570,0.3027399350291576,0.04230769230769231,1008,11
mixture,580,0.2506335066285097,0.04230769230769231,1008,11
mixture,590,0.39177819879177544,0.04230769230769231,1008,11
mixture,600,0.31690429571984186,0.04230769230769231,1008,11
mixture,610,0.2918031255231661,0.04230769230769231,1008,11
mixture,620,0.40754044182144455,0.04230769230769231,1008,11
mixture,630,0.19800595092763726,0.04230769230769231,1008,11
mixture,640,0.474076216700246,0.04230769230769231,1008,11
mixture,650,0.3378095487738935,0.04230769230769231,1008,11
mixture,660,0.2947925685705393,0.04230769230769231,1008,11
mixture,670,0.4304637403101256,0.04230769230769231,1008,11
mixture,680,0.4705714202523224,0.04230769230769231,1008,11
mixture,690,0.16857937996499672,0.04230769230769231,1008,11
mixture,700,0.2075856556712842,0.04230769230769231,1008,11
mixture,710,0.2145966278191108,0.04230769230769231,1008,11
mixture,720,0.3570013005708938,0.04230769230769231,1008,11
mixture,730,0.3944779436168087,0.04230769230769231,1008,11
mixture,740,0.29732255968354576,0.04230769230769231,1008,11
mixture,750,0.2790606076859495,0.04230769230769231,1008,11
mixture,760,0.1441287034825028,0.04230769230769231,1008,11
mixture,770,0.23710447081381653,0.04230769230769231,1008,11
mixture,780,0.3845515656526576,0.04230769230769231,1008,11
mixture,790,0.22432469517397136,0.04230769230769231,1008,11
mixture,800,0.33613334407088497,0.04230769230769231,1008,11
mixture,10,0.23755237667155624,0.04230769230769231,1009,11
mixture,20,0.22908475277398424,0.04230769230769231,1009,11
mixture,30,0.3472757846199384,0.04230769230769231,1009,11
mixture,40,0.35040677661870673,0.04230769230769231,1009,11
mixture,50,0.3068757097165479,0.03461538461538462,1009,9
mixture,60,0.2576335671880596,0.04230769230769231,1009,11
mixture,70,0.2895685440574924,0.04230769230769231,1009,11
mixture,80,0.29759703741701654,0.04230769230769231,1009,11
mixture,90,0.23989214460043254,0.04230769230769231,1009,11
mixture,100,0.3181722522066309,0.04230769230769231,1009,11
mixture,110,0.29518570662530036,0.04230769230769231,1009,11
mixture,120,0.21528271015769043,0.04230769230769231,1009,11
mixture,130,0.23458384201487828,0.04230769230769231,1009,11
mixture,140,0.3566963788963895,0.04230769230769231,1009,11
mixture,150,0.20343980126041092,0.04230769230769231,1009,11
mixture,160,0.2681296959420764,0.04230769230769231,1009,11
mixture,170,0.14977332261363915,0.04230769230769231,1009,11
mixture,180,0.23472291352793467,0.04230769230769231,1009,11
mixture,190,0.20460999875582295,0.04230769230769231,1009,11
mixture,200,0.44965471424130743,0.04230769230769231,1009,11
mixture,210,0.31734982575930926,0.04230769230769231,1009,11
mixture,220,0.4124641850957611,0.04230769230769231,1009,11
mixture,230,0.2691426368763529,0.04230769230769231,1009,11
mixture,240,0.31332140209332354,0.04230769230769231,1009,11
mixture,250,0.3748099091612863,0.04230769230769231,1009,11
mixture,260,0.37787239527108557,0.04230769230769231,1009,11
mixture,270,0.2822430575986398,0.04230769230769231,1009,11
mixture,280,0.2874497733306122,0.04230769230769231,1009,11
mixture,290,0.39868743589758604,0.04230769230769231,1009,11
mixture,300,0.3428081087918662,0.04230769230769231,1009,11
mixture,310,0.4673230674943403,0.04230769230769231,1009,11
mixture,320,0.3989292115004849,0.04230769230769231,1009,11
mixture,330,0.37787799637931657,0.04230769230769231,1009,11
mixture,340,0.24637280344272636,0.04230769230769231,1009,11
mixture,350,0.3296266283453999,0.04230769230769231,1009,11
mixture,360,0.3543008227175696,0.04230769230769231,1009,11
mixture,370,0.5011710358217818,0.04230769230769231,1009,11
mixture,380,0.28050332830378194,0.04230769230769231,1009,11
mixture,390,0.23356931760847852,0.04230769230769231,1009,11
mixture,400,0.2859499018941179,0.04230769230769231,1009,11
mixture,410,0.23486596675110966,0.04230769230769231,1009,11
mixture,420,0.22930326637375903,0.04230769230769231,1009,11
mixture,430,0.3094207581810975,0.04230769230769231,1009,11
mixture,440,0.3188853472360982,0.04230769230769231,1009,11
mixture,450,0.2727530846000189,0.04230769230769231,1009,11
mixture,460,0.19316476843253863,0.04230769230769231,1009,11
mixture,470,0.2300671898868657,0.04230769230769231,1009,11
mixture,480,0.41235131312419054,0.04230769230769231,1009,11
mixture,490,0.38813105703539386,0.04230769230769231,1009,11
mixture,500,0.2444720045158291,0.04230769230769231,1009,11
mixture,510,0.3606212419692433,0.04230769230769231,1009,11
mixture,520,0.2901984421019639,0.04230769230769231,1009,11
mixture,530,0.32396500269249634,0.04230769230769231,1009,11
mixture,540,0.37163241667470265,0.04230769230769231,1009,11
mixture,550,0.37688899724459096,0.04230769230769231,1009,11
mixture,560,0.35338152709700305,0.04230769230769231,1009,11
mixture,570,0.40453886170051173,0.038461538461538464,1009,10
mixture,580,0.3674671934292009,0.04230769230769231,1009,11
mixture,590,0.4095474530186536,0.03461538461538462,1009,9
mixture,600,0.27395699791346434,0.038461538461538464,1009,10
mixture,610,0.4047710106214863,0.04230769230769231,1009,11
mixture,620,0.3731539782383383,0.04230769230769231,1009,11
mixture,630,0.192209755588464,0.038461538461538464,1009,10
mixture,640,0.3515278151092128,0.038461538461538464,1009,10
mixture,650,0.4038208174504508,0.038461538461538464,1009,10
mixture,660,0.22663305706094714,0.04230769230769231,1009,11
mixture,670,0.3266053736486713,0.04230769230769231,1009,11
mixture,680,0.44820877757423927,0.04230769230769231,1009,11
mixture,690,0.38247789810336635,0.04230769230769231,1009,11
mixture,700,0.38294913946597137,0.04230769230769231,1009,11
mixture,710,0.34722073674168985,0.04230769230769231,1009,11
mixture,720,0.1912683885849076,0.04230769230769231,1009,11
mixture,730,0.29013608692866544,0.04230769230769231,1009,11
mixture,740,0.29440349309438085,0.04230769230769231,1009,11
mixture,750,0.28826719613115176,0.04230769230769231,1009,11
mixture,760,0.26133607723060714,0.04230769230769231,1009,11
mixture,770,0.45487341662149416,0.04230769230769231,1009,11
mixture,780,0.2536779098869888,0.038461538461538464,1009,10
mixture,790,0.29629685199213757,0.04230769230769231,1009,11
mixture,800,0.2417945205289559,0.04230769230769231,1009,11
de_rand_1_bin,10,0.9090821266495142,0.04230769230769231,1000,11
de_rand_1_bin,20,0.8991312354846838,0.04230769230769231,1000,11
de_rand_1_bin,30,0.9003001532488448,0.04230769230769231,1000,11
de_rand_1_bin,40,0.908135487627769,0.04230769230769231,1000,11
de_rand_1_bin,50,0.8952695267830612,0.04230769230769231,1000,11
de_rand_1_bin,60,0.914047663001249,0.04230769230769231,1000,11
de_rand_1_bin,70,0.9036325123938792,0.04230769230769231,1000,11
de_rand_1_bin,80,0.916648128033609,0.04230769230769231,1000,11
de_rand_1_bin,90,0.9059188607076022,0.04230769230769231,1000,11
de_rand_1_bin,100,0.9073636674215635,0.04230769230769231,1000,11
de_rand_1_bin,110,0.9197557270673223,0.04230769230769231,1000,11
de_rand_1_bin,120,0.8982026258769502,0.04230769230769231,1000,11
de_rand_1_bin,130,0.8918972535676052,0.04230769230769231,1000,11
de_rand_1_bin,140,0.8917998901885337,0.04230769230769231,1000,11
de_rand_1_bin,150,0.9254115894160759,0.04230769230769231,1000,11
de_rand_1_bin,160,0.910165471969469,0.04230769230769231,1000,11
de_rand_1_bin,170,0.9141504793792784,0.04230769230769231,1000,11
de_rand_1_bin,180,0.899485580755181,0.04230769230769231,1000,11
de_rand_1_bin,190,0.9054695165524902,0.04230769230769231,1000,11
de_rand_1_bin,200,0.9083284479198754,0.04230769230769231,1000,11
de_rand_1_bin,210,0.903445312762088,0.04230769230769231,1000,11
de_rand_1_bin,220,0.9047011404411242,0.04230769230769231,1000,11
de_rand_1_bin,230,0.9091031888834408,0.04230769230769231,1000,11
de_rand_1_bin,240,0.9060518033773395,0.04230769230769231,1000,11
de_rand_1_bin,250,0.9273018616336657,0.04230769230769231,1000,11
de_rand_1_bin,260,0.9076605451401356,0.04230769230769231,1000,11
de_rand_1_bin,270,0.8861366481819405,0.04230769230769231,1000,11
de_rand_1_bin,280,0.9176769361299547,0.04230769230769231,1000,11
de_rand_1_bin,290,0.9033343450837874,0.04230769230769231,1000,11
de_rand_1_bin,300,0.9204517345935862,0.04230769230769231,1000,11
de_rand_1_bin,310,0.9015337699076502,0.04230769230769231,1000,11
de_rand_1_bin,320,0.9130721068538873,0.04230769230769231,1000,11
de_rand_1_bin,330,0.9082537008142508,0.04230769230769231,1000,11
de_rand_1_bin,340,0.8915025394208116,0.04230769230769231,1000,11
de_rand_1_bin,350,0.9116355659809048,0.04230769230769231,1000,11
de_rand_1_bin,360,0.9155741593498233,0.04230769230769231,1000,11
de_rand_1_bin,370,0.9263414863197333,0.04230769230769231,1000,11
de_rand_1_bin,380,0.9037309814890464,0.04230769230769231,1000,11
de_rand_1_bin,390,0.9279414603101447,0.04230769230769231,1000,11
de_rand_1_bin,400,0.9017313043154657,0.04230769230769231,1000,11
de_rand_1_bin,410,0.9279886604321416,0.04230769230769231,1000,11
de_rand_1_bin,420,0.9101833429072718,0.04230769230769231,1000,11
de_rand_1_bin,430,0.9119780639241452,0.04230769230769231,1000,11
de_rand_1_bin,440,0.9185246761767346,0.04230769230769231,1000,11
de_rand_1_bin,450,0.921545766010805,0.04230769230769231,1000,11
de_rand_1_bin,460,0.9246138473863469,0.04230769230769231,1000,11
de_rand_1_bin,470,0.9117884825222266,0.04230769230769231,1000,11
de_rand_1_bin,480,0.8927360016548557,0.04230769230769231,1000,11
de_rand_1_bin,490,0.9139194949250555,0.04230769230769231,1000,11
de_rand_1_bin,500,0.9165221576906714,0.04230769230769231,1000,11
de_rand_1_bin,510,0.9164666449202158,0.04230769230769231,1000,11
de_rand_1_bin,520,0.9043099010172043,0.04230769230769231,1000,11
de_rand_1_bin,530,0.9143215234897547,0.04230769230769231,1000,11
de_rand_1_bin,540,0.9150251423942711,0.04230769230769231,1000,11
de_rand_1_bin,550,0.9104255933021098,0.04230769230769231,1000,11
de_rand_1_bin,560,0.9226396555406448,0.04230769230769231,1000,11
de_rand_1_bin,570,0.9309500173510097,0.04230769230769231,1000,11
de_rand_1_bin,580,0.9179144550819949,0.04230769230769231,1000,11
de_rand_1_bin,590,0.9111676505028073,0.04230769230769231,1000,11
de_rand_1_bin,600,0.9131266966316737,0.04230769230769231,1000,11
de_rand_1_bin,610,0.9137510900803547,0.04230769230769231,1000,11
de_rand_1_bin,620,0.907609209566528,0.04230769230769231,1000,11
de_rand_1_bin,630,0.9098559471037757,0.04230769230769231,1000,11
de_rand_1_bin,640,0.9100989347611589,0.04230769230769231,1000,11
de_rand_1_bin,650,0.9213642651980952,0.04230769230769231,1000,11
de_rand_1_bin,660,0.9255632514123603,0.04230769230769231,1000,11
de_rand_1_bin,670,0.9255129013688058,0.04230769230769231,1000,11
de_rand_1_bin,680,0.9430691091970091,0.04230769230769231,1000,11
de_rand_1_bin,690,0.9350257906055797,0.04230769230769231,1000,11
de_rand_1_bin,700,0.903852089046727,0.04230769230769231,1000,11
de_rand_1_bin,710,0.9372267651292527,0.04230769230769231,1000,11
de_rand_1_bin,720,0.9086399105488324,0.04230769230769231,1000,11
de_rand_1_bin,730,0.9092717610509174,0.04230769230769231,1000,11
de_rand_1_bin,10,0.9039526979960132,0.04230769230769231,1001,11
de_rand_1_bin,20,0.9251785237037504,0.04230769230769231,1001,11
de_rand_1_bin,30,0.9163472911184206,0.04230769230769231,1001,11
de_rand_1_bin,40,0.8852703542845725,0.04230769230769231,1001,11
de_rand_1_bin,50,0.8981981439514195,0.04230769230769231,1001,11
de_rand_1_bin,60,0.9305920417389356,0.04230769230769231,1001,11
de_rand_1_bin,70,0.8894924429245074,0.04230769230769231,1001,11
de_rand_1_bin,80,0.9257354897498639,0.04230769230769231,1001,11
de_rand_1_bin,90,0.913015426725522,0.04230769230769231,1001,11
de_rand_1_bin,100,0.9239192719676601,0.04230769230769231,1001,11
de_rand_1_bin,110,0.9109940693507751,0.04230769230769231,1001,11
de_rand_1_bin,120,0.9079455352220913,0.04230769230769231,1001,11
de_rand_1_bin,130,0.9277971112094267,0.04230769230769231,1001,11
de_rand_1_bin,140,0.9086475023814385,0.04230769230769231,1001,11
de_rand_1_bin,150,0.9045509115224318,0.04230769230769231,1001,11
de_rand_1_bin,160,0.9041135160848587,0.04230769230769231,1001,11
de_rand_1_bin,170,0.9110265932835465,0.04230769230769231,1001,11
de_rand_1_bin,180,0.9256053530932999,0.04230769230769231,1001,11
de_rand_1_bin,190,0.8972220550074512,0.04230769230769231,1001,11
de_rand_1_bin,200,0.9061797088807975,0.04230769230769231,1001,11
de_rand_1_bin,210,0.9224263100695232,0.04230769230769231,1001,11
de_rand_1_bin,220,0.9156992908476213,0.04230769230769231,1001,11
de_rand_1_bin,230,0.919518807001609,0.04230769230769231,1001,11
de_rand_1_bin,240,0.9175021784375627,0.04230769230769231,1001,11
de_rand_1_bin,250,0.9285175825959148,0.04230769230769231,1001,11
de_rand_1_bin,260,0.9209421730278176,0.04230769230769231,1001,11
de_rand_1_bin,270,0.9008266691316019,0.04230769230769231,1001,11
de_rand_1_bin,280,0.9127098278322769,0.04230769230769231,1001,11
de_rand_1_bin,290,0.902584007925526,0.04230769230769231,1001,11
de_rand_1_bin,300,0.9207857645431266,0.04230769230769231,1001,11
de_rand_1_bin,310,0.9351483470662173,0.04230769230769231,1001,11
de_rand_1_bin,320,0.886600520608095,0.04230769230769231,1001,11
de_rand_1_bin,330,0.9091694737509535,0.04230769230769231,1001,11
de_rand_1_bin,340,0.9441861023423067,0.04230769230769231,1001,11
de_rand_1_bin,350,0.925624204618218,0.04230769230769231,1001,11
de_rand_1_bin,360,0.9265297999586206,0.04230769230769231,1001,11
de_rand_1_bin,370,0.9392807653570546,0.04230769230769231,1001,11
de_rand_1_bin,380,0.9213962805749678,0.04230769230769231,1001,11
de_rand_1_bin,390,0.9299432662006405,0.04230769230769231,1001,11
de_rand_1_bin,400,0.9473308213900905,0.04230769230769231,1001,11
de_rand_1_bin,410,0.9377755588644696,0.04230769230769231,1001,11
de_rand_1_bin,420,0.9298365232267255,0.04230769230769231,1001,11
de_rand_1_bin,430,0.9252262168580541,0.04230769230769231,1001,11
de_rand_1_bin,440,0.9132210971929954,0.04230769230769231,1001,11
de_rand_1_bin,450,0.9339234573718098,0.04230769230769231,1001,11
de_rand_1_bin,460,0.9039784532707009,0.04230769230769231,1001,11
de_rand_1_bin,470,0.9488588500444023,0.04230769230769231,1001,11
de_rand_1_bin,480,0.9314431028505923,0.04230769230769231,1001,11
de_rand_1_bin,490,0.9119775301652688,0.04230769230769231,1001,11
de_rand_1_bin,500,0.9387317484530945,0.04230769230769231,1001,11
de_rand_1_bin,510,0.9305463271995363,0.04230769230769231,1001,11
de_rand_1_bin,520,0.946410882500787,0.04230769230769231,1001,11
de_rand_1_bin,530,0.9162393864263735,0.04230769230769231,1001,11
de_rand_1_bin,540,0.9562760448122495,0.04230769230769231,1001,11
de_rand_1_bin,550,0.9050498563535277,0.04230769230769231,1001,11
de_rand_1_bin,560,0.9574492746289743,0.04230769230769231,1001,11
de_rand_1_bin,570,0.9702340645572102,0.04230769230769231,1001,11
de_rand_1_bin,580,0.9284823592197827,0.04230769230769231,1001,11
de_rand_1_bin,590,0.9472792924234775,0.04230769230769231,1001,11
de_rand_1_bin,600,0.9560336315783858,0.04230769230769231,1001,11
de_rand_1_bin,610,0.936982675798215,0.04230769230769231,1001,11
de_rand_1_bin,620,0.9332373205326462,0.04230769230769231,1001,11
de_rand_1_bin,630,0.9278779379046802,0.04230769230769231,1001,11
de_rand_1_bin,640,0.962649894039049,0.04230769230769231,1001,11
de_rand_1_bin,650,0.9416180356318263,0.04230769230769231,1001,11
de_rand_1_bin,660,0.977771494220569,0.04230769230769231,1001,11
de_rand_1_bin,670,0.9578602262927496,0.04230769230769231,1001,11
de_rand_1_bin,680,0.9562546381475633,0.04230769230769231,1001,11
de_rand_1_bin,690,0.9618146945212351,0.04230769230769231,1001,11
de_rand_1_bin,700,0.959815655175408,0.04230769230769231,1001,11
de_rand_1_bin,710,0.9536285459060531,0.04230769230769231,1001,11
de_rand_1_bin,720,0.949687650857275,0.04230769230769231,1001,11
de_rand_1_bin,730,0.91655469732066,0.04230769230769231,1001,11
de_rand_1_bin,10,0.8876906327109984,0.04230769230769231,1002,11
de_rand_1_bin,20,0.9106914688974813,0.04230769230769231,1002,11
de_rand_1_bin,30,0.9009202055960407,0.04230769230769231,1002,11
de_rand_1_bin,40,0.8934084667342924,0.04230769230769231,1002,11
de_rand_1_bin,50,0.9151949779612986,0.04230769230769231,1002,11
de_rand_1_bin,60,0.8977403553369633,0.04230769230769231,1002,11
de_rand_1_bin,70,0.8837375066784702,0.04230769230769231,1002,11
de_rand_1_bin,80,0.9331612949064576,0.04230769230769231,1002,11
de_rand_1_bin,90,0.9140044474663704,0.04230769230769231,1002,11
de_rand_1_bin,100,0.9013452335696167,0.04230769230769231,1002,11
de_rand_1_bin,110,0.9153416364486433,0.04230769230769231,1002,11
de_rand_1_bin,120,0.8973279924801405,0.04230769230769231,1002,11
de_rand_1_bin,130,0.90347043630858,0.04230769230769231,1002,11
de_rand_1_bin,140,0.9152203582089918,0.04230769230769231,1002,11
de_rand_1_bin,150,0.9153542188770682,0.04230769230769231,1002,11
de_rand_1_bin,160,0.9140249140493119,0.04230769230769231,1002,11
de_rand_1_bin,170,0.8798642338082074,0.04230769230769231,1002,11
de_rand_1_bin,180,0.912965683777359,0.04230769230769231,1002,11
de_rand_1_bin,190,0.9111638359046386,0.04230769230769231,1002,11
de_rand_1_bin,200,0.9191812506923173,0.04230769230769231,1002,11
de_rand_1_bin,210,0.935162497311446,0.04230769230769231,1002,11
de_rand_1_bin,220,0.9180467773160769,0.04230769230769231,1002,11
de_rand_1_bin,230,0.9272259491733251,0.04230769230769231,1002,11
de_rand_1_bin,240,0.9114685279066782,0.04230769230769231,1002,11
de_rand_1_bin,250,0.9440704854471159,0.04230769230769231,1002,11
de_rand_1_bin,260,0.9213490103085692,0.04230769230769231,1002,11
de_rand_1_bin,270,0.8965700287153502,0.04230769230769231,1002,11
de_rand_1_bin,280,0.9308243309262402,0.04230769230769231,1002,11
de_rand_1_bin,290,0.9284286891038951,0.04230769230769231,1002,11
de_rand_1_bin,300,0.9110251806326567,0.04230769230769231,1002,11
de_rand_1_bin,310,0.9312303045162346,0.04230769230769231,1002,11
de_rand_1_bin,320,0.8893969749947891,0.04230769230769231,1002,11
de_rand_1_bin,330,0.9207415590712862,0.04230769230769231,1002,11
de_rand_1_bin,340,0.9124033486289219,0.04230769230769231,1002,11
de_rand_1_bin,350,0.9281345814757384,0.04230769230769231,1002,11
de_rand_1_bin,360,0.9224117555283917,0.04230769230769231,1002,11
de_rand_1_bin,370,0.9279629473046933,0.04230769230769231,1002,11
de_rand_1_bin,380,0.9379098880907186,0.04230769230769231,1002,11
de_rand_1_bin,390,0.9036794393663609,0.04230769230769231,1002,11
de_rand_1_bin,400,0.9286293638074427,0.04230769230769231,1002,11
de_rand_1_bin,410,0.9122766778221085,0.04230769230769231,1002,11
de_rand_1_bin,420,0.9196791165951402,0.04230769230769231,1002,11
de_rand_1_bin,430,0.9097463050611457,0.04230769230769231,1002,11
de_rand_1_bin,440,0.9126893087482162,0.04230769230769231,1002,11
de_rand_1_bin,450,0.9394629134708267,0.04230769230769231,1002,11
de_rand_1_bin,460,0.9272048695817627,0.04230769230769231,1002,11
de_rand_1_bin,470,0.8638741924438791,0.04230769230769231,1002,11
de_rand_1_bin,480,0.8732086895368861,0.04230769230769231,1002,11
de_rand_1_bin,490,0.9249944743606625,0.04230769230769231,1002,11
de_rand_1_bin,500,0.9112769187123629,0.04230769230769231,1002,11
de_rand_1_bin,510,0.8999229927928059,0.04230769230769231,1002,11
de_rand_1_bin,520,0.9398279737954836,0.04230769230769231,1002,11
de_rand_1_bin,530,0.9514359864784642,0.04230769230769231,1002,11
de_rand_1_bin,540,0.9149407932338923,0.04230769230769231,1002,11
de_rand_1_bin,550,0.9222892520395939,0.04230769230769231,1002,11
de_rand_1_bin,560,0.9163334011325238,0.04230769230769231,1002,11
de_rand_1_bin,570,0.9017091401323377,0.04230769230769231,1002,11
de_rand_1_bin,580,0.9213067943078855,0.04230769230769231,1002,11
de_rand_1_bin,590,0.8975732961366228,0.04230769230769231,1002,11
de_rand_1_bin,600,0.9022220016969819,0.04230769230769231,1002,11
de_rand_1_bin,610,0.8737453297459329,0.04230769230769231,1002,11
de_rand_1_bin,620,0.9127964651762291,0.04230769230769231,1002,11
de_rand_1_bin,630,0.9310831317257385,0.04230769230769231,1002,11
de_rand_1_bin,640,0.943592921190696,0.04230769230769231,1002,11
de_rand_1_bin,650,0.9215421078366784,0.04230769230769231,1002,11
de_rand_1_bin,660,0.92693783446519,0.04230769230769231,1002,11
de_rand_1_bin,670,0.9097181168234038,0.04230769230769231,1002,11
de_rand_1_bin,680,0.8940472245304499,0.04230769230769231,1002,11
de_rand_1_bin,690,0.9479250095160147,0.04230769230769231,1002,11
de_rand_1_bin,700,0.9401156272147945,0.04230769230769231,1002,11
de_rand_1_bin,710,0.9301551015798802,0.04230769230769231,1002,11
de_rand_1_bin,720,0.9225160133599003,0.04230769230769231,1002,11
de_rand_1_bin,730,0.9025961389692573,0.04230769230769231,1002,11
de_rand_1_bin,10,0.910067749601589,0.04230769230769231,1003,11
de_rand_1_bin,20,0.9138891267235622,0.04230769230769231,1003,11
de_rand_1_bin,30,0.9190212311460412,0.04230769230769231,1003,11
de_rand_1_bin,40,0.9136395227874742,0.04230769230769231,1003,11
de_rand_1_bin,50,0.8903468430475541,0.04230769230769231,1003,11
de_rand_1_bin,60,0.9226756478835237,0.04230769230769231,1003,11
de_rand_1_bin,70,0.9006622825355269,0.04230769230769231,1003,11
de_rand_1_bin,80,0.8948592942702707,0.04230769230769231,1003,11
de_rand_1_bin,90,0.9239705093384578,0.04230769230769231,1003,11
de_rand_1_bin,100,0.9056913481417235,0.04230769230769231,1003,11
de_rand_1_bin,110,0.9275051642214339,0.04230769230769231,1003,11
de_rand_1_bin,120,0.930951215041909,0.04230769230769231,1003,11
de_rand_1_bin,130,0.9375818486179021,0.04230769230769231,1003,11
de_rand_1_bin,140,0.931823059053622,0.04230769230769231,1003,11
de_rand_1_bin,150,0.9204963396666951,0.04230769230769231,1003,11
de_rand_1_bin,160,0.9285854316337883,0.04230769230769231,1003,11
de_rand_1_bin,170,0.9176351766825491,0.04230769230769231,1003,11
de_rand_1_bin,180,0.9275531531821825,0.04230769230769231,1003,11
de_rand_1_bin,190,0.926222911954261,0.04230769230769231,1003,11
de_rand_1_bin,200,0.9498140084422726,0.04230769230769231,1003,11
de_rand_1_bin,210,0.9067045732188538,0.04230769230769231,1003,11
de_rand_1_bin,220,0.916881104580539,0.04230769230769231,1003,11
de_rand_1_bin,230,0.9221718957088609,0.04230769230769231,1003,11
de_rand_1_bin,240,0.9189004512905344,0.04230769230769231,1003,11
de_rand_1_bin,250,0.92973251001354,0.04230769230769231,1003,11
de_rand_1_bin,260,0.9177618507840574,0.04230769230769231,1003,11
de_rand_1_bin,270,0.9217724230018735,0.04230769230769231,1003,11
de_rand_1_bin,280,0.9042702416364534,0.04230769230769231,1003,11
de_rand_1_bin,290,0.9217449371075657,0.04230769230769231,1003,11
de_rand_1_bin,300,0.915463230455746,0.04230769230769231,1003,11
de_rand_1_bin,310,0.9253881077612273,0.04230769230769231,1003,11
de_rand_1_bin,320,0.9508533542908713,0.04230769230769231,1003,11
de_rand_1_bin,330,0.9218143289432467,0.04230769230769231,1003,11
de_rand_1_bin,340,0.942448930705451,0.04230769230769231,1003,11
de_rand_1_bin,350,0.8940537713186506,0.04230769230769231,1003,11
de_rand_1_bin,360,0.9448855888229071,0.04230769230769231,1003,11
de_rand_1_bin,370,0.9170182465865286,0.04230769230769231,1003,11
de_rand_1_bin,380,0.9342672711365781,0.04230769230769231,1003,11
de_rand_1_bin,390,0.9241938241844903,0.04230769230769231,1003,11
de_rand_1_bin,400,0.8810626730478912,0.04230769230769231,1003,11
de_rand_1_bin,410,0.9125753535410847,0.04230769230769231,1003,11
de_rand_1_bin,420,0.9056105597012015,0.04230769230769231,1003,11
de_rand_1_bin,430,0.9135858715736799,0.04230769230769231,1003,11
de_rand_1_bin,440,0.8834581013302366,0.04230769230769231,1003,11
de_rand_1_bin,450,0.9330165896521598,0.04230769230769231,1003,11
de_rand_1_bin,460,0.9431519692221272,0.04230769230769231,1003,11
de_rand_1_bin,470,0.9107743027297573,0.04230769230769231,1003,11
de_rand_1_bin,480,0.9366038709995292,0.04230769230769231,1003,11
de_rand_1_bin,490,0.9282199610667573,0.04230769230769231,1003,11
de_rand_1_bin,500,0.9341040711832506,0.04230769230769231,1003,11
de_rand_1_bin,510,0.9422518850415402,0.04230769230769231,1003,11
de_rand_1_bin,520,0.9101720652192231,0.04230769230769231,1003,11
de_rand_1_bin,530,0.9290853991713458,0.04230769230769231,1003,11
de_rand_1_bin,540,0.9309093722952038,0.04230769230769231,1003,11
de_rand_1_bin,550,0.9074314259840918,0.04230769230769231,1003,11
de_rand_1_bin,560,0.9647363254250522,0.04230769230769231,1003,11
de_rand_1_bin,570,0.9226626280417541,0.04230769230769231,1003,11
de_rand_1_bin,580,0.8989573845108683,0.04230769230769231,1003,11
de_rand_1_bin,590,0.9027188217756947,0.04230769230769231,1003,11
de_rand_1_bin,600,0.961391650840478,0.04230769230769231,1003,11
de_rand_1_bin,610,0.9412192999600304,0.04230769230769231,1003,11
de_rand_1_bin,620,0.9519497999152842,0.04230769230769231,1003,11
de_rand_1_bin,630,0.9003278844364719,0.04230769230769231,1003,11
de_rand_1_bin,640,0.9267426394846808,0.04230769230769231,1003,11
de_rand_1_bin,650,0.9064428725592508,0.04230769230769231,1003,11
de_rand_1_bin,660,0.9113226240193032,0.04230769230769231,1003,11
de_rand_1_bin,670,0.9478187757743118,0.04230769230769231,1003,11
de_rand_1_bin,680,0.9205452258467525,0.04230769230769231,1003,11
de_rand_1_bin,690,0.9463188277207207,0.04230769230769231,1003,11
de_rand_1_bin,700,0.922099804824875,0.04230769230769231,1003,11
de_rand_1_bin,710,0.9402672942287614,0.04230769230769231,1003,11
de_rand_1_bin,720,0.9377516290229687,0.04230769230769231,1003,11
de_rand_1_bin,730,0.9300823860266703,0.04230769230769231,1003,11
de_rand_1_bin,10,0.9078353460089791,0.04230769230769231,1004,11
de_rand_1_bin,20,0.9164517843610583,0.04230769230769231,1004,11
de_rand_1_bin,30,0.9167087784503539,0.04230769230769231,1004,11
de_rand_1_bin,40,0.9004461160838488,0.04230769230769231,1004,11
de_rand_1_bin,50,0.9150737159851876,0.04230769230769231,1004,11
de_rand_1_bin,60,0.9174366188886003,0.04230769230769231,1004,11
de_rand_1_bin,70,0.9177204830314453,0.04230769230769231,1004,11
de_rand_1_bin,80,0.9022841043599955,0.04230769230769231,1004,11
de_rand_1_bin,90,0.9050654362380247,0.04230769230769231,1004,11
de_rand_1_bin,100,0.9132809826417237,0.04230769230769231,1004,11
de_rand_1_bin,110,0.9061710063721651,0.04230769230769231,1004,11
de_rand_1_bin,120,0.9044783564107063,0.04230769230769231,1004,11
de_rand_1_bin,130,0.9068354819131388,0.04230769230769231,1004,11
de_rand_1_bin,140,0.9027661029898225,0.04230769230769231,1004,11
de_rand_1_bin,150,0.9093652196522508,0.04230769230769231,1004,11
de_rand_1_bin,160,0.9063805527328342,0.04230769230769231,1004,11
de_rand_1_bin,170,0.9053002204034443,0.04230769230769231,1004,11
de_rand_1_bin,180,0.8912792898331531,0.04230769230769231,1004,11
de_rand_1_bin,190,0.9259159470390937,0.04230769230769231,1004,11
de_rand_1_bin,200,0.9066656242253259,0.04230769230769231,1004,11
de_rand_1_bin,210,0.9092507862354906,0.04230769230769231,1004,11
de_rand_1_bin,220,0.9123143630203714,0.04230769230769231,1004,11
de_rand_1_bin,230,0.9040420554661089,0.04230769230769231,1004,11
de_rand_1_bin,240,0.9102251077748211,0.04230769230769231,1004,11
de_rand_1_bin,250,0.9340124068751886,0.04230769230769231,1004,11
de_rand_1_bin,260,0.9057293662443519,0.04230769230769231,1004,11
de_rand_1_bin,270,0.9397548545306219,0.04230769230769231,1004,11
de_rand_1_bin,280,0.9358905975572805,0.04230769230769231,1004,11
de_rand_1_bin,290,0.9032481779285456,0.04230769230769231,1004,11
de_rand_1_bin,300,0.9369747352061979,0.04230769230769231,1004,11
de_rand_1_bin,310,0.9197936493672015,0.04230769230769231,1004,11
de_rand_1_bin,320,0.946385113003528,0.04230769230769231,1004,11
de_rand_1_bin,330,0.9324011135836384,0.04230769230769231,1004,11
de_rand_1_bin,340,0.9350962082734181,0.04230769230769231,1004,11
de_rand_1_bin,350,0.941385334563669,0.04230769230769231,1004,11
de_rand_1_bin,360,0.9072180625608612,0.04230769230769231,1004,11
de_rand_1_bin,370,0.9294959407983733,0.04230769230769231,1004,11
de_rand_1_bin,380,0.9528145528742425,0.04230769230769231,1004,11
de_rand_1_bin,390,0.9352114247039357,0.04230769230769231,1004,11
de_rand_1_bin,400,0.9381376803365561,0.04230769230769231,1004,11
de_rand_1_bin,410,0.9433239442572946,0.04230769230769231,1004,11
de_rand_1_bin,420,0.928003572347833,0.04230769230769231,1004,11
de_rand_1_bin,430,0.9418978167324886,0.04230769230769231,1004,11
de_rand_1_bin,440,0.9384800509907318,0.04230769230769231,1004,11
de_rand_1_bin,450,0.9509432674679835,0.04230769230769231,1004,11
de_rand_1_bin,460,0.9735555831259884,0.04230769230769231,1004,11
de_rand_1_bin,470,0.9449356461776931,0.04230769230769231,1004,11
de_rand_1_bin,480,0.9317411034879085,0.04230769230769231,1004,11
de_rand_1_bin,490,0.9577378788891848,0.04230769230769231,1004,11
de_rand_1_bin,500,0.9104321154727661,0.04230769230769231,1004,11
de_rand_1_bin,510,0.9420649977082777,0.04230769230769231,1004,11
de_rand_1_bin,520,0.9756252753810349,0.04230769230769231,1004,11
de_rand_1_bin,530,0.9628121410326123,0.04230769230769231,1004,11
de_rand_1_bin,540,0.9488610684272176,0.04230769230769231,1004,11
de_rand_1_bin,550,0.9093964017653332,0.04230769230769231,1004,11
de_rand_1_bin,560,0.9557011126381338,0.04230769230769231,1004,11
de_rand_1_bin,570,0.9082177379653619,0.04230769230769231,1004,11
de_rand_1_bin,580,0.959481895201041,0.04230769230769231,1004,11
de_rand_1_bin,590,0.9316654712091107,0.04230769230769231,1004,11
de_rand_1_bin,600,0.9657541361519578,0.04230769230769231,1004,11
de_rand_1_bin,610,0.9759344266871337,0.04230769230769231,1004,11
de_rand_1_bin,620,0.9467748410173779,0.04230769230769231,1004,11
de_rand_1_bin,630,0.9525567582124652,0.04230769230769231,1004,11
de_rand_1_bin,640,0.9410200794396185,0.04230769230769231,1004,11
de_rand_1_bin,650,0.9635031380792897,0.04230769230769231,1004,11
de_rand_1_bin,660,0.9717710836106938,0.04230769230769231,1004,11
de_rand_1_bin,670,0.9827498724050391,0.04230769230769231,1004,11
de_rand_1_bin,680,0.9573489407669218,0.04230769230769231,1004,11
de_rand_1_bin,690,0.96044004328877,0.04230769230769231,1004,11
de_rand_1_bin,700,0.9567731314347371,0.04230769230769231,1004,11
de_rand_1_bin,710,0.9569404862792829,0.04230769230769231,1004,11
de_rand_1_bin,720,0.9400388195296886,0.04230769230769231,1004,11
de_rand_1_bin,730,0.9817461273024669,0.04230769230769231,1004,11
de_rand_1_bin,10,0.9084838053036767,0.04230769230769231,1005,11
de_rand_1_bin,20,0.8909116916420013,0.04230769230769231,1005,11
de_rand_1_bin,30,0.9122962421595834,0.04230769230769231,1005,11
de_rand_1_bin,40,0.9047127074483537,0.04230769230769231,1005,11
de_rand_1_bin,50,0.9100493330541638,0.04230769230769231,1005,11
de_rand_1_bin,60,0.9030537133902561,0.04230769230769231,1005,11
de_rand_1_bin,70,0.895813827987619,0.04230769230769231,1005,11
de_rand_1_bin,80,0.9330794128889629,0.04230769230769231,1005,11
de_rand_1_bin,90,0.9035492386071944,0.04230769230769231,1005,11
de_rand_1_bin,100,0.9159007966175919,0.04230769230769231,1005,11
de_rand_1_bin,110,0.927764399364524,0.04230769230769231,1005,11
de_rand_1_bin,120,0.9087663753765908,0.04230769230769231,1005,11
de_rand_1_bin,130,0.9154363454592037,0.04230769230769231,1005,11
de_rand_1_bin,140,0.9280535472124886,0.04230769230769231,1005,11
de_rand_1_bin,150,0.9235755267904494,0.04230769230769231,1005,11
de_rand_1_bin,160,0.9286861009854879,0.04230769230769231,1005,11
de_rand_1_bin,170,0.9255255802547363,0.04230769230769231,1005,11
de_rand_1_bin,180,0.9163060707716499,0.04230769230769231,1005,11
de_rand_1_bin,190,0.9125134447862168,0.04230769230769231,1005,11
de_rand_1_bin,200,0.9226266163442719,0.04230769230769231,1005,11
de_rand_1_bin,210,0.9272647150527701,0.04230769230769231,1005,11
de_rand_1_bin,220,0.8941324571336652,0.04230769230769231,1005,11
de_rand_1_bin,230,0.875433748975595,0.04230769230769231,1005,11
de_rand_1_bin,240,0.9054655678133385,0.04230769230769231,1005,11
de_rand_1_bin,250,0.8998555203720321,0.04230769230769231,1005,11
de_rand_1_bin,260,0.9244969003425529,0.04230769230769231,1005,11
de_rand_1_bin,270,0.9092564027178303,0.04230769230769231,1005,11
de_rand_1_bin,280,0.9174996486259324,0.04230769230769231,1005,11
de_rand_1_bin,290,0.930162712770533,0.04230769230769231,1005,11
de_rand_1_bin,300,0.9306085136143203,0.04230769230769231,1005,11
de_rand_1_bin,310,0.91546643763875,0.04230769230769231,1005,11
de_rand_1_bin,320,0.9462991918832624,0.04230769230769231,1005,11
de_rand_1_bin,330,0.9041201101671112,0.04230769230769231,1005,11
de_rand_1_bin,340,0.9217001763316742,0.04230769230769231,1005,11
de_rand_1_bin,350,0.9420654877621907,0.04230769230769231,1005,11
de_rand_1_bin,360,0.9345835241973045,0.04230769230769231,1005,11
de_rand_1_bin,370,0.9608966235167536,0.04230769230769231,1005,11
de_rand_1_bin,380,0.9612223491811718,0.04230769230769231,1005,11
de_rand_1_bin,390,0.9043758171128785,0.04230769230769231,1005,11
de_rand_1_bin,400,0.9290380148689158,0.04230769230769231,1005,11
de_rand_1_bin,410,0.9450562046475061,0.04230769230769231,1005,11
de_rand_1_bin,420,0.9667728300994761,0.04230769230769231,1005,11
de_rand_1_bin,430,0.9463664760608604,0.04230769230769231,1005,11
de_rand_1_bin,440,0.9175242118341993,0.04230769230769231,1005,11
de_rand_1_bin,450,0.9494913117867502,0.04230769230769231,1005,11
de_rand_1_bin,460,0.944534304378175,0.04230769230769231,1005,11
de_rand_1_bin,470,0.9407819919697139,0.04230769230769231,1005,11
de_rand_1_bin,480,0.9728606213212668,0.04230769230769231,1005,11
de_rand_1_bin,490,0.9240800781689255,0.04230769230769231,1005,11
de_rand_1_bin,500,0.963031688350795,0.04230769230769231,1005,11
de_rand_1_bin,510,0.954528751820421,0.04230769230769231,1005,11
de_rand_1_bin,520,0.9259983898912661,0.04230769230769231,1005,11
de_rand_1_bin,530,0.9569951894999159,0.04230769230769231,1005,11
de_rand_1_bin,540,0.9504180401555193,0.04230769230769231,1005,11
de_rand_1_bin,550,0.9296283813497667,0.04230769230769231,1005,11
de_rand_1_bin,560,0.9333558574799147,0.04230769230769231,1005,11
de_rand_1_bin,570,0.9502277090354792,0.04230769230769231,1005,11
de_rand_1_bin,580,0.911970807193192,0.04230769230769231,1005,11
de_rand_1_bin,590,0.9182547105428922,0.04230769230769231,1005,11
de_rand_1_bin,600,0.9489821453345023,0.04230769230769231,1005,11
de_rand_1_bin,610,0.9482549079884689,0.04230769230769231,1005,11
de_rand_1_bin,620,0.9675782724994625,0.04230769230769231,1005,11
de_rand_1_bin,630,0.9429641001933494,0.04230769230769231,1005,11
de_rand_1_bin,640,0.9120265136509911,0.04230769230769231,1005,11
de_rand_1_bin,650,0.9597985284738826,0.04230769230769231,1005,11
de_rand_1_bin,660,0.9338662441425494,0.04230769230769231,1005,11
de_rand_1_bin,670,0.9056208173033767,0.04230769230769231,1005,11
de_rand_1_bin,680,0.9260303107270579,0.04230769230769231,1005,11
de_rand_1_bin,690,0.9447688033592204,0.04230769230769231,1005,11
de_rand_1_bin,700,0.9299272367505185,0.04230769230769231,1005,11
de_rand_1_bin,710,0.9629359490059411,0.04230769230769231,1005,11
de_rand_1_bin,720,0.9492348609924104,0.04230769230769231,1005,11
de_rand_1_bin,730,0.9534199288980137,0.04230769230769231,1005,11
de_rand_1_bin,10,0.9087946064999097,0.04230769230769231,1006,11
de_rand_1_bin,20,0.9114200532949717,0.04230769230769231,1006,11
de_rand_1_bin,30,0.9192355995037068,0.04230769230769231,1006,11
de_rand_1_bin,40,0.9150320040074581,0.04230769230769231,1006,11
de_rand_1_bin,50,0.9184913159823616,0.04230769230769231,1006,11
de_rand_1_bin,60,0.9258353593726542,0.04230769230769231,1006,11
de_rand_1_bin,70,0.9100143046623851,0.04230769230769231,1006,11
de_rand_1_bin,80,0.9085248265574815,0.04230769230769231,1006,11
de_rand_1_bin,90,0.9281670872290274,0.04230769230769231,1006,11
de_rand_1_bin,100,0.9233176767801118,0.04230769230769231,1006,11
de_rand_1_bin,110,0.9268053571125807,0.04230769230769231,1006,11
de_rand_1_bin,120,0.9136117333331167,0.04230769230769231,1006,11
de_rand_1_bin,130,0.921669553210643,0.04230769230769231,1006,11
de_rand_1_bin,140,0.9306989574471727,0.04230769230769231,1006,11
de_rand_1_bin,150,0.9284343133164489,0.04230769230769231,1006,11
de_rand_1_bin,160,0.9284398959909512,0.04230769230769231,1006,11
de_rand_1_bin,170,0.9493769309365819,0.04230769230769231,1006,11
de_rand_1_bin,180,0.9520212108928267,0.04230769230769231,1006,11
de_rand_1_bin,190,0.9139652114661745,0.04230769230769231,1006,11
de_rand_1_bin,200,0.92186538807018,0.04230769230769231,1006,11
de_rand_1_bin,210,0.8987638421480635,0.04230769230769231,1006,11
de_rand_1_bin,220,0.915711138162847,0.04230769230769231,1006,11
de_rand_1_bin,230,0.9522766022841216,0.04230769230769231,1006,11
de_rand_1_bin,240,0.9441227702698326,0.04230769230769231,1006,11
de_rand_1_bin,250,0.9283584451852825,0.04230769230769231,1006,11
de_rand_1_bin,260,0.9510820853995773,0.04230769230769231,1006,11
de_rand_1_bin,270,0.9431178038019814,0.04230769230769231,1006,11
de_rand_1_bin,280,0.9275195439566651,0.04230769230769231,1006,11
de_rand_1_bin,290,0.9290797961780638,0.04230769230769231,1006,11
de_rand_1_bin,300,0.918810712402939,0.04230769230769231,1006,11
de_rand_1_bin,310,0.9202823072992583,0.04230769230769231,1006,11
de_rand_1_bin,320,0.9375810161193967,0.04230769230769231,1006,11
de_rand_1_bin,330,0.9539644883256169,0.04230769230769231,1006,11
de_rand_1_bin,340,0.9354550668488278,0.04230769230769231,1006,11
de_rand_1_bin,350,0.9556443011027548,0.04230769230769231,1006,11
de_rand_1_bin,360,0.9208953568645705,0.04230769230769231,1006,11
de_rand_1_bin,370,0.946425636669217,0.04230769230769231,1006,11
de_rand_1_bin,380,0.9535035226208649,0.04230769230769231,1006,11
de_rand_1_bin,390,0.9299858816442997,0.04230769230769231,1006,11
de_rand_1_bin,400,0.9738100927746224,0.04230769230769231,1006,11
de_rand_1_bin,410,0.9465096924066417,0.04230769230769231,1006,11
de_rand_1_bin,420,0.9541084461925072,0.04230769230769231,1006,11
de_rand_1_bin,430,0.9538633495828018,0.04230769230769231,1006,11
de_rand_1_bin,440,0.9364941766425324,0.04230769230769231,1006,11
de_rand_1_bin,450,0.9640455623711389,0.04230769230769231,1006,11
de_rand_1_bin,460,0.9262286543933117,0.04230769230769231,1006,11
de_rand_1_bin,470,0.9709570194224927,0.04230769230769231,1006,11
de_rand_1_bin,480,0.9326679373125507,0.04230769230769231,1006,11
de_rand_1_bin,490,0.929479943438848,0.04230769230769231,1006,11
de_rand_1_bin,500,0.9307484609115196,0.04230769230769231,1006,11
de_rand_1_bin,510,0.9128441823745818,0.04230769230769231,1006,11
de_rand_1_bin,520,0.952334565497071,0.04230769230769231,1006,11
de_rand_1_bin,530,0.9483618416424234,0.04230769230769231,1006,11
de_rand_1_bin,540,0.9401407394816231,0.04230769230769231,1006,11
de_rand_1_bin,550,0.944605677632122,0.04230769230769231,1006,11
de_rand_1_bin,560,0.9475179226985094,0.04230769230769231,1006,11
de_rand_1_bin,570,0.9427262987702799,0.04230769230769231,1006,11
de_rand_1_bin,580,0.9314274496111491,0.04230769230769231,1006,11
de_rand_1_bin,590,0.931372421934208,0.04230769230769231,1006,11
de_rand_1_bin,600,0.9311261851156557,0.04230769230769231,1006,11
de_rand_1_bin,610,0.8983177273641033,0.04230769230769231,1006,11
de_rand_1_bin,620,0.9174407665750691,0.04230769230769231,1006,11
de_rand_1_bin,630,0.9217734806899306,0.04230769230769231,1006,11
de_rand_1_bin,640,0.9339758237446184,0.04230769230769231,1006,11
de_rand_1_bin,650,0.936295857608547,0.04230769230769231,1006,11
de_rand_1_bin,660,0.9389012702125769,0.04230769230769231,1006,11
de_rand_1_bin,670,0.9558325772009469,0.04230769230769231,1006,11
de_rand_1_bin,680,0.9325355199143742,0.04230769230769231,1006,11
de_rand_1_bin,690,0.9490200029017256,0.04230769230769231,1006,11
de_rand_1_bin,700,0.9659508172976601,0.04230769230769231,1006,11
de_rand_1_bin,710,0.9242260708769513,0.04230769230769231,1006,11
de_rand_1_bin,720,0.9559063740167706,0.04230769230769231,1006,11
de_rand_1_bin,730,0.9318274278037019,0.04230769230769231,1006,11
de_rand_1_bin,10,0.9307983872352613,0.04230769230769231,1007,11
de_rand_1_bin,20,0.9066087133840289,0.04230769230769231,1007,11
de_rand_1_bin,30,0.9123499426500338,0.04230769230769231,1007,11
de_rand_1_bin,40,0.9078015719186406,0.04230769230769231,1007,11
de_rand_1_bin,50,0.9072054644934847,0.04230769230769231,1007,11
de_rand_1_bin,60,0.8880347750657798,0.04230769230769231,1007,11
de_rand_1_bin,70,0.9083287853083698,0.04230769230769231,1007,11
de_rand_1_bin,80,0.919247701791205,0.04230769230769231,1007,11
de_rand_1_bin,90,0.9276209373336575,0.04230769230769231,1007,11
de_rand_1_bin,100,0.9138229407129087,0.04230769230769231,1007,11
de_rand_1_bin,110,0.9199550111909519,0.04230769230769231,1007,11
de_rand_1_bin,120,0.9281434943119321,0.04230769230769231,1007,11
de_rand_1_bin,130,0.9406677267222104,0.04230769230769231,1007,11
de_rand_1_bin,140,0.9516227039986304,0.04230769230769231,1007,11
de_rand_1_bin,150,0.9357818116835098,0.04230769230769231,1007,11
de_rand_1_bin,160,0.9390995801928184,0.04230769230769231,1007,11
de_rand_1_bin,170,0.9492722443166679,0.04230769230769231,1007,11
de_rand_1_bin,180,0.9619811307088959,0.04230769230769231,1007,11
de_rand_1_bin,190,0.9294676519335195,0.04230769230769231,1007,11
de_rand_1_bin,200,0.912846125456474,0.04230769230769231,1007,11
de_rand_1_bin,210,0.9662872541557447,0.04230769230769231,1007,11
de_rand_1_bin,220,0.9087484841433512,0.04230769230769231,1007,11
de_rand_1_bin,230,0.9485222920830635,0.04230769230769231,1007,11
de_rand_1_bin,240,0.9586875370734532,0.04230769230769231,1007,11
de_rand_1_bin,250,0.9425266955881065,0.04230769230769231,1007,11
de_rand_1_bin,260,0.9751964982258677,0.04230769230769231,1007,11
de_rand_1_bin,270,0.9615977395852139,0.04230769230769231,1007,11
de_rand_1_bin,280,0.9614772838791487,0.04230769230769231,1007,11
de_rand_1_bin,290,0.977350596852959,0.04230769230769231,1007,11
de_rand_1_bin,300,0.9778522484327309,0.04230769230769231,1007,11
de_rand_1_bin,310,0.9798289933287448,0.04230769230769231,1007,11
de_rand_1_bin,320,0.9144359020289291,0.04230769230769231,1007,11
de_rand_1_bin,330,0.9240586353945291,0.04230769230769231,1007,11
de_rand_1_bin,340,0.9550656160737304,0.04230769230769231,1007,11
de_rand_1_bin,350,0.9212095977128699,0.04230769230769231,1007,11
de_rand_1_bin,360,0.9712966999986032,0.04230769230769231,1007,11
de_rand_1_bin,370,0.9331899356316103,0.04230769230769231,1007,11
de_rand_1_bin,380,0.934226809868031,0.04230769230769231,1007,11
de_rand_1_bin,390,0.8967945897288225,0.04230769230769231,1007,11
de_rand_1_bin,400,0.9396879952220704,0.04230769230769231,1007,11
de_rand_1_bin,410,0.9474974807237566,0.04230769230769231,1007,11
de_rand_1_bin,420,0.9789764282724462,0.04230769230769231,1007,11
de_rand_1_bin,430,0.9785509554890491,0.04230769230769231,1007,11
de_rand_1_bin,440,0.9497107326036227,0.04230769230769231,1007,11
de_rand_1_bin,450,0.9189479172958644,0.04230769230769231,1007,11
de_rand_1_bin,460,0.9580285215188922,0.04230769230769231,1007,11
de_rand_1_bin,470,0.9841460184090373,0.04230769230769231,1007,11
de_rand_1_bin,480,0.9673428036875467,0.04230769230769231,1007,11
de_rand_1_bin,490,0.9603076303392393,0.04230769230769231,1007,11
de_rand_1_bin,500,0.9612247191466164,0.04230769230769231,1007,11
de_rand_1_bin,510,0.9739657752096313,0.04230769230769231,1007,11
de_rand_1_bin,520,0.9678127121046526,0.04230769230769231,1007,11
de_rand_1_bin,530,0.9476809564802271,0.04230769230769231,1007,11
de_rand_1_bin,540,0.9699896639308299,0.04230769230769231,1007,11
de_rand_1_bin,550,0.9642004259941452,0.04230769230769231,1007,11
de_rand_1_bin,560,0.9774204261688357,0.04230769230769231,1007,11
de_rand_1_bin,570,0.9701076886477477,0.04230769230769231,1007,11
de_rand_1_bin,580,0.975755978044678,0.04230769230769231,1007,11
de_rand_1_bin,590,0.9731180052477163,0.04230769230769231,1007,11
de_rand_1_bin,600,0.951155217349427,0.04230769230769231,1007,11
de_rand_1_bin,610,0.9595734178831506,0.04230769230769231,1007,11
de_rand_1_bin,620,0.9799586531167302,0.04230769230769231,1007,11
de_rand_1_bin,630,0.9761881691357077,0.04230769230769231,1007,11
de_rand_1_bin,640,0.9418291764707291,0.04230769230769231,1007,11
de_rand_1_bin,650,0.982335363388414,0.04230769230769231,1007,11
de_rand_1_bin,660,0.9630569520086435,0.04230769230769231,1007,11
de_rand_1_bin,670,0.9686192409424402,0.04230769230769231,1007,11
de_rand_1_bin,680,0.9629170172688242,0.04230769230769231,1007,11
de_rand_1_bin,690,0.9651489527209826,0.04230769230769231,1007,11
de_rand_1_bin,700,0.9617944833447359,0.04230769230769231,1007,11
de_rand_1_bin,710,0.9722499023219031,0.04230769230769231,1007,11
de_rand_1_bin,720,0.9505375352908697,0.04230769230769231,1007,11
de_rand_1_bin,730,0.9608611925578415,0.04230769230769231,1007,11
de_rand_1_bin,10,0.9067662552706032,0.04230769230769231,1008,11
de_rand_1_bin,20,0.9113111036462609,0.04230769230769231,1008,11
de_rand_1_bin,30,0.9113772437555268,0.04230769230769231,1008,11
de_rand_1_bin,40,0.8928584079919794,0.04230769230769231,1008,11
de_rand_1_bin,50,0.9221094810840933,0.04230769230769231,1008,11
de_rand_1_bin,60,0.8984319020444652,0.04230769230769231,1008,11
de_rand_1_bin,70,0.9081120629260347,0.04230769230769231,1008,11
de_rand_1_bin,80,0.9258085710021745,0.04230769230769231,1008,11
de_rand_1_bin,90,0.9010382654342711,0.04230769230769231,1008,11
de_rand_1_bin,100,0.8955745724508507,0.04230769230769231,1008,11
de_rand_1_bin,110,0.9359273435416559,0.04230769230769231,1008,11
de_rand_1_bin,120,0.9171512172296291,0.04230769230769231,1008,11
de_rand_1_bin,130,0.9295126332897237,0.04230769230769231,1008,11
de_rand_1_bin,140,0.9074507887979376,0.04230769230769231,1008,11
de_rand_1_bin,150,0.9149604874586488,0.04230769230769231,1008,11
de_rand_1_bin,160,0.9216786295835817,0.04230769230769231,1008,11
de_rand_1_bin,170,0.9245341323872,0.04230769230769231,1008,11
de_rand_1_bin,180,0.9336932088259328,0.04230769230769231,1008,11
de_rand_1_bin,190,0.9201473651498667,0.04230769230769231,1008,11
de_rand_1_bin,200,0.9253182513528938,0.04230769230769231,1008,11
de_rand_1_bin,210,0.9037994354795816,0.04230769230769231,1008,11
de_rand_1_bin,220,0.9098808828858082,0.04230769230769231,1008,11
de_rand_1_bin,230,0.9189975655782354,0.04230769230769231,1008,11
de_rand_1_bin,240,0.9052118915424664,0.04230769230769231,1008,11
de_rand_1_bin,250,0.9209150559881714,0.04230769230769231,1008,11
de_rand_1_bin,260,0.9180162467020585,0.04230769230769231,1008,11
de_rand_1_bin,270,0.9286774078752321,0.04230769230769231,1008,11
de_rand_1_bin,280,0.9288750268498401,0.04230769230769231,1008,11
de_rand_1_bin,290,0.9162042856615158,0.04230769230769231,1008,11
de_rand_1_bin,300,0.9217612189377978,0.04230769230769231,1008,11
de_rand_1_bin,310,0.9311042475077224,0.04230769230769231,1008,11
de_rand_1_bin,320,0.921908624918197,0.04230769230769231,1008,11
de_rand_1_bin,330,0.9288004265918893,0.04230769230769231,1008,11
de_rand_1_bin,340,0.9235512214135166,0.04230769230769231,1008,11
de_rand_1_bin,350,0.9263986118092151,0.04230769230769231,1008,11
de_rand_1_bin,360,0.9070252773790101,0.04230769230769231,1008,11
de_rand_1_bin,370,0.9230339226712317,0.04230769230769231,1008,11
de_rand_1_bin,380,0.9082946595671167,0.04230769230769231,1008,11
de_rand_1_bin,390,0.9185223498242591,0.04230769230769231,1008,11
de_rand_1_bin,400,0.9335137353831137,0.04230769230769231,1008,11
de_rand_1_bin,410,0.9269249150563401,0.04230769230769231,1008,11
de_rand_1_bin,420,0.9411886711416614,0.04230769230769231,1008,11
de_rand_1_bin,430,0.9464447926846539,0.04230769230769231,1008,11
de_rand_1_bin,440,0.9025961258709319,0.04230769230769231,1008,11
de_rand_1_bin,450,0.9254318948609516,0.04230769230769231,1008,11
de_rand_1_bin,460,0.9034969854734131,0.04230769230769231,1008,11
de_rand_1_bin,470,0.9091439005729754,0.04230769230769231,1008,11
de_rand_1_bin,480,0.9101863725641577,0.04230769230769231,1008,11
de_rand_1_bin,490,0.9217519626161459,0.04230769230769231,1008,11
de_rand_1_bin,500,0.9342862128442829,0.04230769230769231,1008,11
de_rand_1_bin,510,0.9122369138891903,0.04230769230769231,1008,11
de_rand_1_bin,520,0.9338057052308218,0.04230769230769231,1008,11
de_rand_1_bin,530,0.9214918367197074,0.04230769230769231,1008,11
de_rand_1_bin,540,0.9167441544993049,0.04230769230769231,1008,11
de_rand_1_bin,550,0.9238211784973943,0.04230769230769231,1008,11
de_rand_1_bin,560,0.921670128784687,0.04230769230769231,1008,11
de_rand_1_bin,570,0.9368352335114968,0.04230769230769231,1008,11
de_rand_1_bin,580,0.9387831647995403,0.04230769230769231,1008,11
de_rand_1_bin,590,0.9093926308053774,0.04230769230769231,1008,11
de_rand_1_bin,600,0.9326272342943854,0.04230769230769231,1008,11
de_rand_1_bin,610,0.9350254191058741,0.04230769230769231,1008,11
de_rand_1_bin,620,0.8759568074669207,0.04230769230769231,1008,11
de_rand_1_bin,630,0.9666298977708804,0.04230769230769231,1008,11
de_rand_1_bin,640,0.9175520542543438,0.04230769230769231,1008,11
de_rand_1_bin,650,0.9521024417651603,0.04230769230769231,1008,11
de_rand_1_bin,660,0.9499088180967882,0.04230769230769231,1008,11
de_rand_1_bin,670,0.9489071612705108,0.04230769230769231,1008,11
de_rand_1_bin,680,0.9670226313195771,0.04230769230769231,1008,11
de_rand_1_bin,690,0.93389678175028,0.04230769230769231,1008,11
de_rand_1_bin,700,0.9395545002242227,0.04230769230769231,1008,11
de_rand_1_bin,710,0.9366682808897546,0.04230769230769231,1008,11
de_rand_1_bin,720,0.9449668022849126,0.04230769230769231,1008,11
de_rand_1_bin,730,0.9262414246414746,0.04230769230769231,1008,11
de_rand_1_bin,10,0.909289133057248,0.04230769230769231,1009,11
de_rand_1_bin,20,0.915765541878812,0.04230769230769231,1009,11
de_rand_1_bin,30,0.9030845600397872,0.04230769230769231,1009,11
de_rand_1_bin,40,0.9153179141325652,0.04230769230769231,1009,11
de_rand_1_bin,50,0.9156304472621981,0.04230769230769231,1009,11
de_rand_1_bin,60,0.9079049947933308,0.04230769230769231,1009,11
de_rand_1_bin,70,0.9229056103068394,0.04230769230769231,1009,11
de_rand_1_bin,80,0.9065414063206413,0.04230769230769231,1009,11
de_rand_1_bin,90,0.9246991771354761,0.04230769230769231,1009,11
de_rand_1_bin,100,0.9045953550330014,0.04230769230769231,1009,11
de_rand_1_bin,110,0.9017096720520281,0.04230769230769231,1009,11
de_rand_1_bin,120,0.9334406173898689,0.04230769230769231,1009,11
de_rand_1_bin,130,0.9046982455413168,0.04230769230769231,1009,11
de_rand_1_bin,140,0.9059886124735542,0.04230769230769231,1009,11
de_rand_1_bin,150,0.9363942574603338,0.04230769230769231,1009,11
de_rand_1_bin,160,0.925254177335174,0.04230769230769231,1009,11
de_rand_1_bin,170,0.9116537752525505,0.04230769230769231,1009,11
de_rand_1_bin,180,0.9327110388773422,0.04230769230769231,1009,11
de_rand_1_bin,190,0.9172440677746893,0.04230769230769231,1009,11
de_rand_1_bin,200,0.915709695515828,0.04230769230769231,1009,11
de_rand_1_bin,210,0.9213486206484541,0.04230769230769231,1009,11
de_rand_1_bin,220,0.9317270721158749,0.04230769230769231,1009,11
de_rand_1_bin,230,0.9151564061691276,0.04230769230769231,1009,11
de_rand_1_bin,240,0.9260758298832474,0.04230769230769231,1009,11
de_rand_1_bin,250,0.9334177611583526,0.04230769230769231,1009,11
de_rand_1_bin,260,0.9401295724122102,0.04230769230769231,1009,11
de_rand_1_bin,270,0.9358128773241864,0.04230769230769231,1009,11
de_rand_1_bin,280,0.9145442999010878,0.04230769230769231,1009,11
de_rand_1_bin,290,0.9489847288698915,0.04230769230769231,1009,11
de_rand_1_bin,300,0.9356891989953459,0.04230769230769231,1009,11
de_rand_1_bin,310,0.9442475402001066,0.04230769230769231,1009,11
de_rand_1_bin,320,0.8964802024026598,0.04230769230769231,1009,11
de_rand_1_bin,330,0.9513355368427864,0.04230769230769231,1009,11
de_rand_1_bin,340,0.9187285994537787,0.04230769230769231,1009,11
de_rand_1_bin,350,0.9480806103405762,0.04230769230769231,1009,11
de_rand_1_bin,360,0.9273417647857657,0.04230769230769231,1009,11
de_rand_1_bin,370,0.9384056043918535,0.04230769230769231,1009,11
de_rand_1_bin,380,0.9306180459060762,0.04230769230769231,1009,11
de_rand_1_bin,390,0.9587881996774814,0.04230769230769231,1009,11
de_rand_1_bin,400,0.9361915090505253,0.04230769230769231,1009,11
de_rand_1_bin,410,0.9677782364332194,0.04230769230769231,1009,11
de_rand_1_bin,420,0.9517315071426588,0.04230769230769231,1009,11
de_rand_1_bin,430,0.9458667789631782,0.04230769230769231,1009,11
de_rand_1_bin,440,0.9365826857546936,0.04230769230769231,1009,11
de_rand_1_bin,450,0.9231659289823301,0.04230769230769231,1009,11
de_rand_1_bin,460,0.9067180619263535,0.04230769230769231,1009,11
de_rand_1_bin,470,0.868884787177079,0.04230769230769231,1009,11
de_rand_1_bin,480,0.9312513174336757,0.04230769230769231,1009,11
de_rand_1_bin,490,0.9531059422824946,0.04230769230769231,1009,11
de_rand_1_bin,500,0.9579103585785678,0.04230769230769231,1009,11
de_rand_1_bin,510,0.9377791050742762,0.04230769230769231,1009,11
de_rand_1_bin,520,0.9514066550043196,0.04230769230769231,1009,11
de_rand_1_bin,530,0.9132783694622438,0.04230769230769231,1009,11
de_rand_1_bin,540,0.9203845776065327,0.04230769230769231,1009,11
de_rand_1_bin,550,0.9634299626902055,0.04230769230769231,1009,11
de_rand_1_bin,560,0.9376316000408117,0.04230769230769231,1009,11
de_rand_1_bin,570,0.9530038987539012,0.04230769230769231,1009,11
de_rand_1_bin,580,0.9387777074409142,0.04230769230769231,1009,11
de_rand_1_bin,590,0.9546767418990867,0.04230769230769231,1009,11
de_rand_1_bin,600,0.9512322893730146,0.04230769230769231,1009,11
de_rand_1_bin,610,0.9643973147455603,0.04230769230769231,1009,11
de_rand_1_bin,620,0.9650276269869577,0.04230769230769231,1009,11
de_rand_1_bin,630,0.9553167783914378,0.04230769230769231,1009,11
de_rand_1_bin,640,0.961186375341112,0.04230769230769231,1009,11
de_rand_1_bin,650,0.9528988628843987,0.04230769230769231,1009,11
de_rand_1_bin,660,0.945144423611223,0.04230769230769231,1009,11
de_rand_1_bin,670,0.9404757100310165,0.04230769230769231,1009,11
de_rand_1_bin,680,0.9430765042598935,0.04230769230769231,1009,11
de_rand_1_bin,690,0.9353839031050403,0.04230769230769231,1009,11
de_rand_1_bin,700,0.9555206332091036,0.04230769230769231,1009,11
de_rand_1_bin,710,0.9227483038709309,0.04230769230769231,1009,11
de_rand_1_bin,720,0.9270872311206312,0.04230769230769231,1009,11
de_rand_1_bin,730,0.9287909221236391,0.04230769230769231,1009,11
de_rand_1_bin_matched,10,0.20961368494066532,0.04230769230769231,1000,11
de_rand_1_bin_matched,20,0.2249158425694896,0.04230769230769231,1000,11
de_rand_1_bin_matched,30,0.24342246523870878,0.04230769230769231,1000,11
de_rand_1_bin_matched,40,0.24634503848744152,0.04230769230769231,1000,11
de_rand_1_bin_matched,50,0.25648439377528576,0.04230769230769231,1000,11
de_rand_1_bin_matched,60,0.25442821548432887,0.04230769230769231,1000,11
de_rand_1_bin_matched,70,0.23345639830959194,0.04230769230769231,1000,11
de_rand_1_bin_matched,80,0.24069702490028308,0.04230769230769231,1000,11
de_rand_1_bin_matched,90,0.25241212460258083,0.04230769230769231,1000,11
de_rand_1_bin_matched,100,0.22674303441832344,0.04230769230769231,1000,11
de_rand_1_bin_matched,110,0.2394266810208446,0.04230769230769231,1000,11
de_rand_1_bin_matched,120,0.2412357033765041,0.04230769230769231,1000,11
de_rand_1_bin_matched,130,0.2458418796516195,0.04230769230769231,1000,11
de_rand_1_bin_matched,140,0.2642973497122962,0.04230769230769231,1000,11
de_rand_1_bin_matched,150,0.25396317803392837,0.04230769230769231,1000,11
de_rand_1_bin_matched,160,0.25568330418536944,0.04230769230769231,1000,11
de_rand_1_bin_matched,170,0.273575163561201,0.04230769230769231,1000,11
de_rand_1_bin_matched,180,0.25743217811090485,0.04230769230769231,1000,11
de_rand_1_bin_matched,190,0.2897722821551343,0.04230769230769231,1000,11
de_rand_1_bin_matched,200,0.22037053367747217,0.04230769230769231,1000,11
de_rand_1_bin_matched,210,0.23273776440957938,0.04230769230769231,1000,11
de_rand_1_bin_matched,220,0.24802239450412245,0.04230769230769231,1000,11
de_rand_1_bin_matched,230,0.2408617682390062,0.04230769230769231,1000,11
de_rand_1_bin_matched,240,0.24192498166100865,0.04230769230769231,1000,11
de_rand_1_bin_matched,250,0.21358368087175503,0.04230769230769231,1000,11
de_rand_1_bin_matched,260,0.24816479883554432,0.04230769230769231,1000,11
de_rand_1_bin_matched,270,0.2571627327723997,0.04230769230769231,1000,11
de_rand_1_bin_matched,280,0.2541061352895137,0.04230769230769231,1000,11
de_rand_1_bin_matched,290,0.270956758602868,0.04230769230769231,1000,11
de_rand_1_bin_matched,300,0.26406359104604565,0.04230769230769231,1000,11
de_rand_1_bin_matched,310,0.24428709181071076,0.04230769230769231,1000,11
de_rand_1_bin_matched,320,0.23828053412792005,0.04230769230769231,1000,11
de_rand_1_bin_matched,330,0.26982899548322054,0.04230769230769231,1000,11
de_rand_1_bin_matched,340,0.20172733100779472,0.04230769230769231,1000,11
de_rand_1_bin_matched,350,0.23081453236829022,0.04230769230769231,1000,11
de_rand_1_bin_matched,360,0.24118213380080045,0.04230769230769231,1000,11
de_rand_1_bin_matched,370,0.2512111968708263,0.04230769230769231,1000,11
de_rand_1_bin_matched,380,0.25253578185886255,0.04230769230769231,1000,11
de_rand_1_bin_matched,390,0.2526192718463132,0.04230769230769231,1000,11
de_rand_1_bin_matched,400,0.22021361936796513,0.04230769230769231,1000,11
de_rand_1_bin_matched,410,0.2660260445329337,0.04230769230769231,1000,11
de_rand_1_bin_matched,420,0.2947526715333753,0.04230769230769231,1000,11
de_rand_1_bin_matched,430,0.26825515351454804,0.04230769230769231,1000,11
de_rand_1_bin_matched,440,0.2615804650646695,0.04230769230769231,1000,11
de_rand_1_bin_matched,450,0.251259352499849,0.04230769230769231,1000,11
de_rand_1_bin_matched,460,0.26951620257337616,0.04230769230769231,1000,11
de_rand_1_bin_matched,470,0.26690866627338455,0.04230769230769231,1000,11
de_rand_1_bin_matched,480,0.2504337072068937,0.04230769230769231,1000,11
de_rand_1_bin_matched,490,0.2627319969782934,0.04230769230769231,1000,11
de_rand_1_bin_matched,500,0.25825370228671934,0.04230769230769231,1000,11
de_rand_1_bin_matched,510,0.22005672710691224,0.04230769230769231,1000,11
de_rand_1_bin_matched,520,0.24152955869303397,0.04230769230769231,1000,11
de_rand_1_bin_matched,530,0.26240616783177473,0.04230769230769231,1000,11
de_rand_1_bin_matched,540,0.2371775339160526,0.04230769230769231,1000,11
de_rand_1_bin_matched,550,0.24728165431082325,0.04230769230769231,1000,11
de_rand_1_bin_matched,560,0.2619391918014824,0.04230769230769231,1000,11
de_rand_1_bin_matched,570,0.27328566693711487,0.04230769230769231,1000,11
de_rand_1_bin_matched,580,0.23900436190640106,0.04230769230769231,1000,11
de_rand_1_bin_matched,590,0.2492406965082968,0.04230769230769231,1000,11
de_rand_1_bin_matched,600,0.25652022220354426,0.04230769230769231,1000,11
de_rand_1_bin_matched,610,0.24549769748366804,0.04230769230769231,1000,11
de_rand_1_bin_matched,620,0.2435507821833355,0.04230769230769231,1000,11
de_rand_1_bin_matched,630,0.27121239468356834,0.04230769230769231,1000,11
de_rand_1_bin_matched,640,0.2773299090280141,0.04230769230769231,1000,11
de_rand_1_bin_matched,650,0.2588072874811306,0.04230769230769231,1000,11
de_rand_1_bin_matched,660,0.23429870831774843,0.04230769230769231,1000,11
de_rand_1_bin_matched,670,0.25603276105849365,0.04230769230769231,1000,11
de_rand_1_bin_matched,680,0.27214670501108035,0.04230769230769231,1000,11
de_rand_1_bin_matched,690,0.2596844635720737,0.04230769230769231,1000,11
de_rand_1_bin_matched,700,0.24975421296276565,0.04230769230769231,1000,11
de_rand_1_bin_matched,710,0.25565597561151693,0.04230769230769231,1000,11
de_rand_1_bin_matched,720,0.26990145713778396,0.04230769230769231,1000,11
de_rand_1_bin_matched,730,0.25086881975522585,0.04230769230769231,1000,11
de_rand_1_bin_matched,10,0.21915362501555757,0.04230769230769231,1001,11
de_rand_1_bin_matched,20,0.21900757171421234,0.04230769230769231,1001,11
de_rand_1_bin_matched,30,0.23066385988015167,0.04230769230769231,1001,11
de_rand_1_bin_matched,40,0.2087907495001123,0.04230769230769231,1001,11
de_rand_1_bin_matched,50,0.23189749482531105,0.04230769230769231,1001,11
de_rand_1_bin_matched,60,0.22192624340661107,0.04230769230769231,1001,11
de_rand_1_bin_matched,70,0.2233682562953596,0.04230769230769231,1001,11
de_rand_1_bin_matched,80,0.2587846734280631,0.04230769230769231,1001,11
de_rand_1_bin_matched,90,0.22843566409097285,0.04230769230769231,1001,11
de_rand_1_bin_matched,100,0.24484343296109037,0.04230769230769231,1001,11
de_rand_1_bin_matched,110,0.2548705790542304,0.04230769230769231,1001,11
de_rand_1_bin_matched,120,0.23615211407331962,0.04230769230769231,1001,11
de_rand_1_bin_matched,130,0.26271581845150455,0.04230769230769231,1001,11
de_rand_1_bin_matched,140,0.25977790111104065,0.04230769230769231,1001,11
de_rand_1_bin_matched,150,0.2313465674785277,0.04230769230769231,1001,11
de_rand_1_bin_matched,160,0.22298272464763416,0.04230769230769231,1001,11
de_rand_1_bin_matched,170,0.23061805380099643,0.04230769230769231,1001,11
de_rand_1_bin_matched,180,0.23977249550212454,0.04230769230769231,1001,11
de_rand_1_bin_matched,190,0.2310066011316542,0.04230769230769231,1001,11
de_rand_1_bin_matched,200,0.2437145855554219,0.04230769230769231,1001,11
de_rand_1_bin_matched,210,0.2381273035061,0.04230769230769231,1001,11
de_rand_1_bin_matched,220,0.2452594865247584,0.04230769230769231,1001,11
de_rand_1_bin_matched,230,0.2624257235777405,0.04230769230769231,1001,11
de_rand_1_bin_matched,240,0.24652656061813485,0.04230769230769231,1001,11
de_rand_1_bin_matched,250,0.24067355897328166,0.04230769230769231,1001,11
de_rand_1_bin_matched,260,0.24693574115354047,0.04230769230769231,1001,11
de_rand_1_bin_matched,270,0.2385057265363547,0.04230769230769231,1001,11
de_rand_1_bin_matched,280,0.25351865898721904,0.04230769230769231,1001,11
de_rand_1_bin_matched,290,0.24952271724934486,0.04230769230769231,1001,11
de_rand_1_bin_matched,300,0.2652945143386659,0.04230769230769231,1001,11
de_rand_1_bin_matched,310,0.264734056037666,0.04230769230769231,1001,11
de_rand_1_bin_matched,320,0.2503133985746094,0.04230769230769231,1001,11
de_rand_1_bin_matched,330,0.253046591535218,0.04230769230769231,1001,11
de_rand_1_bin_matched,340,0.22308739323675789,0.04230769230769231,1001,11
de_rand_1_bin_matched,350,0.234232992372673,0.04230769230769231,1001,11
de_rand_1_bin_matched,360,0.24569133747186353,0.04230769230769231,1001,11
de_rand_1_bin_matched,370,0.23923737442535506,0.04230769230769231,1001,11
de_rand_1_bin_matched,380,0.25839455303653375,0.04230769230769231,1001,11
de_rand_1_bin_matched,390,0.24842858222458475,0.04230769230769231,1001,11
de_rand_1_bin_matched,400,0.24489099318095744,0.04230769230769231,1001,11
de_rand_1_bin_matched,410,0.24731264969278968,0.04230769230769231,1001,11
de_rand_1_bin_matched,420,0.25660290145408643,0.04230769230769231,1001,11
de_rand_1_bin_matched,430,0.23052486368580502,0.04230769230769231,1001,11
de_rand_1_bin_matched,440,0.23374193701003176,0.04230769230769231,1001,11
de_rand_1_bin_matched,450,0.23702742181500003,0.04230769230769231,1001,11
de_rand_1_bin_matched,460,0.2636828129738448,0.04230769230769231,1001,11
de_rand_1_bin_matched,470,0.2196634893517292,0.04230769230769231,1001,11
de_rand_1_bin_matched,480,0.23710203519361203,0.04230769230769231,1001,11
de_rand_1_bin_matched,490,0.24742146858652755,0.04230769230769231,1001,11
de_rand_1_bin_matched,500,0.238338998469974,0.04230769230769231,1001,11
de_rand_1_bin_matched,510,0.22806970170891458,0.04230769230769231,1001,11
de_rand_1_bin_matched,520,0.22897651886311535,0.04230769230769231,1001,11
de_rand_1_bin_matched,530,0.22562909784259913,0.04230769230769231,1001,11
de_rand_1_bin_matched,540,0.24187450344530012,0.04230769230769231,1001,11
de_rand_1_bin_matched,550,0.2699772644110777,0.04230769230769231,1001,11
de_rand_1_bin_matched,560,0.2515158368588756,0.04230769230769231,1001,11
de_rand_1_bin_matched,570,0.23154075042173408,0.04230769230769231,1001,11
de_rand_1_bin_matched,580,0.2730670768390769,0.04230769230769231,1001,11
de_rand_1_bin_matched,590,0.21969820901045067,0.04230769230769231,1001,11
de_rand_1_bin_matched,600,0.25590118171035375,0.04230769230769231,1001,11
de_rand_1_bin_matched,610,0.2464174762767307,0.04230769230769231,1001,11
de_rand_1_bin_matched,620,0.26216809698988913,0.04230769230769231,1001,11
de_rand_1_bin_matched,630,0.25375001001636505,0.04230769230769231,1001,11
de_rand_1_bin_matched,640,0.25012291740038956,0.04230769230769231,1001,11
de_rand_1_bin_matched,650,0.2641596414191589,0.04230769230769231,1001,11
de_rand_1_bin_matched,660,0.25717332664450465,0.04230769230769231,1001,11
de_rand_1_bin_matched,670,0.2822621838448101,0.04230769230769231,1001,11
de_rand_1_bin_matched,680,0.22571086527440443,0.04230769230769231,1001,11
de_rand_1_bin_matched,690,0.2570458838120536,0.04230769230769231,1001,11
de_rand_1_bin_matched,700,0.2490003374244875,0.04230769230769231,1001,11
de_rand_1_bin_matched,710,0.23850723284908845,0.04230769230769231,1001,11
de_rand_1_bin_matched,720,0.2572884138497504,0.04230769230769231,1001,11
de_rand_1_bin_matched,730,0.2654726443798075,0.04230769230769231,1001,11
de_rand_1_bin_matched,10,0.2293162076903673,0.04230769230769231,1002,11
de_rand_1_bin_matched,20,0.21304142919766592,0.04230769230769231,1002,11
de_rand_1_bin_matched,30,0.2294748871994594,0.04230769230769231,1002,11
de_rand_1_bin_matched,40,0.25109489515603617,0.04230769230769231,1002,11
de_rand_1_bin_matched,50,0.21418809416830129,0.04230769230769231,1002,11
de_rand_1_bin_matched,60,0.2317009265944999,0.04230769230769231,1002,11
de_rand_1_bin_matched,70,0.2609890781526054,0.04230769230769231,1002,11
de_rand_1_bin_matched,80,0.24365178567763665,0.04230769230769231,1002,11
de_rand_1_bin_matched,90,0.23345459846833738,0.04230769230769231,1002,11
de_rand_1_bin_matched,100,0.27651156567242513,0.04230769230769231,1002,11
de_rand_1_bin_matched,110,0.24135110083913913,0.04230769230769231,1002,11
de_rand_1_bin_matched,120,0.2358697662526764,0.04230769230769231,1002,11
de_rand_1_bin_matched,130,0.23503728119207834,0.04230769230769231,1002,11
de_rand_1_bin_matched,140,0.25618381173593646,0.04230769230769231,1002,11
de_rand_1_bin_matched,150,0.23054544169897528,0.04230769230769231,1002,11
de_rand_1_bin_matched,160,0.25193843565435187,0.04230769230769231,1002,11
de_rand_1_bin_matched,170,0.24769051209795956,0.04230769230769231,1002,11
de_rand_1_bin_matched,180,0.2524167150322508,0.04230769230769231,1002,11
de_rand_1_bin_matched,190,0.25827627273780096,0.04230769230769231,1002,11
de_rand_1_bin_matched,200,0.2528171698783314,0.04230769230769231,1002,11
de_rand_1_bin_matched,210,0.25652995065171225,0.04230769230769231,1002,11
de_rand_1_bin_matched,220,0.21922458036387252,0.04230769230769231,1002,11
de_rand_1_bin_matched,230,0.2421104915986493,0.04230769230769231,1002,11
de_rand_1_bin_matched,240,0.27520692382634154,0.04230769230769231,1002,11
de_rand_1_bin_matched,250,0.23740780913975854,0.04230769230769231,1002,11
de_rand_1_bin_matched,260,0.22975533952787766,0.04230769230769231,1002,11
de_rand_1_bin_matched,270,0.25505301024408045,0.04230769230769231,1002,11
de_rand_1_bin_matched,280,0.2563003021185778,0.04230769230769231,1002,11
de_rand_1_bin_matched,290,0.22403288162441962,0.04230769230769231,1002,11
de_rand_1_bin_matched,300,0.2737465146571824,0.04230769230769231,1002,11
de_rand_1_bin_matched,310,0.23066247293250397,0.04230769230769231,1002,11
de_rand_1_bin_matched,320,0.2582100639343669,0.04230769230769231,1002,11
de_rand_1_bin_matched,330,0.2529113628501363,0.04230769230769231,1002,11
de_rand_1_bin_matched,340,0.22004532455218595,0.04230769230769231,1002,11
de_rand_1_bin_matched,350,0.2610889232750191,0.04230769230769231,1002,11
de_rand_1_bin_matched,360,0.2593749565041745,0.04230769230769231,1002,11
de_rand_1_bin_matched,370,0.24211780178603315,0.04230769230769231,1002,11
de_rand_1_bin_matched,380,0.21865090441364207,0.04230769230769231,1002,11
de_rand_1_bin_matched,390,0.2676958541245396,0.04230769230769231,1002,11
de_rand_1_bin_matched,400,0.24297921529598554,0.04230769230769231,1002,11
de_rand_1_bin_matched,410,0.254404790382038,0.04230769230769231,1002,11
de_rand_1_bin_matched,420,0.26949105340984364,0.04230769230769231,1002,11
de_rand_1_bin_matched,430,0.23388621180856728,0.04230769230769231,1002,11
de_rand_1_bin_matched,440,0.2370651101717014,0.04230769230769231,1002,11
de_rand_1_bin_matched,450,0.2337416422168929,0.04230769230769231,1002,11
de_rand_1_bin_matched,460,0.25968542459552346,0.04230769230769231,1002,11
de_rand_1_bin_matched,470,0.223079593938491,0.04230769230769231,1002,11
de_rand_1_bin_matched,480,0.2634586249987348,0.04230769230769231,1002,11
de_rand_1_bin_matched,490,0.23932925284099973,0.04230769230769231,1002,11
de_rand_1_bin_matched,500,0.24035536346144018,0.04230769230769231,1002,11
de_rand_1_bin_matched,510,0.23676956036346167,0.04230769230769231,1002,11
de_rand_1_bin_matched,520,0.28211306315232015,0.04230769230769231,1002,11
de_rand_1_bin_matched,530,0.20549805979016064,0.04230769230769231,1002,11
de_rand_1_bin_matched,540,0.26179103035228746,0.04230769230769231,1002,11
de_rand_1_bin_matched,550,0.28625917891787056,0.04230769230769231,1002,11
de_rand_1_bin_matched,560,0.25994083893817405,0.04230769230769231,1002,11
de_rand_1_bin_matched,570,0.24086132118087097,0.04230769230769231,1002,11
de_rand_1_bin_matched,580,0.24179916847360353,0.04230769230769231,1002,11
de_rand_1_bin_matched,590,0.24469141357980514,0.04230769230769231,1002,11
de_rand_1_bin_matched,600,0.24290299550278727,0.04230769230769231,1002,11
de_rand_1_bin_matched,610,0.2745239961589829,0.04230769230769231,1002,11
de_rand_1_bin_matched,620,0.2577498245720812,0.04230769230769231,1002,11
de_rand_1_bin_matched,630,0.24033821994805726,0.04230769230769231,1002,11
de_rand_1_bin_matched,640,0.24512833078888052,0.04230769230769231,1002,11
de_rand_1_bin_matched,650,0.2619829053858817,0.04230769230769231,1002,11
de_rand_1_bin_matched,660,0.2617889893554225,0.04230769230769231,1002,11
de_rand_1_bin_matched,670,0.24332639402197442,0.04230769230769231,1002,11
de_rand_1_bin_matched,680,0.24357039979678954,0.04230769230769231,1002,11
de_rand_1_bin_matched,690,0.2642276040008636,0.04230769230769231,1002,11
de_rand_1_bin_matched,700,0.24383851569138684,0.04230769230769231,1002,11
de_rand_1_bin_matched,710,0.2697890948992493,0.04230769230769231,1002,11
de_rand_1_bin_matched,720,0.24290597311189463,0.04230769230769231,1002,11
de_rand_1_bin_matched,730,0.2231335747540771,0.04230769230769231,1002,11
de_rand_1_bin_matched,10,0.2489550546995775,0.04230769230769231,1003,11
de_rand_1_bin_matched,20,0.25279183545942324,0.04230769230769231,1003,11
de_rand_1_bin_matched,30,0.23909400651441884,0.04230769230769231,1003,11
de_rand_1_bin_matched,40,0.24964918797689764,0.04230769230769231,1003,11
de_rand_1_bin_matched,50,0.21162451106052718,0.04230769230769231,1003,11
de_rand_1_bin_matched,60,0.225843707563425,0.04230769230769231,1003,11
de_rand_1_bin_matched,70,0.2446876484753168,0.04230769230769231,1003,11
de_rand_1_bin_matched,80,0.23399364790035793,0.04230769230769231,1003,11
de_rand_1_bin_matched,90,0.2271640223296596,0.04230769230769231,1003,11
de_rand_1_bin_matched,100,0.21848518462360036,0.04230769230769231,1003,11
de_rand_1_bin_matched,110,0.2229586591389763,0.04230769230769231,1003,11
de_rand_1_bin_matched,120,0.2527829383152517,0.04230769230769231,1003,11
de_rand_1_bin_matched,130,0.23950066413602014,0.04230769230769231,1003,11
de_rand_1_bin_matched,140,0.22024714205867124,0.04230769230769231,1003,11
de_rand_1_bin_matched,150,0.2378256947962908,0.04230769230769231,1003,11
de_rand_1_bin_matched,160,0.24499134393214014,0.04230769230769231,1003,11
de_rand_1_bin_matched,170,0.24252246810861708,0.04230769230769231,1003,11
de_rand_1_bin_matched,180,0.2339207321493726,0.04230769230769231,1003,11
de_rand_1_bin_matched,190,0.22765534740297225,0.04230769230769231,1003,11
de_rand_1_bin_matched,200,0.25169328693067716,0.04230769230769231,1003,11
de_rand_1_bin_matched,210,0.259648528974094,0.04230769230769231,1003,11
de_rand_1_bin_matched,220,0.23218249066900795,0.04230769230769231,1003,11
de_rand_1_bin_matched,230,0.2410560893121353,0.04230769230769231,1003,11
de_rand_1_bin_matched,240,0.24107172746126018,0.04230769230769231,1003,11
de_rand_1_bin_matched,250,0.2607135791399214,0.04230769230769231,1003,11
de_rand_1_bin_matched,260,0.23848899537903465,0.04230769230769231,1003,11
de_rand_1_bin_matched,270,0.24548378526422832,0.04230769230769231,1003,11
de_rand_1_bin_matched,280,0.22302640989713787,0.04230769230769231,1003,11
de_rand_1_bin_matched,290,0.2262891830736324,0.04230769230769231,1003,11
de_rand_1_bin_matched,300,0.25224276185698646,0.04230769230769231,1003,11
de_rand_1_bin_matched,310,0.24192782209915606,0.04230769230769231,1003,11
de_rand_1_bin_matched,320,0.2414800582603275,0.04230769230769231,1003,11
de_rand_1_bin_matched,330,0.24249600451175687,0.04230769230769231,1003,11
de_rand_1_bin_matched,340,0.24453920749068692,0.04230769230769231,1003,11
de_rand_1_bin_matched,350,0.24944917535368738,0.04230769230769231,1003,11
de_rand_1_bin_matched,360,0.24180928721234488,0.04230769230769231,1003,11
de_rand_1_bin_matched,370,0.24657873295882307,0.04230769230769231,1003,11
de_rand_1_bin_matched,380,0.26581068743721403,0.04230769230769231,1003,11
de_rand_1_bin_matched,390,0.22474100670509203,0.04230769230769231,1003,11
de_rand_1_bin_matched,400,0.24633960524054724,0.04230769230769231,1003,11
de_rand_1_bin_matched,410,0.2526103214127853,0.04230769230769231,1003,11
de_rand_1_bin_matched,420,0.26262212338027124,0.04230769230769231,1003,11
de_rand_1_bin_matched,430,0.2222753858238543,0.04230769230769231,1003,11
de_rand_1_bin_matched,440,0.22243864041988237,0.04230769230769231,1003,11
de_rand_1_bin_matched,450,0.23517146077818238,0.04230769230769231,1003,11
de_rand_1_bin_matched,460,0.2274685667602149,0.04230769230769231,1003,11
de_rand_1_bin_matched,470,0.2542608325933077,0.04230769230769231,1003,11
de_rand_1_bin_matched,480,0.26123327793580886,0.04230769230769231,1003,11
de_rand_1_bin_matched,490,0.2487571716315299,0.04230769230769231,1003,11
de_rand_1_bin_matched,500,0.2529817908657906,0.04230769230769231,1003,11
de_rand_1_bin_matched,510,0.22509780300211998,0.04230769230769231,1003,11
de_rand_1_bin_matched,520,0.24185259444741714,0.04230769230769231,1003,11
de_rand_1_bin_matched,530,0.23193799595347223,0.04230769230769231,1003,11
de_rand_1_bin_matched,540,0.2803394824804712,0.04230769230769231,1003,11
de_rand_1_bin_matched,550,0.2350571764191655,0.04230769230769231,1003,11
de_rand_1_bin_matched,560,0.2381611994402378,0.04230769230769231,1003,11
de_rand_1_bin_matched,570,0.24384883057817763,0.04230769230769231,1003,11
de_rand_1_bin_matched,580,0.24089333345245154,0.04230769230769231,1003,11
de_rand_1_bin_matched,590,0.25981767260950467,0.04230769230769231,1003,11
de_rand_1_bin_matched,600,0.22271386350180467,0.04230769230769231,1003,11
de_rand_1_bin_matched,610,0.2666222444549659,0.04230769230769231,1003,11
de_rand_1_bin_matched,620,0.24292780994450006,0.04230769230769231,1003,11
de_rand_1_bin_matched,630,0.2602546288485783,0.04230769230769231,1003,11
de_rand_1_bin_matched,640,0.23946656875298675,0.04230769230769231,1003,11
de_rand_1_bin_matched,650,0.2357083590909437,0.04230769230769231,1003,11
de_rand_1_bin_matched,660,0.2091870551778171,0.04230769230769231,1003,11
de_rand_1_bin_matched,670,0.23911942062817512,0.04230769230769231,1003,11
de_rand_1_bin_matched,680,0.2443497250089267,0.04230769230769231,1003,11
de_rand_1_bin_matched,690,0.22732441685553736,0.04230769230769231,1003,11
de_rand_1_bin_matched,700,0.24616358645807404,0.04230769230769231,1003,11
de_rand_1_bin_matched,710,0.23664176174076076,0.04230769230769231,1003,11
de_rand_1_bin_matched,720,0.25976593963633565,0.04230769230769231,1003,11
de_rand_1_bin_matched,730,0.25716173128873204,0.04230769230769231,1003,11
de_rand_1_bin_matched,10,0.23734630991054995,0.04230769230769231,1004,11
de_rand_1_bin_matched,20,0.23933561773766207,0.04230769230769231,1004,11
de_rand_1_bin_matched,30,0.209849683907716,0.04230769230769231,1004,11
de_rand_1_bin_matched,40,0.241224169815585,0.04230769230769231,1004,11
de_rand_1_bin_matched,50,0.23742480063695304,0.04230769230769231,1004,11
de_rand_1_bin_matched,60,0.23760287824434775,0.04230769230769231,1004,11
de_rand_1_bin_matched,70,0.24982954693861967,0.04230769230769231,1004,11
de_rand_1_bin_matched,80,0.22609219742997852,0.04230769230769231,1004,11
de_rand_1_bin_matched,90,0.24825164552769352,0.04230769230769231,1004,11
de_rand_1_bin_matched,100,0.24890187615641635,0.04230769230769231,1004,11
de_rand_1_bin_matched,110,0.26409153922410206,0.04230769230769231,1004,11
de_rand_1_bin_matched,120,0.2512593219275671,0.04230769230769231,1004,11
de_rand_1_bin_matched,130,0.22745457798130808,0.04230769230769231,1004,11
de_rand_1_bin_matched,140,0.24079968144826833,0.04230769230769231,1004,11
de_rand_1_bin_matched,150,0.23582505879119764,0.04230769230769231,1004,11
de_rand_1_bin_matched,160,0.241414564118515,0.04230769230769231,1004,11
de_rand_1_bin_matched,170,0.2335498290927288,0.04230769230769231,1004,11
de_rand_1_bin_matched,180,0.2306047970344207,0.04230769230769231,1004,11
de_rand_1_bin_matched,190,0.25942167074627753,0.04230769230769231,1004,11
de_rand_1_bin_matched,200,0.25823610253693646,0.04230769230769231,1004,11
de_rand_1_bin_matched,210,0.26720498754196115,0.04230769230769231,1004,11
de_rand_1_bin_matched,220,0.2167861654653491,0.04230769230769231,1004,11
de_rand_1_bin_matched,230,0.245405377652836,0.04230769230769231,1004,11
de_rand_1_bin_matched,240,0.23721991960495414,0.04230769230769231,1004,11
de_rand_1_bin_matched,250,0.2615163343624199,0.04230769230769231,1004,11
de_rand_1_bin_matched,260,0.2340884679740913,0.04230769230769231,1004,11
de_rand_1_bin_matched,270,0.22442296165362427,0.04230769230769231,1004,11
de_rand_1_bin_matched,280,0.25454059321068373,0.04230769230769231,1004,11
de_rand_1_bin_matched,290,0.2421299179140255,0.04230769230769231,1004,11
de_rand_1_bin_matched,300,0.2604430105614012,0.04230769230769231,1004,11
de_rand_1_bin_matched,310,0.22704461166305842,0.04230769230769231,1004,11
de_rand_1_bin_matched,320,0.251008868352626,0.04230769230769231,1004,11
de_rand_1_bin_matched,330,0.22909084645888808,0.04230769230769231,1004,11
de_rand_1_bin_matched,340,0.2582327890303309,0.04230769230769231,1004,11
de_rand_1_bin_matched,350,0.2400581387529366,0.04230769230769231,1004,11
de_rand_1_bin_matched,360,0.2580803980702568,0.04230769230769231,1004,11
de_rand_1_bin_matched,370,0.20607866907274563,0.04230769230769231,1004,11
de_rand_1_bin_matched,380,0.2771421665560197,0.04230769230769231,1004,11
de_rand_1_bin_matched,390,0.23796526252688008,0.04230769230769231,1004,11
de_rand_1_bin_matched,400,0.22351781728054368,0.04230769230769231,1004,11
de_rand_1_bin_matched,410,0.23706087176918075,0.04230769230769231,1004,11
de_rand_1_bin_matched,420,0.23087785530216187,0.04230769230769231,1004,11
de_rand_1_bin_matched,430,0.23054314569840106,0.04230769230769231,1004,11
de_rand_1_bin_matched,440,0.23140192486225888,0.04230769230769231,1004,11
de_rand_1_bin_matched,450,0.2576119169238379,0.04230769230769231,1004,11
de_rand_1_bin_matched,460,0.22890982812828656,0.04230769230769231,1004,11
de_rand_1_bin_matched,470,0.23257212162806226,0.04230769230769231,1004,11
de_rand_1_bin_matched,480,0.20829627802490214,0.04230769230769231,1004,11
de_rand_1_bin_matched,490,0.2476301617249643,0.04230769230769231,1004,11
de_rand_1_bin_matched,500,0.22582305091478527,0.04230769230769231,1004,11
de_rand_1_bin_matched,510,0.2291922191215632,0.04230769230769231,1004,11
de_rand_1_bin_matched,520,0.24588922813024894,0.04230769230769231,1004,11
de_rand_1_bin_matched,530,0.2579319841023668,0.04230769230769231,1004,11
de_rand_1_bin_matched,540,0.24026443836534586,0.04230769230769231,1004,11
de_rand_1_bin_matched,550,0.26520879319896623,0.04230769230769231,1004,11
de_rand_1_bin_matched,560,0.25695865572431925,0.04230769230769231,1004,11
de_rand_1_bin_matched,570,0.26233029763025584,0.04230769230769231,1004,11
de_rand_1_bin_matched,580,0.2450903376042618,0.04230769230769231,1004,11
de_rand_1_bin_matched,590,0.2554454578555803,0.04230769230769231,1004,11
de_rand_1_bin_matched,600,0.25180864648037465,0.04230769230769231,1004,11
de_rand_1_bin_matched,610,0.26816750497709857,0.04230769230769231,1004,11
de_rand_1_bin_matched,620,0.2529294363809833,0.04230769230769231,1004,11
de_rand_1_bin_matched,630,0.2195582778792117,0.04230769230769231,1004,11
de_rand_1_bin_matched,640,0.24963456984015742,0.04230769230769231,1004,11
de_rand_1_bin_matched,650,0.23596495656794902,0.04230769230769231,1004,11
de_rand_1_bin_matched,660,0.23838614908137654,0.04230769230769231,1004,11
de_rand_1_bin_matched,670,0.26286949004614485,0.04230769230769231,1004,11
de_rand_1_bin_matched,680,0.2481089927196758,0.04230769230769231,1004,11
de_rand_1_bin_matched,690,0.24939165396547966,0.04230769230769231,1004,11
de_rand_1_bin_matched,700,0.24044309114609994,0.04230769230769231,1004,11
de_rand_1_bin_matched,710,0.2726737283835003,0.04230769230769231,1004,11
de_rand_1_bin_matched,720,0.23823147026911595,0.04230769230769231,1004,11
de_rand_1_bin_matched,730,0.24784908136754968,0.04230769230769231,1004,11
de_rand_1_bin_matched,10,0.246720105299065,0.04230769230769231,1005,11
de_rand_1_bin_matched,20,0.23339040528400654,0.04230769230769231,1005,11
de_rand_1_bin_matched,30,0.21935171536483777,0.04230769230769231,1005,11
de_rand_1_bin_matched,40,0.22052126143370968,0.04230769230769231,1005,11
de_rand_1_bin_matched,50,0.24330696478326344,0.04230769230769231,1005,11
de_rand_1_bin_matched,60,0.23123093331326927,0.04230769230769231,1005,11
de_rand_1_bin_matched,70,0.24867066036568045,0.04230769230769231,1005,11
de_rand_1_bin_matched,80,0.23115170983350106,0.04230769230769231,1005,11
de_rand_1_bin_matched,90,0.228346951255291,0.04230769230769231,1005,11
de_rand_1_bin_matched,100,0.2458605516670144,0.04230769230769231,1005,11
de_rand_1_bin_matched,110,0.24903250761654463,0.04230769230769231,1005,11
de_rand_1_bin_matched,120,0.2358227881250332,0.04230769230769231,1005,11
de_rand_1_bin_matched,130,0.2772322107061295,0.04230769230769231,1005,11
de_rand_1_bin_matched,140,0.24031115428730612,0.04230769230769231,1005,11
de_rand_1_bin_matched,150,0.2383973600832483,0.04230769230769231,1005,11
de_rand_1_bin_matched,160,0.2580378853496044,0.04230769230769231,1005,11
de_rand_1_bin_matched,170,0.26290089705439396,0.04230769230769231,1005,11
de_rand_1_bin_matched,180,0.24571911629113066,0.04230769230769231,1005,11
de_rand_1_bin_matched,190,0.22646238520688744,0.04230769230769231,1005,11
de_rand_1_bin_matched,200,0.24325967353640734,0.04230769230769231,1005,11
de_rand_1_bin_matched,210,0.23323687393068404,0.04230769230769231,1005,11
de_rand_1_bin_matched,220,0.23706958420609933,0.04230769230769231,1005,11
de_rand_1_bin_matched,230,0.23269635044814685,0.04230769230769231,1005,11
de_rand_1_bin_matched,240,0.28268685487272355,0.04230769230769231,1005,11
de_rand_1_bin_matched,250,0.28158478904524453,0.04230769230769231,1005,11
de_rand_1_bin_matched,260,0.24953232405732462,0.04230769230769231,1005,11
de_rand_1_bin_matched,270,0.2630801451832032,0.04230769230769231,1005,11
de_rand_1_bin_matched,280,0.24418497964968253,0.04230769230769231,1005,11
de_rand_1_bin_matched,290,0.25056475919326865,0.04230769230769231,1005,11
de_rand_1_bin_matched,300,0.28367486281717,0.04230769230769231,1005,11
de_rand_1_bin_matched,310,0.19490188938921135,0.04230769230769231,1005,11
de_rand_1_bin_matched,320,0.24482298506616232,0.04230769230769231,1005,11
de_rand_1_bin_matched,330,0.2587327427359805,0.04230769230769231,1005,11
de_rand_1_bin_matched,340,0.2234047623898204,0.04230769230769231,1005,11
de_rand_1_bin_matched,350,0.24617455574749694,0.04230769230769231,1005,11
de_rand_1_bin_matched,360,0.24534035487770992,0.04230769230769231,1005,11
de_rand_1_bin_matched,370,0.2582197726190915,0.04230769230769231,1005,11
de_rand_1_bin_matched,380,0.2328325406266478,0.04230769230769231,1005,11
de_rand_1_bin_matched,390,0.23182335459067935,0.04230769230769231,1005,11
de_rand_1_bin_matched,400,0.25760484120976196,0.04230769230769231,1005,11
de_rand_1_bin_matched,410,0.23209505944965034,0.04230769230769231,1005,11
de_rand_1_bin_matched,420,0.2371668147626483,0.04230769230769231,1005,11
de_rand_1_bin_matched,430,0.24155243824899775,0.04230769230769231,1005,11
de_rand_1_bin_matched,440,0.2315997484839666,0.04230769230769231,1005,11
de_rand_1_bin_matched,450,0.24572177130604048,0.04230769230769231,1005,11
de_rand_1_bin_matched,460,0.27298598223431,0.04230769230769231,1005,11
de_rand_1_bin_matched,470,0.24623088899186732,0.04230769230769231,1005,11
de_rand_1_bin_matched,480,0.24635961880940696,0.04230769230769231,1005,11
de_rand_1_bin_matched,490,0.24133013784752885,0.04230769230769231,1005,11
de_rand_1_bin_matched,500,0.27383063520068895,0.04230769230769231,1005,11
de_rand_1_bin_matched,510,0.28149860404901267,0.04230769230769231,1005,11
de_rand_1_bin_matched,520,0.2670153753891197,0.04230769230769231,1005,11
de_rand_1_bin_matched,530,0.22210370707279378,0.04230769230769231,1005,11
de_rand_1_bin_matched,540,0.2622376039089316,0.04230769230769231,1005,11
de_rand_1_bin_matched,550,0.2722174344124209,0.04230769230769231,1005,11
de_rand_1_bin_matched,560,0.25638048411895326,0.04230769230769231,1005,11
de_rand_1_bin_matched,570,0.21238665626237332,0.04230769230769231,1005,11
de_rand_1_bin_matched,580,0.2599915369331634,0.04230769230769231,1005,11
de_rand_1_bin_matched,590,0.2364300612767646,0.04230769230769231,1005,11
de_rand_1_bin_matched,600,0.23898644023549573,0.04230769230769231,1005,11
de_rand_1_bin_matched,610,0.2705757676879977,0.04230769230769231,1005,11
de_rand_1_bin_matched,620,0.2452181264403915,0.04230769230769231,1005,11
de_rand_1_bin_matched,630,0.23500930541651355,0.04230769230769231,1005,11
de_rand_1_bin_matched,640,0.2519973497789831,0.04230769230769231,1005,11
de_rand_1_bin_matched,650,0.2515180789174249,0.04230769230769231,1005,11
de_rand_1_bin_matched,660,0.23927570204450269,0.04230769230769231,1005,11
de_rand_1_bin_matched,670,0.23394152380451347,0.04230769230769231,1005,11
de_rand_1_bin_matched,680,0.24296784950106265,0.04230769230769231,1005,11
de_rand_1_bin_matched,690,0.2505730434498992,0.04230769230769231,1005,11
de_rand_1_bin_matched,700,0.2371567293483895,0.04230769230769231,1005,11
de_rand_1_bin_matched,710,0.2793959560448032,0.04230769230769231,1005,11
de_rand_1_bin_matched,720,0.2645346476808748,0.04230769230769231,1005,11
de_rand_1_bin_matched,730,0.2645249153184472,0.04230769230769231,1005,11
de_rand_1_bin_matched,10,0.21698625642156788,0.04230769230769231,1006,11
de_rand_1_bin_matched,20,0.24023691580944603,0.04230769230769231,1006,11
de_rand_1_bin_matched,30,0.24611760435339514,0.04230769230769231,1006,11
de_rand_1_bin_matched,40,0.2440439309266841,0.04230769230769231,1006,11
de_rand_1_bin_matched,50,0.2320435223447378,0.04230769230769231,1006,11
de_rand_1_bin_matched,60,0.21451451520426945,0.04230769230769231,1006,11
de_rand_1_bin_matched,70,0.19927647418438568,0.04230769230769231,1006,11
de_rand_1_bin_matched,80,0.22820240514240772,0.04230769230769231,1006,11
de_rand_1_bin_matched,90,0.24599884960014373,0.04230769230769231,1006,11
de_rand_1_bin_matched,100,0.23476873794246433,0.04230769230769231,1006,11
de_rand_1_bin_matched,110,0.240413259207601,0.04230769230769231,1006,11
de_rand_1_bin_matched,120,0.24267641087345382,0.04230769230769231,1006,11
de_rand_1_bin_matched,130,0.2203536277279096,0.04230769230769231,1006,11
de_rand_1_bin_matched,140,0.2482435192427392,0.04230769230769231,1006,11
de_rand_1_bin_matched,150,0.25927477818707345,0.04230769230769231,1006,11
de_rand_1_bin_matched,160,0.24595998114636256,0.04230769230769231,1006,11
de_rand_1_bin_matched,170,0.23156423960669467,0.04230769230769231,1006,11
de_rand_1_bin_matched,180,0.27008625399962133,0.04230769230769231,1006,11
de_rand_1_bin_matched,190,0.25569604901510573,0.04230769230769231,1006,11
de_rand_1_bin_matched,200,0.23723434135729468,0.04230769230769231,1006,11
de_rand_1_bin_matched,210,0.24325915441068147,0.04230769230769231,1006,11
de_rand_1_bin_matched,220,0.24244906798376817,0.04230769230769231,1006,11
de_rand_1_bin_matched,230,0.22555266343728483,0.04230769230769231,1006,11
de_rand_1_bin_matched,240,0.2260770033485594,0.04230769230769231,1006,11
de_rand_1_bin_matched,250,0.2604571078117062,0.04230769230769231,1006,11
de_rand_1_bin_matched,260,0.23345373865175653,0.04230769230769231,1006,11
de_rand_1_bin_matched,270,0.2400315478321672,0.04230769230769231,1006,11
de_rand_1_bin_matched,280,0.2394338265170729,0.04230769230769231,1006,11
de_rand_1_bin_matched,290,0.23997310332291236,0.04230769230769231,1006,11
de_rand_1_bin_matched,300,0.2730992067276086,0.04230769230769231,1006,11
de_rand_1_bin_matched,310,0.2550550396098776,0.04230769230769231,1006,11
de_rand_1_bin_matched,320,0.25073350483470014,0.04230769230769231,1006,11
de_rand_1_bin_matched,330,0.22955298801370302,0.04230769230769231,1006,11
de_rand_1_bin_matched,340,0.2302230285680178,0.04230769230769231,1006,11
de_rand_1_bin_matched,350,0.2634999335671969,0.04230769230769231,1006,11
de_rand_1_bin_matched,360,0.25537265507599854,0.04230769230769231,1006,11
de_rand_1_bin_matched,370,0.24745008296808746,0.04230769230769231,1006,11
de_rand_1_bin_matched,380,0.2407726841113873,0.04230769230769231,1006,11
de_rand_1_bin_matched,390,0.2376663123707177,0.04230769230769231,1006,11
de_rand_1_bin_matched,400,0.24697220962891772,0.04230769230769231,1006,11
de_rand_1_bin_matched,410,0.2431296769701576,0.04230769230769231,1006,11
de_rand_1_bin_matched,420,0.22388193013709382,0.04230769230769231,1006,11
de_rand_1_bin_matched,430,0.23253753742761518,0.04230769230769231,1006,11
de_rand_1_bin_matched,440,0.23788494072957145,0.04230769230769231,1006,11
de_rand_1_bin_matched,450,0.2428278296292725,0.04230769230769231,1006,11
de_rand_1_bin_matched,460,0.23885398020803858,0.04230769230769231,1006,11
de_rand_1_bin_matched,470,0.2604911176062327,0.04230769230769231,1006,11
de_rand_1_bin_matched,480,0.2449748720982811,0.04230769230769231,1006,11
de_rand_1_bin_matched,490,0.23819807547709856,0.04230769230769231,1006,11
de_rand_1_bin_matched,500,0.24629319724933907,0.04230769230769231,1006,11
de_rand_1_bin_matched,510,0.25007623927986006,0.04230769230769231,1006,11
de_rand_1_bin_matched,520,0.23888603419278023,0.04230769230769231,1006,11
de_rand_1_bin_matched,530,0.24721974020504497,0.04230769230769231,1006,11
de_rand_1_bin_matched,540,0.25964737562865436,0.04230769230769231,1006,11
de_rand_1_bin_matched,550,0.23114325353194978,0.04230769230769231,1006,11
de_rand_1_bin_matched,560,0.23303778289005575,0.04230769230769231,1006,11
de_rand_1_bin_matched,570,0.24943425048624843,0.04230769230769231,1006,11
de_rand_1_bin_matched,580,0.2581362177274188,0.04230769230769231,1006,11
de_rand_1_bin_matched,590,0.2682097035811242,0.04230769230769231,1006,11
de_rand_1_bin_matched,600,0.2316096253896971,0.04230769230769231,1006,11
de_rand_1_bin_matched,610,0.2614490478659614,0.04230769230769231,1006,11
de_rand_1_bin_matched,620,0.2670360520872124,0.04230769230769231,1006,11
de_rand_1_bin_matched,630,0.28416143395988,0.04230769230769231,1006,11
de_rand_1_bin_matched,640,0.24485118805530373,0.04230769230769231,1006,11
de_rand_1_bin_matched,650,0.24237684318713293,0.04230769230769231,1006,11
de_rand_1_bin_matched,660,0.255202703503501,0.04230769230769231,1006,11
de_rand_1_bin_matched,670,0.2723339801658777,0.04230769230769231,1006,11
de_rand_1_bin_matched,680,0.2470489367481835,0.04230769230769231,1006,11
de_rand_1_bin_matched,690,0.27652562376775713,0.04230769230769231,1006,11
de_rand_1_bin_matched,700,0.26832076675178146,0.04230769230769231,1006,11
de_rand_1_bin_matched,710,0.23706867074934157,0.04230769230769231,1006,11
de_rand_1_bin_matched,720,0.22237523917703883,0.04230769230769231,1006,11
de_rand_1_bin_matched,730,0.2330487625015963,0.04230769230769231,1006,11
de_rand_1_bin_matched,10,0.24254208112320916,0.04230769230769231,1007,11
de_rand_1_bin_matched,20,0.24763536025535338,0.04230769230769231,1007,11
de_rand_1_bin_matched,30,0.257796866563976,0.04230769230769231,1007,11
de_rand_1_bin_matched,40,0.23753296084124456,0.04230769230769231,1007,11
de_rand_1_bin_matched,50,0.21086873066533784,0.04230769230769231,1007,11
de_rand_1_bin_matched,60,0.25937917581891073,0.04230769230769231,1007,11
de_rand_1_bin_matched,70,0.26711945214973626,0.04230769230769231,1007,11
de_rand_1_bin_matched,80,0.23733099576161476,0.04230769230769231,1007,11
de_rand_1_bin_matched,90,0.2374578818890117,0.04230769230769231,1007,11
de_rand_1_bin_matched,100,0.24645280736550748,0.04230769230769231,1007,11
de_rand_1_bin_matched,110,0.28307911271781033,0.04230769230769231,1007,11
de_rand_1_bin_matched,120,0.24167396519281373,0.04230769230769231,1007,11
de_rand_1_bin_matched,130,0.24814960345188922,0.04230769230769231,1007,11
de_rand_1_bin_matched,140,0.24164703702878362,0.04230769230769231,1007,11
de_rand_1_bin_matched,150,0.23292914279771834,0.04230769230769231,1007,11
de_rand_1_bin_matched,160,0.23575733156212508,0.04230769230769231,1007,11
de_rand_1_bin_matched,170,0.20198581951747874,0.04230769230769231,1007,11
de_rand_1_bin_matched,180,0.2628200361181696,0.04230769230769231,1007,11
de_rand_1_bin_matched,190,0.22667915270673436,0.04230769230769231,1007,11
de_rand_1_bin_matched,200,0.2567669841264276,0.04230769230769231,1007,11
de_rand_1_bin_matched,210,0.2734977065335373,0.04230769230769231,1007,11
de_rand_1_bin_matched,220,0.24594387921504102,0.04230769230769231,1007,11
de_rand_1_bin_matched,230,0.2545299337304095,0.04230769230769231,1007,11
de_rand_1_bin_matched,240,0.26479191268489594,0.04230769230769231,1007,11
de_rand_1_bin_matched,250,0.23755752507420835,0.04230769230769231,1007,11
de_rand_1_bin_matched,260,0.25036075509203615,0.04230769230769231,1007,11
de_rand_1_bin_matched,270,0.2628239574444818,0.04230769230769231,1007,11
de_rand_1_bin_matched,280,0.2573415121928856,0.04230769230769231,1007,11
de_rand_1_bin_matched,290,0.23644263549671315,0.04230769230769231,1007,11
de_rand_1_bin_matched,300,0.2563751930011029,0.04230769230769231,1007,11
de_rand_1_bin_matched,310,0.2571679289260374,0.04230769230769231,1007,11
de_rand_1_bin_matched,320,0.2448996883461906,0.04230769230769231,1007,11
de_rand_1_bin_matched,330,0.2254705226557825,0.04230769230769231,1007,11
de_rand_1_bin_matched,340,0.24488658316639456,0.04230769230769231,1007,11
de_rand_1_bin_matched,350,0.24095907427401123,0.04230769230769231,1007,11
de_rand_1_bin_matched,360,0.25816857124377407,0.04230769230769231,1007,11
de_rand_1_bin_matched,370,0.24314030753496196,0.04230769230769231,1007,11
de_rand_1_bin_matched,380,0.22288475892033666,0.04230769230769231,1007,11
de_rand_1_bin_matched,390,0.2366848326040736,0.04230769230769231,1007,11
de_rand_1_bin_matched,400,0.2549149617479183,0.04230769230769231,1007,11
de_rand_1_bin_matched,410,0.24955844269378033,0.04230769230769231,1007,11
de_rand_1_bin_matched,420,0.2523018012477345,0.04230769230769231,1007,11
de_rand_1_bin_matched,430,0.25281386562107583,0.04230769230769231,1007,11
de_rand_1_bin_matched,440,0.23432412798676758,0.04230769230769231,1007,11
de_rand_1_bin_matched,450,0.2560719687923374,0.04230769230769231,1007,11
de_rand_1_bin_matched,460,0.2614868594969733,0.04230769230769231,1007,11
de_rand_1_bin_matched,470,0.24011898256180553,0.04230769230769231,1007,11
de_rand_1_bin_matched,480,0.2513479564714299,0.04230769230769231,1007,11
de_rand_1_bin_matched,490,0.23932699206490515,0.04230769230769231,1007,11
de_rand_1_bin_matched,500,0.23560759561759148,0.04230769230769231,1007,11
de_rand_1_bin_matched,510,0.2269255205907836,0.04230769230769231,1007,11
de_rand_1_bin_matched,520,0.26176036189591256,0.04230769230769231,1007,11
de_rand_1_bin_matched,530,0.24889807352517213,0.04230769230769231,1007,11
de_rand_1_bin_matched,540,0.2593692572125372,0.04230769230769231,1007,11
de_rand_1_bin_matched,550,0.2570530512344329,0.04230769230769231,1007,11
de_rand_1_bin_matched,560,0.24309384965025416,0.04230769230769231,1007,11
de_rand_1_bin_matched,570,0.23695074362171273,0.04230769230769231,1007,11
de_rand_1_bin_matched,580,0.24815852981654063,0.04230769230769231,1007,11
de_rand_1_bin_matched,590,0.24146220904291393,0.04230769230769231,1007,11
de_rand_1_bin_matched,600,0.26339981911264354,0.04230769230769231,1007,11
de_rand_1_bin_matched,610,0.2725432361207811,0.04230769230769231,1007,11
de_rand_1_bin_matched,620,0.25579887410299906,0.04230769230769231,1007,11
de_rand_1_bin_matched,630,0.28387889614681594,0.04230769230769231,1007,11
de_rand_1_bin_matched,640,0.2461067729718285,0.04230769230769231,1007,11
de_rand_1_bin_matched,650,0.2503797789568864,0.04230769230769231,1007,11
de_rand_1_bin_matched,660,0.26580741908404165,0.04230769230769231,1007,11
de_rand_1_bin_matched,670,0.2479485551051818,0.04230769230769231,1007,11
de_rand_1_bin_matched,680,0.23547609131253103,0.04230769230769231,1007,11
de_rand_1_bin_matched,690,0.22733404748749908,0.04230769230769231,1007,11
de_rand_1_bin_matched,700,0.28364108587337766,0.04230769230769231,1007,11
de_rand_1_bin_matched,710,0.2505751094716749,0.04230769230769231,1007,11
de_rand_1_bin_matched,720,0.26035393969412957,0.04230769230769231,1007,11
de_rand_1_bin_matched,730,0.24789639388241966,0.04230769230769231,1007,11
de_rand_1_bin_matched,10,0.24979752942975772,0.04230769230769231,1008,11
de_rand_1_bin_matched,20,0.22536965782096086,0.04230769230769231,1008,11
de_rand_1_bin_matched,30,0.22973515218909604,0.04230769230769231,1008,11
de_rand_1_bin_matched,40,0.23576329749671968,0.04230769230769231,1008,11
de_rand_1_bin_matched,50,0.2618632262998531,0.04230769230769231,1008,11
de_rand_1_bin_matched,60,0.23223865042934247,0.04230769230769231,1008,11
de_rand_1_bin_matched,70,0.24980734529697948,0.04230769230769231,1008,11
de_rand_1_bin_matched,80,0.23746984562288023,0.04230769230769231,1008,11
de_rand_1_bin_matched,90,0.22218353781903777,0.04230769230769231,1008,11
de_rand_1_bin_matched,100,0.24891805466193606,0.04230769230769231,1008,11
de_rand_1_bin_matched,110,0.24742217209151066,0.04230769230769231,1008,11
de_rand_1_bin_matched,120,0.23350310099191965,0.04230769230769231,1008,11
de_rand_1_bin_matched,130,0.22540495156014348,0.04230769230769231,1008,11
de_rand_1_bin_matched,140,0.24922009996114036,0.04230769230769231,1008,11
de_rand_1_bin_matched,150,0.20363798554822654,0.04230769230769231,1008,11
de_rand_1_bin_matched,160,0.2397225335956197,0.04230769230769231,1008,11
de_rand_1_bin_matched,170,0.258374704441539,0.04230769230769231,1008,11
de_rand_1_bin_matched,180,0.24364681770668947,0.04230769230769231,1008,11
de_rand_1_bin_matched,190,0.23919352558424922,0.04230769230769231,1008,11
de_rand_1_bin_matched,200,0.21211646102976592,0.04230769230769231,1008,11
de_rand_1_bin_matched,210,0.21709361721589082,0.04230769230769231,1008,11
de_rand_1_bin_matched,220,0.2375768118637921,0.04230769230769231,1008,11
de_rand_1_bin_matched,230,0.20660417689518243,0.04230769230769231,1008,11
de_rand_1_bin_matched,240,0.25984066038175413,0.04230769230769231,1008,11
de_rand_1_bin_matched,250,0.2287225182685351,0.04230769230769231,1008,11
de_rand_1_bin_matched,260,0.27710268251995873,0.04230769230769231,1008,11
de_rand_1_bin_matched,270,0.2257773831047705,0.04230769230769231,1008,11
de_rand_1_bin_matched,280,0.2761517726121257,0.04230769230769231,1008,11
de_rand_1_bin_matched,290,0.23321880907521617,0.04230769230769231,1008,11
de_rand_1_bin_matched,300,0.22614756912033393,0.04230769230769231,1008,11
de_rand_1_bin_matched,310,0.2453432688235564,0.04230769230769231,1008,11
de_rand_1_bin_matched,320,0.24162911303402287,0.04230769230769231,1008,11
de_rand_1_bin_matched,330,0.25256531892042594,0.04230769230769231,1008,11
de_rand_1_bin_matched,340,0.26633080669310144,0.04230769230769231,1008,11
de_rand_1_bin_matched,350,0.2287420773419714,0.04230769230769231,1008,11
de_rand_1_bin_matched,360,0.2504889889932668,0.04230769230769231,1008,11
de_rand_1_bin_matched,370,0.248116339177372,0.04230769230769231,1008,11
de_rand_1_bin_matched,380,0.20938680099186466,0.04230769230769231,1008,11
de_rand_1_bin_matched,390,0.25038256522108715,0.04230769230769231,1008,11
de_rand_1_bin_matched,400,0.2508759151806535,0.04230769230769231,1008,11
de_rand_1_bin_matched,410,0.2363441050618408,0.04230769230769231,1008,11
de_rand_1_bin_matched,420,0.2507787493453515,0.04230769230769231,1008,11
de_rand_1_bin_matched,430,0.24051095596184277,0.04230769230769231,1008,11
de_rand_1_bin_matched,440,0.25573872036761697,0.04230769230769231,1008,11
de_rand_1_bin_matched,450,0.22750973382201836,0.04230769230769231,1008,11
de_rand_1_bin_matched,460,0.25269173408052903,0.04230769230769231,1008,11
de_rand_1_bin_matched,470,0.23305367026679838,0.04230769230769231,1008,11
de_rand_1_bin_matched,480,0.25476075902684386,0.04230769230769231,1008,11
de_rand_1_bin_matched,490,0.25443828852099787,0.04230769230769231,1008,11
de_rand_1_bin_matched,500,0.2315205361546888,0.04230769230769231,1008,11
de_rand_1_bin_matched,510,0.24577578934221136,0.04230769230769231,1008,11
de_rand_1_bin_matched,520,0.23759084527254473,0.04230769230769231,1008,11
de_rand_1_bin_matched,530,0.2421464325751341,0.04230769230769231,1008,11
de_rand_1_bin_matched,540,0.23948748382568763,0.04230769230769231,1008,11
de_rand_1_bin_matched,550,0.2485396311083969,0.04230769230769231,1008,11
de_rand_1_bin_matched,560,0.2815572231197676,0.04230769230769231,1008,11
de_rand_1_bin_matched,570,0.21794176320339942,0.04230769230769231,1008,11
de_rand_1_bin_matched,580,0.26082166719264194,0.04230769230769231,1008,11
de_rand_1_bin_matched,590,0.2387492439502866,0.04230769230769231,1008,11
de_rand_1_bin_matched,600,0.2594185255843519,0.04230769230769231,1008,11
de_rand_1_bin_matched,610,0.2421856729330825,0.04230769230769231,1008,11
de_rand_1_bin_matched,620,0.24517038985629513,0.04230769230769231,1008,11
de_rand_1_bin_matched,630,0.21987584678534303,0.04230769230769231,1008,11
de_rand_1_bin_matched,640,0.25967373259230747,0.04230769230769231,1008,11
de_rand_1_bin_matched,650,0.2535348497522933,0.04230769230769231,1008,11
de_rand_1_bin_matched,660,0.243851522299698,0.04230769230769231,1008,11
de_rand_1_bin_matched,670,0.251387348660384,0.04230769230769231,1008,11
de_rand_1_bin_matched,680,0.23628854499409543,0.04230769230769231,1008,11
de_rand_1_bin_matched,690,0.27296370892967015,0.04230769230769231,1008,11
de_rand_1_bin_matched,700,0.2575045702383308,0.04230769230769231,1008,11
de_rand_1_bin_matched,710,0.2531292618961606,0.04230769230769231,1008,11
de_rand_1_bin_matched,720,0.2369079614061247,0.04230769230769231,1008,11
de_rand_1_bin_matched,730,0.2374791662292645,0.04230769230769231,1008,11
de_rand_1_bin_matched,10,0.23909012719579992,0.04230769230769231,1009,11
de_rand_1_bin_matched,20,0.21329568764989862,0.04230769230769231,1009,11
de_rand_1_bin_matched,30,0.2223060369938962,0.04230769230769231,1009,11
de_rand_1_bin_matched,40,0.23438235915902242,0.04230769230769231,1009,11
de_rand_1_bin_matched,50,0.23716539363296052,0.04230769230769231,1009,11
de_rand_1_bin_matched,60,0.26325002511390466,0.04230769230769231,1009,11
de_rand_1_bin_matched,70,0.25303623423898797,0.04230769230769231,1009,11
de_rand_1_bin_matched,80,0.22657028710160376,0.04230769230769231,1009,11
de_rand_1_bin_matched,90,0.23499851846881792,0.04230769230769231,1009,11
de_rand_1_bin_matched,100,0.25292232475198256,0.04230769230769231,1009,11
de_rand_1_bin_matched,110,0.2094816348259673,0.04230769230769231,1009,11
de_rand_1_bin_matched,120,0.25841180904386607,0.04230769230769231,1009,11
de_rand_1_bin_matched,130,0.24022746161575562,0.04230769230769231,1009,11
de_rand_1_bin_matched,140,0.26152104042912416,0.04230769230769231,1009,11
de_rand_1_bin_matched,150,0.2773620873666767,0.04230769230769231,1009,11
de_rand_1_bin_matched,160,0.2548211007814855,0.04230769230769231,1009,11
de_rand_1_bin_matched,170,0.2609786838525049,0.04230769230769231,1009,11
de_rand_1_bin_matched,180,0.24524309976363035,0.04230769230769231,1009,11
de_rand_1_bin_matched,190,0.2729415736411886,0.04230769230769231,1009,11
de_rand_1_bin_matched,200,0.2598079735353602,0.04230769230769231,1009,11
de_rand_1_bin_matched,210,0.261231969656315,0.04230769230769231,1009,11
de_rand_1_bin_matched,220,0.23141219226436024,0.04230769230769231,1009,11
de_rand_1_bin_matched,230,0.23979201887096901,0.04230769230769231,1009,11
de_rand_1_bin_matched,240,0.23663027994103844,0.04230769230769231,1009,11
de_rand_1_bin_matched,250,0.24647363770620637,0.04230769230769231,1009,11
de_rand_1_bin_matched,260,0.24650458459632563,0.04230769230769231,1009,11
de_rand_1_bin_matched,270,0.28053454164144026,0.04230769230769231,1009,11
de_rand_1_bin_matched,280,0.22355682639941413,0.04230769230769231,1009,11
de_rand_1_bin_matched,290,0.25612351413658035,0.04230769230769231,1009,11
de_rand_1_bin_matched,300,0.250300729688825,0.04230769230769231,1009,11
de_rand_1_bin_matched,310,0.2618723637228299,0.04230769230769231,1009,11
de_rand_1_bin_matched,320,0.2446850701823893,0.04230769230769231,1009,11
de_rand_1_bin_matched,330,0.22924534933160579,0.04230769230769231,1009,11
de_rand_1_bin_matched,340,0.2254170871783536,0.04230769230769231,1009,11
de_rand_1_bin_matched,350,0.24051671039259434,0.04230769230769231,1009,11
de_rand_1_bin_matched,360,0.2423208072398706,0.04230769230769231,1009,11
de_rand_1_bin_matched,370,0.2519459856272583,0.04230769230769231,1009,11
de_rand_1_bin_matched,380,0.23713762240978323,0.04230769230769231,1009,11
de_rand_1_bin_matched,390,0.26889937911124795,0.04230769230769231,1009,11
de_rand_1_bin_matched,400,0.2474562024716438,0.04230769230769231,1009,11
de_rand_1_bin_matched,410,0.2751752071878591,0.04230769230769231,1009,11
de_rand_1_bin_matched,420,0.2609640394461925,0.04230769230769231,1009,11
de_rand_1_bin_matched,430,0.2548453622041312,0.04230769230769231,1009,11
de_rand_1_bin_matched,440,0.2112635827914935,0.04230769230769231,1009,11
de_rand_1_bin_matched,450,0.23784356881911295,0.04230769230769231,1009,11
de_rand_1_bin_matched,460,0.23515388022016712,0.04230769230769231,1009,11
de_rand_1_bin_matched,470,0.231432654257947,0.04230769230769231,1009,11
de_rand_1_bin_matched,480,0.25478264964732455,0.04230769230769231,1009,11
de_rand_1_bin_matched,490,0.23985926596815757,0.04230769230769231,1009,11
de_rand_1_bin_matched,500,0.2575083654375033,0.04230769230769231,1009,11
de_rand_1_bin_matched,510,0.2914292799897967,0.04230769230769231,1009,11
de_rand_1_bin_matched,520,0.2574877643205972,0.04230769230769231,1009,11
de_rand_1_bin_matched,530,0.233396552112049,0.04230769230769231,1009,11
de_rand_1_bin_matched,540,0.24428988685298256,0.04230769230769231,1009,11
de_rand_1_bin_matched,550,0.2524756812049389,0.04230769230769231,1009,11
de_rand_1_bin_matched,560,0.2452691416252619,0.04230769230769231,1009,11
de_rand_1_bin_matched,570,0.2719863377361948,0.04230769230769231,1009,11
de_rand_1_bin_matched,580,0.23403326112649506,0.04230769230769231,1009,11
de_rand_1_bin_matched,590,0.2229180363124319,0.04230769230769231,1009,11
de_rand_1_bin_matched,600,0.26805079668614906,0.04230769230769231,1009,11
de_rand_1_bin_matched,610,0.2697615966524981,0.04230769230769231,1009,11
de_rand_1_bin_matched,620,0.26271543400419334,0.04230769230769231,1009,11
de_rand_1_bin_matched,630,0.24275551832871178,0.04230769230769231,1009,11
de_rand_1_bin_matched,640,0.22829040586208582,0.04230769230769231,1009,11
de_rand_1_bin_matched,650,0.24008193521262713,0.04230769230769231,1009,11
de_rand_1_bin_matched,660,0.24203408565524975,0.04230769230769231,1009,11
de_rand_1_bin_matched,670,0.23232016648205153,0.04230769230769231,1009,11
de_rand_1_bin_matched,680,0.24005488722434085,0.04230769230769231,1009,11
de_rand_1_bin_matched,690,0.2607751264512389,0.04230769230769231,1009,11
de_rand_1_bin_matched,700,0.2572861841218375,0.04230769230769231,1009,11
de_rand_1_bin_matched,710,0.2330692498726666,0.04230769230769231,1009,11
de_rand_1_bin_matched,720,0.22432039705544862,0.04230769230769231,1009,11
de_rand_1_bin_matched,730,0.26919890015205333,0.04230769230769231,1009,11
