arm,generation,in_span_share,isotropic_share,seed,span_rank
normalised,10,0.42021139944966723,0.04230769230769231,1000,11
normalised,20,0.7082057716143658,0.023076923076923078,1000,6
normalised,30,0.5040860554713721,0.038461538461538464,1000,10
normalised,40,0.8192597957584997,0.038461538461538464,1000,10
normalised,50,0.5769085901061539,0.038461538461538464,1000,10
normalised,60,0.3796542562817128,0.04230769230769231,1000,11
normalised,70,1.0000000000000002,0.038461538461538464,1000,10
normalised,80,0.2701722499834842,0.04230769230769231,1000,11
normalised,90,0.7482959195374403,0.04230769230769231,1000,11
normalised,100,0.9528997240490581,0.038461538461538464,1000,10
normalised,110,0.6677192316719256,0.04230769230769231,1000,11
normalised,120,0.6668699518373616,0.023076923076923078,1000,6
normalised,130,0.7330177843070806,0.04230769230769231,1000,11
normalised,140,0.802253951230098,0.015384615384615385,1000,4
normalised,150,0.6114181225142444,0.04230769230769231,1000,11
normalised,160,0.6503788423349248,0.038461538461538464,1000,10
normalised,170,1.0,0.04230769230769231,1000,11
normalised,180,0.1921470830725529,0.03076923076923077,1000,8
normalised,190,0.7540493350843547,0.038461538461538464,1000,10
normalised,200,0.4058875818151606,0.04230769230769231,1000,11
normalised,210,0.5068913213758586,0.038461538461538464,1000,10
normalised,220,0.6951431913728441,0.03076923076923077,1000,8
normalised,230,0.32488901722233327,0.019230769230769232,1000,5
normalised,240,0.1391986172853101,0.026923076923076925,1000,7
normalised,250,0.7766516012579292,0.04230769230769231,1000,11
normalised,260,0.3579027097143999,0.04230769230769231,1000,11
normalised,270,0.9970294496639218,0.023076923076923078,1000,6
normalised,280,0.5102666607443838,0.04230769230769231,1000,11
normalised,290,0.32975436159610105,0.04230769230769231,1000,11
normalised,300,0.4048326187446948,0.038461538461538464,1000,10
normalised,310,0.4408572063074558,0.04230769230769231,1000,11
normalised,320,0.9999999999999999,0.03076923076923077,1000,8
normalised,330,0.6790697039423734,0.038461538461538464,1000,10
normalised,340,0.9999999999999997,0.023076923076923078,1000,6
normalised,350,0.5164325183823973,0.026923076923076925,1000,7
normalised,360,0.36926357146236477,0.023076923076923078,1000,6
normalised,370,0.6385936273193827,0.019230769230769232,1000,5
normalised,380,0.6235590945935241,0.038461538461538464,1000,10
normalised,390,0.5393069112116622,0.023076923076923078,1000,6
normalised,400,0.7174113995175606,0.03461538461538462,1000,9
normalised,410,0.4993304865270344,0.038461538461538464,1000,10
normalised,420,0.7614917628708824,0.03076923076923077,1000,8
normalised,430,0.5817524340645096,0.04230769230769231,1000,11
normalised,440,0.2984174988269484,0.026923076923076925,1000,7
normalised,450,0.9999999999999998,0.023076923076923078,1000,6
normalised,460,0.5273532851366272,0.03461538461538462,1000,9
normalised,470,0.5215830471256921,0.04230769230769231,1000,11
normalised,480,0.5965813429838134,0.03461538461538462,1000,9
normalised,490,0.7013175170281691,0.04230769230769231,1000,11
normalised,500,0.8342537382832208,0.023076923076923078,1000,6
normalised,510,0.7120594704732588,0.04230769230769231,1000,11
normalised,520,0.24971549176223445,0.04230769230769231,1000,11
normalised,530,0.7144340167993815,0.04230769230769231,1000,11
normalised,540,0.26939927045341266,0.038461538461538464,1000,10
normalised,550,0.937721365563416,0.04230769230769231,1000,11
normalised,560,0.6633417772880242,0.04230769230769231,1000,11
normalised,570,0.7186993777441997,0.026923076923076925,1000,7
normalised,580,0.6474665380873585,0.04230769230769231,1000,11
normalised,590,0.28581884224532506,0.038461538461538464,1000,10
normalised,600,0.5166110491233951,0.04230769230769231,1000,11
normalised,610,0.6224274234053613,0.03076923076923077,1000,8
normalised,620,0.3782082837246884,0.023076923076923078,1000,6
normalised,630,0.3865670525636883,0.04230769230769231,1000,11
normalised,640,0.4008820021162116,0.04230769230769231,1000,11
normalised,650,0.7405661370288997,0.04230769230769231,1000,11
normalised,660,0.3326977996029647,0.038461538461538464,1000,10
normalised,670,0.6968074400613347,0.03461538461538462,1000,9
normalised,680,0.60170851139902,0.04230769230769231,1000,11
normalised,690,0.7956095164796493,0.03461538461538462,1000,9
normalised,700,0.18379458640109697,0.026923076923076925,1000,7
normalised,710,0.2587281785186661,0.023076923076923078,1000,6
normalised,720,0.9999999999999996,0.026923076923076925,1000,7
normalised,730,0.37850896719440963,0.04230769230769231,1000,11
normalised,740,0.7876842463714762,0.04230769230769231,1000,11
normalised,750,0.20423733421857368,0.038461538461538464,1000,10
normalised,760,0.643459350933751,0.038461538461538464,1000,10
normalised,770,0.6301227451667525,0.038461538461538464,1000,10
normalised,780,0.4840559183105656,0.023076923076923078,1000,6
normalised,790,0.7787153057658592,0.04230769230769231,1000,11
normalised,800,0.3584603175587309,0.04230769230769231,1000,11
normalised,810,0.7092796863236074,0.04230769230769231,1000,11
normalised,820,0.5898828449080042,0.038461538461538464,1000,10
normalised,830,0.857708833849099,0.038461538461538464,1000,10
normalised,840,0.5258785565898312,0.04230769230769231,1000,11
normalised,850,0.6393296409846043,0.03076923076923077,1000,8
normalised,860,0.6329661440874035,0.04230769230769231,1000,11
normalised,870,0.6649924144228876,0.03076923076923077,1000,8
normalised,880,0.6695530270659843,0.03461538461538462,1000,9
normalised,890,0.6132521061853674,0.03461538461538462,1000,9
normalised,900,0.40048110348621574,0.03461538461538462,1000,9
normalised,910,0.7188278971457138,0.04230769230769231,1000,11
normalised,920,0.8435489115150931,0.038461538461538464,1000,10
normalised,930,0.768907376095413,0.04230769230769231,1000,11
normalised,940,0.7905089810879804,0.03461538461538462,1000,9
normalised,950,0.33266166652260815,0.04230769230769231,1000,11
normalised,960,0.8580472567173583,0.04230769230769231,1000,11
normalised,970,0.44463564089160645,0.03076923076923077,1000,8
normalised,980,0.8495796700647043,0.03461538461538462,1000,9
normalised,990,0.5144929348563287,0.023076923076923078,1000,6
normalised,1000,0.2029394412309792,0.019230769230769232,1000,5
normalised,1010,0.4987781456115601,0.04230769230769231,1000,11
normalised,1020,0.8181120125148873,0.03076923076923077,1000,8
normalised,1030,0.6330455693672097,0.04230769230769231,1000,11
normalised,1040,0.4070470177653743,0.04230769230769231,1000,11
normalised,1050,0.9999999999999989,0.03076923076923077,1000,8
normalised,1060,0.5586019844749265,0.038461538461538464,1000,10
normalised,1070,0.2574256561925474,0.019230769230769232,1000,5
normalised,1080,0.7835441306714601,0.038461538461538464,1000,10
normalised,1090,0.435711757799919,0.04230769230769231,1000,11
normalised,1100,0.6263626827987784,0.03461538461538462,1000,9
normalised,1110,0.3134956640565831,0.04230769230769231,1000,11
normalised,1120,0.7680469675173132,0.04230769230769231,1000,11
normalised,1130,0.6478181959870147,0.026923076923076925,1000,7
normalised,1140,0.70254962964102,0.03076923076923077,1000,8
normalised,1150,0.7195411064306473,0.04230769230769231,1000,11
normalised,1160,0.3159926061658847,0.04230769230769231,1000,11
normalised,1170,0.7049364287247407,0.04230769230769231,1000,11
normalised,1180,0.496884544237821,0.03461538461538462,1000,9
normalised,1190,0.24101269222206115,0.04230769230769231,1000,11
normalised,1200,0.4038952287042168,0.03461538461538462,1000,9
normalised,1210,0.7126426952046765,0.03076923076923077,1000,8
normalised,1220,0.43695539015419876,0.03461538461538462,1000,9
normalised,1230,0.8881067464341139,0.04230769230769231,1000,11
normalised,1240,0.4924199805845929,0.023076923076923078,1000,6
normalised,1250,0.827267121461872,0.04230769230769231,1000,11
normalised,1260,0.31615222878357035,0.019230769230769232,1000,5
normalised,1270,0.6002431130811593,0.03076923076923077,1000,8
normalised,1280,0.6599451404045958,0.038461538461538464,1000,10
normalised,1290,0.40024392571051004,0.04230769230769231,1000,11
normalised,1300,0.6356028583515011,0.04230769230769231,1000,11
normalised,1310,0.48397371758052765,0.038461538461538464,1000,10
normalised,1320,0.531976879490849,0.04230769230769231,1000,11
normalised,1330,0.37978523588854807,0.019230769230769232,1000,5
normalised,1340,0.6403375369613311,0.04230769230769231,1000,11
normalised,1350,0.8534017192500021,0.03461538461538462,1000,9
normalised,1360,0.7814256374270556,0.03461538461538462,1000,9
normalised,1370,0.44146879452505183,0.04230769230769231,1000,11
normalised,1380,0.44698184256437096,0.04230769230769231,1000,11
normalised,1390,0.5837806123564571,0.04230769230769231,1000,11
normalised,1400,0.817871657433892,0.04230769230769231,1000,11
normalised,1410,0.9710261534514762,0.038461538461538464,1000,10
normalised,1420,0.45259859861039814,0.038461538461538464,1000,10
normalised,1430,0.7694886860197508,0.04230769230769231,1000,11
normalised,1440,0.53870216411953,0.04230769230769231,1000,11
normalised,1450,0.7698005290104005,0.038461538461538464,1000,10
normalised,1460,0.496049243718116,0.03461538461538462,1000,9
normalised,1470,0.6619446352077718,0.038461538461538464,1000,10
normalised,1480,0.23319837294239174,0.03461538461538462,1000,9
normalised,1490,0.713178129574337,0.04230769230769231,1000,11
normalised,1500,0.8520554345292731,0.026923076923076925,1000,7
normalised,1510,0.7106447834881396,0.03076923076923077,1000,8
normalised,1520,0.4824248530296654,0.04230769230769231,1000,11
normalised,1530,0.7512383437422996,0.038461538461538464,1000,10
normalised,1540,0.7329323095558065,0.026923076923076925,1000,7
normalised,1550,0.5304528820775052,0.03461538461538462,1000,9
normalised,1560,0.4707708168600579,0.04230769230769231,1000,11
normalised,1570,0.7800937893698198,0.03461538461538462,1000,9
normalised,1580,0.41361492976632225,0.03461538461538462,1000,9
normalised,1590,0.969994615150144,0.04230769230769231,1000,11
normalised,1600,0.5074406174711507,0.038461538461538464,1000,10
normalised,10,0.29766816346538333,0.04230769230769231,1001,11
normalised,20,0.4173615575133908,0.04230769230769231,1001,11
normalised,30,0.7034918363993109,0.04230769230769231,1001,11
normalised,40,0.5264392886686621,0.04230769230769231,1001,11
normalised,50,0.801534402019367,0.04230769230769231,1001,11
normalised,60,0.5828661074291667,0.03461538461538462,1001,9
normalised,70,0.875132261548565,0.03461538461538462,1001,9
normalised,80,0.4145006298326147,0.04230769230769231,1001,11
normalised,90,0.44567471821280286,0.04230769230769231,1001,11
normalised,100,0.4110069359582358,0.03461538461538462,1001,9
normalised,110,0.32747354627118486,0.04230769230769231,1001,11
normalised,120,0.819619081202396,0.04230769230769231,1001,11
normalised,130,0.7500225428260118,0.026923076923076925,1001,7
normalised,140,0.23203364473838245,0.019230769230769232,1001,5
normalised,150,0.5373270478819082,0.038461538461538464,1001,10
normalised,160,0.9773721080612454,0.038461538461538464,1001,10
normalised,170,0.5139462034167384,0.038461538461538464,1001,10
normalised,180,0.5375782277439969,0.04230769230769231,1001,11
normalised,190,0.8095991220296838,0.04230769230769231,1001,11
normalised,200,0.4186765969242307,0.04230769230769231,1001,11
normalised,210,0.35549423507637534,0.026923076923076925,1001,7
normalised,220,0.862879025990362,0.038461538461538464,1001,10
normalised,230,0.9919582704920019,0.019230769230769232,1001,5
normalised,240,0.7302399028094576,0.04230769230769231,1001,11
normalised,250,0.7867563609446675,0.015384615384615385,1001,4
normalised,260,0.8821999369913245,0.026923076923076925,1001,7
normalised,270,0.9996954151557356,0.03076923076923077,1001,8
normalised,280,0.9658308758287535,0.038461538461538464,1001,10
normalised,290,0.6198493317544504,0.03461538461538462,1001,9
normalised,300,0.5317201376314812,0.03076923076923077,1001,8
normalised,310,0.5108078255677064,0.038461538461538464,1001,10
normalised,320,0.5236079245202278,0.04230769230769231,1001,11
normalised,330,0.7067475834258492,0.038461538461538464,1001,10
normalised,340,0.1647708988951672,0.03461538461538462,1001,9
normalised,350,0.5679155816623059,0.04230769230769231,1001,11
normalised,360,0.2122673721730473,0.03076923076923077,1001,8
normalised,370,0.30389923055749357,0.026923076923076925,1001,7
normalised,380,0.13455188832960388,0.015384615384615385,1001,4
normalised,390,0.5729174726850753,0.04230769230769231,1001,11
normalised,400,0.49859714832654534,0.04230769230769231,1001,11
normalised,410,0.6745087272290431,0.038461538461538464,1001,10
normalised,420,0.39524476689121996,0.04230769230769231,1001,11
normalised,430,0.7562917199206726,0.023076923076923078,1001,6
normalised,440,0.8263470465765965,0.04230769230769231,1001,11
normalised,450,0.2696735186417689,0.038461538461538464,1001,10
normalised,460,0.990041884478753,0.04230769230769231,1001,11
normalised,470,0.9685966028102817,0.04230769230769231,1001,11
normalised,480,0.9856783477073071,0.026923076923076925,1001,7
normalised,490,0.2254959502318994,0.03461538461538462,1001,9
normalised,500,0.4493682602870808,0.03461538461538462,1001,9
normalised,510,0.43599185253719097,0.03076923076923077,1001,8
normalised,520,0.4502904328304888,0.03461538461538462,1001,9
normalised,530,0.6493045092309147,0.038461538461538464,1001,10
normalised,540,0.6940199527253642,0.04230769230769231,1001,11
normalised,550,0.5055146111136594,0.015384615384615385,1001,4
normalised,560,0.9976074072136756,0.038461538461538464,1001,10
normalised,570,0.7524269715781282,0.04230769230769231,1001,11
normalised,580,0.5179717591212283,0.038461538461538464,1001,10
normalised,590,0.2394532748717061,0.04230769230769231,1001,11
normalised,600,0.609824450093255,0.04230769230769231,1001,11
normalised,610,0.5000054181241163,0.019230769230769232,1001,5
normalised,620,0.8353598426183456,0.038461538461538464,1001,10
normalised,630,0.4983432924362379,0.038461538461538464,1001,10
normalised,640,0.7074222183151362,0.038461538461538464,1001,10
normalised,650,0.46736230690305486,0.04230769230769231,1001,11
normalised,660,0.8028593255570347,0.03461538461538462,1001,9
normalised,670,0.49522554834717675,0.04230769230769231,1001,11
normalised,680,0.6730909742843721,0.026923076923076925,1001,7
normalised,690,0.8023507353449391,0.011538461538461539,1001,3
normalised,700,0.850732461798493,0.026923076923076925,1001,7
normalised,710,0.7407054262596745,0.023076923076923078,1001,6
normalised,720,0.5521090925182199,0.04230769230769231,1001,11
normalised,730,0.8740705171571442,0.04230769230769231,1001,11
normalised,740,0.35898774393232785,0.03461538461538462,1001,9
normalised,750,0.22758336296897597,0.023076923076923078,1001,6
normalised,760,0.6872068729163516,0.038461538461538464,1001,10
normalised,770,0.6897852786460256,0.038461538461538464,1001,10
normalised,780,0.9172756297276512,0.03461538461538462,1001,9
normalised,790,0.8742375484634783,0.04230769230769231,1001,11
normalised,800,0.3379116322945715,0.038461538461538464,1001,10
normalised,810,0.657272542053612,0.04230769230769231,1001,11
normalised,820,0.21548560826305768,0.03461538461538462,1001,9
normalised,830,0.5085203155382814,0.04230769230769231,1001,11
normalised,840,0.7884483276859817,0.03461538461538462,1001,9
normalised,850,0.6374957487526631,0.04230769230769231,1001,11
normalised,860,0.45521161258833903,0.04230769230769231,1001,11
normalised,870,0.41030033681541056,0.04230769230769231,1001,11
normalised,880,0.948693998837429,0.038461538461538464,1001,10
normalised,890,0.7460610185208916,0.03461538461538462,1001,9
normalised,900,0.6469352390951544,0.03076923076923077,1001,8
normalised,910,0.5394402385285461,0.04230769230769231,1001,11
normalised,920,0.29091681842956646,0.011538461538461539,1001,3
normalised,930,0.6374663313737678,0.026923076923076925,1001,7
normalised,940,0.17267658190011936,0.03461538461538462,1001,9
normalised,950,0.9835033062499825,0.038461538461538464,1001,10
normalised,960,0.42803276944965085,0.04230769230769231,1001,11
normalised,970,0.6063651620909553,0.04230769230769231,1001,11
normalised,980,0.476552182530009,0.04230769230769231,1001,11
normalised,990,0.679867093245142,0.04230769230769231,1001,11
normalised,1000,0.6349048794237246,0.03461538461538462,1001,9
normalised,1010,0.5385088575498154,0.04230769230769231,1001,11
normalised,1020,0.92174944167315,0.03076923076923077,1001,8
normalised,1030,0.28334457399434676,0.038461538461538464,1001,10
normalised,1040,0.591470793994498,0.038461538461538464,1001,10
normalised,1050,0.7706408174065821,0.03076923076923077,1001,8
normalised,1060,0.21230968276591367,0.015384615384615385,1001,4
normalised,1070,0.558279995072146,0.04230769230769231,1001,11
normalised,1080,0.43615660993487065,0.038461538461538464,1001,10
normalised,1090,0.5853216704579293,0.023076923076923078,1001,6
normalised,1100,0.883874226357702,0.026923076923076925,1001,7
normalised,1110,1.0000000000000002,0.03076923076923077,1001,8
normalised,1120,0.41833041078374966,0.04230769230769231,1001,11
normalised,1130,0.4493835127185468,0.03461538461538462,1001,9
normalised,1140,0.5831370725609979,0.03076923076923077,1001,8
normalised,1150,0.5850402149415992,0.04230769230769231,1001,11
normalised,1160,0.8792675960375395,0.038461538461538464,1001,10
normalised,1170,0.6657308529432115,0.038461538461538464,1001,10
normalised,1180,0.6169573530395871,0.04230769230769231,1001,11
normalised,1190,0.10724980761281845,0.011538461538461539,1001,3
normalised,1200,0.7555289996341074,0.04230769230769231,1001,11
normalised,1210,0.8460463623419006,0.04230769230769231,1001,11
normalised,1220,0.5572383468524498,0.03461538461538462,1001,9
normalised,1230,0.695136364994008,0.04230769230769231,1001,11
normalised,1240,0.4866517108458267,0.03461538461538462,1001,9
normalised,1250,0.8408049555850481,0.03461538461538462,1001,9
normalised,1260,0.45429043338550484,0.04230769230769231,1001,11
normalised,1270,0.4237724705458895,0.04230769230769231,1001,11
normalised,1280,0.4554087732177789,0.03461538461538462,1001,9
normalised,1290,1.0000000000000007,0.03461538461538462,1001,9
normalised,1300,0.6873695304917519,0.038461538461538464,1001,10
normalised,1310,0.8092934465537972,0.023076923076923078,1001,6
normalised,1320,0.6689666874352652,0.026923076923076925,1001,7
normalised,1330,0.5535595405983962,0.03461538461538462,1001,9
normalised,1340,0.6670283982331512,0.03461538461538462,1001,9
normalised,1350,0.8760502656460831,0.019230769230769232,1001,5
normalised,1360,0.6840417302751371,0.038461538461538464,1001,10
normalised,1370,0.5615175586761425,0.03076923076923077,1001,8
normalised,1380,0.4779832895399534,0.026923076923076925,1001,7
normalised,1390,0.35000314830542056,0.04230769230769231,1001,11
normalised,1400,0.8556204320367486,0.04230769230769231,1001,11
normalised,1410,0.9071985790099036,0.038461538461538464,1001,10
normalised,1420,0.3718917821424133,0.04230769230769231,1001,11
normalised,1430,1.0000000000000002,0.03076923076923077,1001,8
normalised,1440,0.6480253926643472,0.04230769230769231,1001,11
normalised,1450,0.4727735006816598,0.04230769230769231,1001,11
normalised,1460,0.8841013788208121,0.03461538461538462,1001,9
normalised,1470,0.3117421451684647,0.023076923076923078,1001,6
normalised,1480,0.6731083895020911,0.023076923076923078,1001,6
normalised,1490,0.28797507993087007,0.03461538461538462,1001,9
normalised,1500,0.16496725232463638,0.019230769230769232,1001,5
normalised,1510,0.8773547974059189,0.04230769230769231,1001,11
normalised,1520,0.3464238770208087,0.03076923076923077,1001,8
normalised,1530,0.9187295452949538,0.038461538461538464,1001,10
normalised,1540,0.33592583392915487,0.038461538461538464,1001,10
normalised,1550,0.3913980575538404,0.011538461538461539,1001,3
normalised,1560,0.8501496094020801,0.04230769230769231,1001,11
normalised,1570,0.4675098187504304,0.038461538461538464,1001,10
normalised,1580,0.5521926628885426,0.04230769230769231,1001,11
normalised,1590,0.29269014281296435,0.023076923076923078,1001,6
normalised,1600,0.3373423795583388,0.038461538461538464,1001,10
normalised,10,0.27006944559509527,0.04230769230769231,1002,11
normalised,20,0.6579528478242138,0.04230769230769231,1002,11
normalised,30,0.6294935177371495,0.03461538461538462,1002,9
normalised,40,0.3187068025848962,0.03461538461538462,1002,9
normalised,50,0.4263706646349834,0.04230769230769231,1002,11
normalised,60,0.5378736902917097,0.04230769230769231,1002,11
normalised,70,0.5504255593898552,0.04230769230769231,1002,11
normalised,80,0.999825875414793,0.04230769230769231,1002,11
normalised,90,0.4363760555250047,0.04230769230769231,1002,11
normalised,100,0.7848374857946052,0.04230769230769231,1002,11
normalised,110,0.8013660947507761,0.023076923076923078,1002,6
normalised,120,0.595015328826312,0.026923076923076925,1002,7
normalised,130,0.6562661140245206,0.04230769230769231,1002,11
normalised,140,0.6146981575817889,0.04230769230769231,1002,11
normalised,150,0.5778542021553951,0.04230769230769231,1002,11
normalised,160,0.444907062116006,0.038461538461538464,1002,10
normalised,170,0.5538655498391364,0.04230769230769231,1002,11
normalised,180,0.8126235802789522,0.04230769230769231,1002,11
normalised,190,0.8739068588528371,0.03076923076923077,1002,8
normalised,200,0.5268780871660274,0.019230769230769232,1002,5
normalised,210,0.5256286953521048,0.038461538461538464,1002,10
normalised,220,0.26480881433233655,0.03461538461538462,1002,9
normalised,230,0.8603475074963991,0.038461538461538464,1002,10
normalised,240,0.7140724345101918,0.04230769230769231,1002,11
normalised,250,0.5321694109341946,0.04230769230769231,1002,11
normalised,260,0.7740824572294709,0.04230769230769231,1002,11
normalised,270,0.6290163516948156,0.038461538461538464,1002,10
normalised,280,0.6753571541313809,0.038461538461538464,1002,10
normalised,290,0.4830003666345163,0.023076923076923078,1002,6
normalised,300,0.5103315600628308,0.038461538461538464,1002,10
normalised,310,0.8345478723868109,0.03461538461538462,1002,9
normalised,320,0.3961975589537492,0.026923076923076925,1002,7
normalised,330,0.3342550055336101,0.04230769230769231,1002,11
normalised,340,0.9578009148452326,0.03076923076923077,1002,8
normalised,350,0.4277590255366018,0.04230769230769231,1002,11
normalised,360,0.7148973966108894,0.026923076923076925,1002,7
normalised,370,0.4004699327004664,0.04230769230769231,1002,11
normalised,380,0.46864024044386704,0.03461538461538462,1002,9
normalised,390,0.5009990703019238,0.023076923076923078,1002,6
normalised,400,0.9999999999999998,0.026923076923076925,1002,7
normalised,410,0.5578431923493512,0.04230769230769231,1002,11
normalised,420,0.9985834751759833,0.03461538461538462,1002,9
normalised,430,0.6545538180908629,0.038461538461538464,1002,10
normalised,440,0.5480469940353329,0.04230769230769231,1002,11
normalised,450,0.9999999999999999,0.023076923076923078,1002,6
normalised,460,0.559066280901749,0.03461538461538462,1002,9
normalised,470,0.7313126723096308,0.038461538461538464,1002,10
normalised,480,0.3139767716516274,0.04230769230769231,1002,11
normalised,490,0.5272530784641419,0.04230769230769231,1002,11
normalised,500,0.6226689103622083,0.04230769230769231,1002,11
normalised,510,0.4068846469406855,0.04230769230769231,1002,11
normalised,520,0.5982026160538709,0.038461538461538464,1002,10
normalised,530,0.6058906605224951,0.04230769230769231,1002,11
normalised,540,0.3444181767411596,0.03076923076923077,1002,8
normalised,550,0.7892648449722609,0.038461538461538464,1002,10
normalised,560,0.5185231481634733,0.04230769230769231,1002,11
normalised,570,0.3831769116659328,0.04230769230769231,1002,11
normalised,580,0.46087181457802523,0.015384615384615385,1002,4
normalised,590,0.301086177101947,0.026923076923076925,1002,7
normalised,600,0.41028571733426505,0.04230769230769231,1002,11
normalised,610,0.5162960857404043,0.04230769230769231,1002,11
normalised,620,0.4309202172614202,0.019230769230769232,1002,5
normalised,630,0.44025071140369004,0.04230769230769231,1002,11
normalised,640,0.6764689672740567,0.026923076923076925,1002,7
normalised,650,0.9180195328429921,0.03461538461538462,1002,9
normalised,660,0.6742924367314496,0.03461538461538462,1002,9
normalised,670,0.5987669345703001,0.026923076923076925,1002,7
normalised,680,0.4283168031582856,0.04230769230769231,1002,11
normalised,690,0.4792199289959772,0.04230769230769231,1002,11
normalised,700,0.7344486976994179,0.04230769230769231,1002,11
normalised,710,0.15265864087750247,0.03461538461538462,1002,9
normalised,720,0.4628002334565149,0.03461538461538462,1002,9
normalised,730,0.7011239068008788,0.03076923076923077,1002,8
normalised,740,0.7581669628285699,0.026923076923076925,1002,7
normalised,750,0.49501465341671225,0.04230769230769231,1002,11
normalised,760,0.4906687726791157,0.038461538461538464,1002,10
normalised,770,0.29303885366388976,0.026923076923076925,1002,7
normalised,780,0.8083360793689869,0.03076923076923077,1002,8
normalised,790,0.41038781958418336,0.04230769230769231,1002,11
normalised,800,0.6756639134011957,0.019230769230769232,1002,5
normalised,810,0.4948110647528218,0.04230769230769231,1002,11
normalised,820,0.3184884735559015,0.03076923076923077,1002,8
normalised,830,0.3715120773824857,0.023076923076923078,1002,6
normalised,840,0.7242873845953771,0.04230769230769231,1002,11
normalised,850,0.6693782002978708,0.038461538461538464,1002,10
normalised,860,0.7602027879928779,0.04230769230769231,1002,11
normalised,870,0.6235021576579685,0.03076923076923077,1002,8
normalised,880,0.6432688349380452,0.038461538461538464,1002,10
normalised,890,0.9218565880154964,0.04230769230769231,1002,11
normalised,900,0.6945481068267061,0.04230769230769231,1002,11
normalised,910,0.7456224899283015,0.03076923076923077,1002,8
normalised,920,0.5635227851819069,0.04230769230769231,1002,11
normalised,930,0.9999999999999998,0.04230769230769231,1002,11
normalised,940,0.3815233694426446,0.04230769230769231,1002,11
normalised,950,0.5092347458854661,0.04230769230769231,1002,11
normalised,960,0.5756858176700794,0.04230769230769231,1002,11
normalised,970,0.5742993726372871,0.038461538461538464,1002,10
normalised,980,0.5642108536211151,0.038461538461538464,1002,10
normalised,990,0.4563242265230082,0.04230769230769231,1002,11
normalised,1000,0.42889293709285264,0.038461538461538464,1002,10
normalised,1010,0.595847590633924,0.03461538461538462,1002,9
normalised,1020,0.8241236051926484,0.04230769230769231,1002,11
normalised,1030,0.4854647794610472,0.04230769230769231,1002,11
normalised,1040,0.3744795236333005,0.015384615384615385,1002,4
normalised,1050,0.6848218636505621,0.04230769230769231,1002,11
normalised,1060,0.7559852757964519,0.026923076923076925,1002,7
normalised,1070,0.47624661390134615,0.03461538461538462,1002,9
normalised,1080,0.7851337549725939,0.03076923076923077,1002,8
normalised,1090,0.5044973623208995,0.03076923076923077,1002,8
normalised,1100,0.9999999999999999,0.03461538461538462,1002,9
normalised,1110,0.3727094383211372,0.023076923076923078,1002,6
normalised,1120,0.4325600704367552,0.04230769230769231,1002,11
normalised,1130,0.9295405181719733,0.038461538461538464,1002,10
normalised,1140,1.0,0.026923076923076925,1002,7
normalised,1150,0.749558472216109,0.04230769230769231,1002,11
normalised,1160,0.6132873737458064,0.04230769230769231,1002,11
normalised,1170,0.5781575788153598,0.038461538461538464,1002,10
normalised,1180,0.4086874587465877,0.019230769230769232,1002,5
normalised,1190,0.5605913299559757,0.038461538461538464,1002,10
normalised,1200,0.7228155771741794,0.04230769230769231,1002,11
normalised,1210,0.5129395320457089,0.04230769230769231,1002,11
normalised,1220,0.814128386208477,0.026923076923076925,1002,7
normalised,1230,0.3399178128405932,0.04230769230769231,1002,11
normalised,1240,0.42657093636858257,0.026923076923076925,1002,7
normalised,1250,0.965285412790392,0.04230769230769231,1002,11
normalised,1260,0.4195015933175199,0.04230769230769231,1002,11
normalised,1270,0.6517843942250539,0.04230769230769231,1002,11
normalised,1280,0.8225752561894526,0.026923076923076925,1002,7
normalised,1290,0.9866863184846366,0.03076923076923077,1002,8
normalised,1300,0.4625652722514267,0.023076923076923078,1002,6
normalised,1310,0.9145169758866059,0.03461538461538462,1002,9
normalised,1320,1.0,0.019230769230769232,1002,5
normalised,1330,0.37910336631538144,0.038461538461538464,1002,10
normalised,1340,0.6967018456358548,0.04230769230769231,1002,11
normalised,1350,0.8356232374448948,0.023076923076923078,1002,6
normalised,1360,0.5857708660974462,0.04230769230769231,1002,11
normalised,1370,0.8059410848696386,0.038461538461538464,1002,10
normalised,1380,0.6968809980306736,0.04230769230769231,1002,11
normalised,1390,0.8039028004481391,0.026923076923076925,1002,7
normalised,1400,0.5130383689312142,0.03076923076923077,1002,8
normalised,1410,0.44727673560807824,0.023076923076923078,1002,6
normalised,1420,0.5596777423102375,0.03461538461538462,1002,9
normalised,1430,0.8659686866726619,0.03461538461538462,1002,9
normalised,1440,0.47511968922115955,0.04230769230769231,1002,11
normalised,1450,1.0,0.026923076923076925,1002,7
normalised,1460,0.6762123650834239,0.019230769230769232,1002,5
normalised,1470,0.43793623263860537,0.04230769230769231,1002,11
normalised,1480,0.6747353362993136,0.04230769230769231,1002,11
normalised,1490,0.7696913579908723,0.03076923076923077,1002,8
normalised,1500,0.5088674362753431,0.04230769230769231,1002,11
normalised,1510,0.5804622064534954,0.038461538461538464,1002,10
normalised,1520,0.33046695633670964,0.019230769230769232,1002,5
normalised,1530,0.3810248167668458,0.03461538461538462,1002,9
normalised,1540,0.47967667447387136,0.038461538461538464,1002,10
normalised,1550,0.664008393132742,0.04230769230769231,1002,11
normalised,1560,0.434563501409307,0.026923076923076925,1002,7
normalised,1570,0.39083857128334815,0.04230769230769231,1002,11
normalised,1580,0.5458691296950022,0.038461538461538464,1002,10
normalised,1590,0.7656916622060754,0.04230769230769231,1002,11
normalised,1600,0.3862079930960375,0.03461538461538462,1002,9
normalised,10,0.6160481168115765,0.04230769230769231,1003,11
normalised,20,0.6667145582695022,0.04230769230769231,1003,11
normalised,30,0.5549290925049025,0.04230769230769231,1003,11
normalised,40,0.7696375385984274,0.04230769230769231,1003,11
normalised,50,1.0,0.023076923076923078,1003,6
normalised,60,0.6673001853286262,0.04230769230769231,1003,11
normalised,70,0.558327901366484,0.04230769230769231,1003,11
normalised,80,0.5964318789679803,0.04230769230769231,1003,11
normalised,90,0.8102991282912213,0.038461538461538464,1003,10
normalised,100,1.0000000000000002,0.026923076923076925,1003,7
normalised,110,0.5053398878016309,0.03076923076923077,1003,8
normalised,120,0.5964116748566016,0.03461538461538462,1003,9
normalised,130,0.7744409689872803,0.038461538461538464,1003,10
normalised,140,0.43799644345607314,0.04230769230769231,1003,11
normalised,150,0.8379417809725505,0.019230769230769232,1003,5
normalised,160,0.5993114579003787,0.038461538461538464,1003,10
normalised,170,0.46598004157810746,0.026923076923076925,1003,7
normalised,180,0.6884089807704021,0.04230769230769231,1003,11
normalised,190,0.7123493012667541,0.023076923076923078,1003,6
normalised,200,0.38239386005442966,0.03076923076923077,1003,8
normalised,210,0.6779062477898327,0.04230769230769231,1003,11
normalised,220,0.6171104101653342,0.038461538461538464,1003,10
normalised,230,0.2979449711254943,0.038461538461538464,1003,10
normalised,240,0.3664916375163688,0.04230769230769231,1003,11
normalised,250,0.9583570875818275,0.038461538461538464,1003,10
normalised,260,0.7483427264474415,0.04230769230769231,1003,11
normalised,270,0.9999999999999994,0.03461538461538462,1003,9
normalised,280,0.8345902217413963,0.038461538461538464,1003,10
normalised,290,0.6300980274106585,0.04230769230769231,1003,11
normalised,300,0.7631111987855361,0.026923076923076925,1003,7
normalised,310,0.4289463630414756,0.04230769230769231,1003,11
normalised,320,0.6682234803106158,0.038461538461538464,1003,10
normalised,330,0.9996865231311937,0.026923076923076925,1003,7
normalised,340,0.7721629031100568,0.015384615384615385,1003,4
normalised,350,0.8820382350966799,0.04230769230769231,1003,11
normalised,360,0.46413425847708517,0.03076923076923077,1003,8
normalised,370,0.5306339662988293,0.04230769230769231,1003,11
normalised,380,0.3356145873405023,0.015384615384615385,1003,4
normalised,390,0.9999976666092452,0.03076923076923077,1003,8
normalised,400,0.3529599336592397,0.038461538461538464,1003,10
normalised,410,0.4213744680901513,0.03076923076923077,1003,8
normalised,420,0.8309882324762468,0.023076923076923078,1003,6
normalised,430,0.6734774117625416,0.04230769230769231,1003,11
normalised,440,0.9927308961020698,0.03461538461538462,1003,9
normalised,450,0.6548961856875629,0.04230769230769231,1003,11
normalised,460,0.732926985623134,0.038461538461538464,1003,10
normalised,470,0.5167239016676317,0.015384615384615385,1003,4
normalised,480,0.37128168745665807,0.04230769230769231,1003,11
normalised,490,0.44792914544698553,0.04230769230769231,1003,11
normalised,500,0.4172720673466707,0.04230769230769231,1003,11
normalised,510,0.9996732948385385,0.03076923076923077,1003,8
normalised,520,0.46125891045719963,0.04230769230769231,1003,11
normalised,530,0.7427024235695021,0.04230769230769231,1003,11
normalised,540,0.7112881676582324,0.03461538461538462,1003,9
normalised,550,0.5599813552014884,0.04230769230769231,1003,11
normalised,560,0.9526040462666299,0.026923076923076925,1003,7
normalised,570,0.5067893695855807,0.015384615384615385,1003,4
normalised,580,0.6252650960177081,0.04230769230769231,1003,11
normalised,590,0.9951766297034292,0.03076923076923077,1003,8
normalised,600,0.41683548246262614,0.038461538461538464,1003,10
normalised,610,0.4115265932559841,0.026923076923076925,1003,7
normalised,620,0.45661759532540175,0.04230769230769231,1003,11
normalised,630,0.6175425267255193,0.026923076923076925,1003,7
normalised,640,0.3861752301941792,0.038461538461538464,1003,10
normalised,650,0.9297092727176132,0.04230769230769231,1003,11
normalised,660,0.43932653899930485,0.04230769230769231,1003,11
normalised,670,0.4194340848649556,0.04230769230769231,1003,11
normalised,680,0.693898587887801,0.04230769230769231,1003,11
normalised,690,0.5406622342432671,0.03076923076923077,1003,8
normalised,700,0.895555822491936,0.04230769230769231,1003,11
normalised,710,1.0,0.026923076923076925,1003,7
normalised,720,0.22934393000267253,0.019230769230769232,1003,5
normalised,730,0.7050358227082208,0.04230769230769231,1003,11
normalised,740,0.9996931204179936,0.03461538461538462,1003,9
normalised,750,0.9256069473005449,0.03076923076923077,1003,8
normalised,760,0.6187041015062357,0.04230769230769231,1003,11
normalised,770,0.41878333532944884,0.04230769230769231,1003,11
normalised,780,0.7529012267277237,0.019230769230769232,1003,5
normalised,790,0.5457717984677173,0.03076923076923077,1003,8
normalised,800,0.3769233569202041,0.04230769230769231,1003,11
normalised,810,0.44693885458287735,0.038461538461538464,1003,10
normalised,820,0.4649429241766371,0.023076923076923078,1003,6
normalised,830,0.7285808317327128,0.026923076923076925,1003,7
normalised,840,0.17008430814448716,0.015384615384615385,1003,4
normalised,850,0.35072933896053027,0.023076923076923078,1003,6
normalised,860,0.9031827125711385,0.038461538461538464,1003,10
normalised,870,0.4867948997910636,0.04230769230769231,1003,11
normalised,880,0.9749096550281244,0.023076923076923078,1003,6
normalised,890,0.48800415170924466,0.019230769230769232,1003,5
normalised,900,0.29365168306792894,0.038461538461538464,1003,10
normalised,910,0.25459742654608636,0.03461538461538462,1003,9
normalised,920,0.6260276805912441,0.038461538461538464,1003,10
normalised,930,0.6943672913450065,0.038461538461538464,1003,10
normalised,940,0.4007606123233544,0.04230769230769231,1003,11
normalised,950,0.9864792447204337,0.038461538461538464,1003,10
normalised,960,0.8594354087691284,0.03461538461538462,1003,9
normalised,970,0.7766793970182834,0.03076923076923077,1003,8
normalised,980,0.5992351083181441,0.03461538461538462,1003,9
normalised,990,0.4935173763060586,0.026923076923076925,1003,7
normalised,1000,0.4538725365236456,0.04230769230769231,1003,11
normalised,1010,0.744803858748476,0.04230769230769231,1003,11
normalised,1020,1.0,0.026923076923076925,1003,7
normalised,1030,0.5665976845518688,0.038461538461538464,1003,10
normalised,1040,0.5864345947456617,0.04230769230769231,1003,11
normalised,1050,0.25799840632038734,0.026923076923076925,1003,7
normalised,1060,0.6552788443471439,0.038461538461538464,1003,10
normalised,1070,0.49050901597236535,0.019230769230769232,1003,5
normalised,1080,0.7942063712023926,0.04230769230769231,1003,11
normalised,1090,0.6215111622210961,0.04230769230769231,1003,11
normalised,1100,0.2502205195211031,0.04230769230769231,1003,11
normalised,1110,0.4663633050931821,0.04230769230769231,1003,11
normalised,1120,0.45662753873869366,0.03076923076923077,1003,8
normalised,1130,0.24752729367791976,0.03461538461538462,1003,9
normalised,1140,0.948371790613247,0.03461538461538462,1003,9
normalised,1150,0.9121979516552804,0.04230769230769231,1003,11
normalised,1160,1.0,0.038461538461538464,1003,10
normalised,1170,0.5022551315453048,0.04230769230769231,1003,11
normalised,1180,1.0000000000000007,0.026923076923076925,1003,7
normalised,1190,0.6156456572720912,0.04230769230769231,1003,11
normalised,1200,0.21364821931157663,0.03076923076923077,1003,8
normalised,1210,0.7048644249492116,0.038461538461538464,1003,10
normalised,1220,0.5355118666967031,0.04230769230769231,1003,11
normalised,1230,0.4632098631145781,0.04230769230769231,1003,11
normalised,1240,0.7625345625616182,0.026923076923076925,1003,7
normalised,1250,0.6105266577945283,0.04230769230769231,1003,11
normalised,1260,0.5455396205407343,0.03461538461538462,1003,9
normalised,1270,0.4919448309481979,0.015384615384615385,1003,4
normalised,1280,0.6907895339499032,0.038461538461538464,1003,10
normalised,1290,0.7974276857886022,0.03076923076923077,1003,8
normalised,1300,0.6979739021964332,0.04230769230769231,1003,11
normalised,1310,0.1774655648626746,0.019230769230769232,1003,5
normalised,1320,0.7685332987721989,0.03461538461538462,1003,9
normalised,1330,0.1331840608261751,0.023076923076923078,1003,6
normalised,1340,0.640096858864376,0.04230769230769231,1003,11
normalised,1350,0.8932680706870069,0.04230769230769231,1003,11
normalised,1360,0.5148446511912531,0.04230769230769231,1003,11
normalised,1370,0.7390855714570073,0.03461538461538462,1003,9
normalised,1380,0.4553412640589765,0.04230769230769231,1003,11
normalised,1390,0.6904367062166465,0.03461538461538462,1003,9
normalised,1400,0.4942434328646867,0.038461538461538464,1003,10
normalised,1410,0.6222497749303928,0.038461538461538464,1003,10
normalised,1420,0.46527980608881,0.019230769230769232,1003,5
normalised,1430,0.5908197809387524,0.04230769230769231,1003,11
normalised,1440,0.19916444389900664,0.03461538461538462,1003,9
normalised,1450,1.000000000000001,0.019230769230769232,1003,5
normalised,1460,0.45453641114638504,0.023076923076923078,1003,6
normalised,1470,0.5920836636042383,0.04230769230769231,1003,11
normalised,1480,0.884533749290804,0.038461538461538464,1003,10
normalised,1490,0.9216974391940691,0.04230769230769231,1003,11
normalised,1500,0.5454505992013035,0.03076923076923077,1003,8
normalised,1510,0.6724216024602094,0.04230769230769231,1003,11
normalised,1520,0.03662156908310125,0.007692307692307693,1003,2
normalised,1530,0.6296881571946498,0.04230769230769231,1003,11
normalised,1540,0.8753513005652411,0.03461538461538462,1003,9
normalised,1550,0.5718530834312385,0.03461538461538462,1003,9
normalised,1560,0.8693326005129332,0.04230769230769231,1003,11
normalised,1570,0.9999999999999998,0.03076923076923077,1003,8
normalised,1580,0.5584987350191131,0.04230769230769231,1003,11
normalised,1590,0.5424206457972411,0.019230769230769232,1003,5
normalised,1600,0.44685132790415594,0.04230769230769231,1003,11
normalised,10,0.3655230237828589,0.04230769230769231,1004,11
normalised,20,0.5780375260477393,0.04230769230769231,1004,11
normalised,30,0.7306354162568449,0.04230769230769231,1004,11
normalised,40,0.8869290741187599,0.04230769230769231,1004,11
normalised,50,0.9999999999999998,0.026923076923076925,1004,7
normalised,60,0.8022372646794478,0.038461538461538464,1004,10
normalised,70,0.8494191627250934,0.026923076923076925,1004,7
normalised,80,0.40716167503919665,0.04230769230769231,1004,11
normalised,90,0.49881886007280346,0.038461538461538464,1004,10
normalised,100,0.5754223863325822,0.04230769230769231,1004,11
normalised,110,0.7321359523517823,0.04230769230769231,1004,11
normalised,120,0.24854426862950302,0.03076923076923077,1004,8
normalised,130,0.6545702408412036,0.04230769230769231,1004,11
normalised,140,0.8970263364532409,0.04230769230769231,1004,11
normalised,150,0.719467272911147,0.04230769230769231,1004,11
normalised,160,0.47681428369299195,0.038461538461538464,1004,10
normalised,170,1.0000000000000004,0.026923076923076925,1004,7
normalised,180,0.5236481799845585,0.04230769230769231,1004,11
normalised,190,0.7383837801447192,0.038461538461538464,1004,10
normalised,200,0.6606424824298184,0.038461538461538464,1004,10
normalised,210,0.909829689093625,0.038461538461538464,1004,10
normalised,220,0.5990849747674324,0.04230769230769231,1004,11
normalised,230,0.38994737553437975,0.04230769230769231,1004,11
normalised,240,0.38066341156423655,0.04230769230769231,1004,11
normalised,250,0.8044679091244786,0.023076923076923078,1004,6
normalised,260,0.6295783630373036,0.03461538461538462,1004,9
normalised,270,0.6389000583422609,0.04230769230769231,1004,11
normalised,280,0.8220829753831932,0.038461538461538464,1004,10
normalised,290,0.7951268953818952,0.038461538461538464,1004,10
normalised,300,0.8852668894034743,0.026923076923076925,1004,7
normalised,310,0.21586588232088086,0.026923076923076925,1004,7
normalised,320,0.9760829646928652,0.023076923076923078,1004,6
normalised,330,0.8050276570656962,0.038461538461538464,1004,10
normalised,340,0.6271129133228055,0.03076923076923077,1004,8
normalised,350,0.42743614239173655,0.038461538461538464,1004,10
normalised,360,0.23722548747586977,0.04230769230769231,1004,11
normalised,370,0.841883557618042,0.03076923076923077,1004,8
normalised,380,0.441509159364144,0.03461538461538462,1004,9
normalised,390,0.7579667220559033,0.023076923076923078,1004,6
normalised,400,0.7607464727834778,0.038461538461538464,1004,10
normalised,410,0.5825073662067415,0.04230769230769231,1004,11
normalised,420,0.41404770980727984,0.026923076923076925,1004,7
normalised,430,0.3728046247233105,0.038461538461538464,1004,10
normalised,440,0.2592206682091314,0.026923076923076925,1004,7
normalised,450,0.8756623850169587,0.03076923076923077,1004,8
normalised,460,0.5188839144637155,0.03461538461538462,1004,9
normalised,470,0.9999999999999998,0.015384615384615385,1004,4
normalised,480,0.9309219304489189,0.038461538461538464,1004,10
normalised,490,0.7196881219609367,0.038461538461538464,1004,10
normalised,500,0.5050587650744316,0.019230769230769232,1004,5
normalised,510,0.6310319540296222,0.038461538461538464,1004,10
normalised,520,0.8664314874721711,0.04230769230769231,1004,11
normalised,530,0.7739535694747536,0.04230769230769231,1004,11
normalised,540,0.22521588248304375,0.023076923076923078,1004,6
normalised,550,0.31502993660854794,0.04230769230769231,1004,11
normalised,560,0.8740990179450991,0.03076923076923077,1004,8
normalised,570,0.5689050207564561,0.04230769230769231,1004,11
normalised,580,0.6510903652746791,0.038461538461538464,1004,10
normalised,590,0.4933928580729715,0.04230769230769231,1004,11
normalised,600,0.3934202855577813,0.026923076923076925,1004,7
normalised,610,0.5505525539435359,0.023076923076923078,1004,6
normalised,620,0.6664609648700832,0.04230769230769231,1004,11
normalised,630,0.8200928981836733,0.019230769230769232,1004,5
normalised,640,0.5107166360698794,0.04230769230769231,1004,11
normalised,650,0.6378423599741629,0.038461538461538464,1004,10
normalised,660,0.29638352384490707,0.023076923076923078,1004,6
normalised,670,0.9147605130409246,0.04230769230769231,1004,11
normalised,680,0.5196204064965493,0.038461538461538464,1004,10
normalised,690,0.4264293143979414,0.038461538461538464,1004,10
normalised,700,0.8494062291317453,0.04230769230769231,1004,11
normalised,710,0.45655847693962626,0.019230769230769232,1004,5
normalised,720,0.36588358560158246,0.03461538461538462,1004,9
normalised,730,0.5242343965587388,0.04230769230769231,1004,11
normalised,740,0.26384042125783513,0.04230769230769231,1004,11
normalised,750,0.5656558232549135,0.04230769230769231,1004,11
normalised,760,0.7358860641778272,0.04230769230769231,1004,11
normalised,770,0.6275026751024545,0.03076923076923077,1004,8
normalised,780,0.3115944263248331,0.03461538461538462,1004,9
normalised,790,0.3640022873703702,0.026923076923076925,1004,7
normalised,800,0.37401714720327567,0.04230769230769231,1004,11
normalised,810,0.5765801301114033,0.023076923076923078,1004,6
normalised,820,0.7777179130187822,0.04230769230769231,1004,11
normalised,830,0.9999999999999997,0.03076923076923077,1004,8
normalised,840,0.5177219700225333,0.04230769230769231,1004,11
normalised,850,0.6328740253996846,0.038461538461538464,1004,10
normalised,860,0.9562586059710863,0.038461538461538464,1004,10
normalised,870,0.8262772015198327,0.03461538461538462,1004,9
normalised,880,0.4102472434212915,0.04230769230769231,1004,11
normalised,890,0.516361378227283,0.04230769230769231,1004,11
normalised,900,0.4698295095072316,0.04230769230769231,1004,11
normalised,910,0.7780393239770542,0.03461538461538462,1004,9
normalised,920,0.35392223494798136,0.03076923076923077,1004,8
normalised,930,0.45261064264576356,0.038461538461538464,1004,10
normalised,940,0.6913702015308544,0.038461538461538464,1004,10
normalised,950,0.9120438504437965,0.04230769230769231,1004,11
normalised,960,0.4947139879939815,0.04230769230769231,1004,11
normalised,970,0.3120744623728505,0.023076923076923078,1004,6
normalised,980,0.6043968101555233,0.026923076923076925,1004,7
normalised,990,0.8395432940590126,0.038461538461538464,1004,10
normalised,1000,0.20682217970854086,0.026923076923076925,1004,7
normalised,1010,0.16563120843808413,0.023076923076923078,1004,6
normalised,1020,0.2984945643596416,0.03076923076923077,1004,8
normalised,1030,1.0000000000000004,0.026923076923076925,1004,7
normalised,1040,0.48376907620245324,0.04230769230769231,1004,11
normalised,1050,0.693831095881713,0.04230769230769231,1004,11
normalised,1060,0.8491802007626743,0.04230769230769231,1004,11
normalised,1070,0.7168265589247051,0.023076923076923078,1004,6
normalised,1080,0.32264744425377034,0.04230769230769231,1004,11
normalised,1090,0.6892610331657474,0.04230769230769231,1004,11
normalised,1100,0.7558947188952724,0.04230769230769231,1004,11
normalised,1110,0.17000210573705893,0.026923076923076925,1004,7
normalised,1120,0.6612343739177654,0.038461538461538464,1004,10
normalised,1130,0.24978930492375698,0.03076923076923077,1004,8
normalised,1140,0.3536387257615391,0.03076923076923077,1004,8
normalised,1150,0.35228149813125986,0.03076923076923077,1004,8
normalised,1160,0.5751468169431334,0.026923076923076925,1004,7
normalised,1170,0.3798987566214329,0.015384615384615385,1004,4
normalised,1180,0.7587387567094048,0.03461538461538462,1004,9
normalised,1190,0.8056605983689535,0.04230769230769231,1004,11
normalised,1200,0.7390685908595913,0.038461538461538464,1004,10
normalised,1210,0.6574431844307087,0.038461538461538464,1004,10
normalised,1220,0.649391581089394,0.04230769230769231,1004,11
normalised,1230,0.35309728333807794,0.04230769230769231,1004,11
normalised,1240,0.8082902182614158,0.038461538461538464,1004,10
normalised,1250,0.6017648579299137,0.03076923076923077,1004,8
normalised,1260,0.3920065530175341,0.019230769230769232,1004,5
normalised,1270,0.7686155615438733,0.038461538461538464,1004,10
normalised,1280,0.3086948983071631,0.04230769230769231,1004,11
normalised,1290,0.6550044637161854,0.026923076923076925,1004,7
normalised,1300,0.4166188435052611,0.015384615384615385,1004,4
normalised,1310,0.2875940284562518,0.019230769230769232,1004,5
normalised,1320,0.5764681955172516,0.04230769230769231,1004,11
normalised,1330,0.7308267583624596,0.04230769230769231,1004,11
normalised,1340,0.5493610508197784,0.04230769230769231,1004,11
normalised,1350,0.41612542750336556,0.04230769230769231,1004,11
normalised,1360,0.869435459962545,0.03076923076923077,1004,8
normalised,1370,0.5380662053439995,0.038461538461538464,1004,10
normalised,1380,0.35900576689954905,0.038461538461538464,1004,10
normalised,1390,0.7954733714986677,0.04230769230769231,1004,11
normalised,1400,0.14156033307010651,0.019230769230769232,1004,5
normalised,1410,0.6802614522981919,0.04230769230769231,1004,11
normalised,1420,0.7134797516884991,0.023076923076923078,1004,6
normalised,1430,0.607039003793277,0.04230769230769231,1004,11
normalised,1440,0.297139598384546,0.03461538461538462,1004,9
normalised,1450,0.41325470161709127,0.03461538461538462,1004,9
normalised,1460,0.4021054467904683,0.038461538461538464,1004,10
normalised,1470,0.7006326557758682,0.04230769230769231,1004,11
normalised,1480,0.8312890513919878,0.03461538461538462,1004,9
normalised,1490,0.7898507375521384,0.04230769230769231,1004,11
normalised,1500,0.5657403416212534,0.03461538461538462,1004,9
normalised,1510,0.666962158336602,0.019230769230769232,1004,5
normalised,1520,0.7123085003048654,0.04230769230769231,1004,11
normalised,1530,0.39665740590812415,0.026923076923076925,1004,7
normalised,1540,0.9999999999999998,0.03076923076923077,1004,8
normalised,1550,0.873024376934913,0.04230769230769231,1004,11
normalised,1560,0.18369074611622516,0.023076923076923078,1004,6
normalised,1570,0.49279884672737956,0.04230769230769231,1004,11
normalised,1580,0.7455667767485327,0.04230769230769231,1004,11
normalised,1590,0.4627672523482899,0.04230769230769231,1004,11
normalised,1600,0.6110546525998186,0.03076923076923077,1004,8
normalised,10,0.442896715936684,0.04230769230769231,1005,11
normalised,20,0.42703686807081565,0.04230769230769231,1005,11
normalised,30,0.4385477843675831,0.038461538461538464,1005,10
normalised,40,0.4857343481083589,0.038461538461538464,1005,10
normalised,50,0.9922393985837308,0.04230769230769231,1005,11
normalised,60,0.5575721354682245,0.04230769230769231,1005,11
normalised,70,0.39526598983344385,0.023076923076923078,1005,6
normalised,80,0.5442713418056158,0.04230769230769231,1005,11
normalised,90,0.6718227675925856,0.03076923076923077,1005,8
normalised,100,0.4796624611921156,0.04230769230769231,1005,11
normalised,110,0.9825482253133564,0.038461538461538464,1005,10
normalised,120,0.6506580147872869,0.04230769230769231,1005,11
normalised,130,0.47380354462877644,0.03461538461538462,1005,9
normalised,140,0.7954285947889962,0.04230769230769231,1005,11
normalised,150,0.36190797809089054,0.04230769230769231,1005,11
normalised,160,0.5434294284836214,0.04230769230769231,1005,11
normalised,170,0.49162187574908267,0.04230769230769231,1005,11
normalised,180,0.9091519068136578,0.038461538461538464,1005,10
normalised,190,0.5950150653241519,0.038461538461538464,1005,10
normalised,200,0.6253863890021001,0.038461538461538464,1005,10
normalised,210,0.6340311299969336,0.04230769230769231,1005,11
normalised,220,0.3863035892262405,0.026923076923076925,1005,7
normalised,230,0.7501197721837101,0.03076923076923077,1005,8
normalised,240,0.5607316267011979,0.038461538461538464,1005,10
normalised,250,0.22976696195532625,0.026923076923076925,1005,7
normalised,260,0.8340574249820294,0.03076923076923077,1005,8
normalised,270,0.6836996324017823,0.03076923076923077,1005,8
normalised,280,0.6939268528647736,0.03461538461538462,1005,9
normalised,290,0.4194978081732304,0.04230769230769231,1005,11
normalised,300,0.7013320491220068,0.026923076923076925,1005,7
normalised,310,0.4543090897191598,0.03461538461538462,1005,9
normalised,320,0.5482425634394659,0.04230769230769231,1005,11
normalised,330,0.5912431278253177,0.04230769230769231,1005,11
normalised,340,0.6094392700789719,0.023076923076923078,1005,6
normalised,350,0.8436067838589276,0.038461538461538464,1005,10
normalised,360,0.3113174773290355,0.03461538461538462,1005,9
normalised,370,0.2914029243086446,0.038461538461538464,1005,10
normalised,380,0.698849682658722,0.04230769230769231,1005,11
normalised,390,0.39129086094182847,0.03076923076923077,1005,8
normalised,400,0.6859661442933267,0.03461538461538462,1005,9
normalised,410,0.5195147882577337,0.04230769230769231,1005,11
normalised,420,0.5129864242965069,0.04230769230769231,1005,11
normalised,430,0.25755538441803144,0.015384615384615385,1005,4
normalised,440,0.6737188680054637,0.04230769230769231,1005,11
normalised,450,0.9305348183455352,0.03461538461538462,1005,9
normalised,460,0.6913913892324652,0.03461538461538462,1005,9
normalised,470,0.68129350926729,0.03076923076923077,1005,8
normalised,480,1.0,0.03461538461538462,1005,9
normalised,490,0.443340040112882,0.03076923076923077,1005,8
normalised,500,1.0000000000000007,0.023076923076923078,1005,6
normalised,510,0.3208943407470706,0.04230769230769231,1005,11
normalised,520,0.5183095673773693,0.038461538461538464,1005,10
normalised,530,0.5085716004469378,0.038461538461538464,1005,10
normalised,540,0.6659922416219685,0.04230769230769231,1005,11
normalised,550,0.34030794474233195,0.019230769230769232,1005,5
normalised,560,0.6454887528971087,0.038461538461538464,1005,10
normalised,570,0.5069464548098365,0.038461538461538464,1005,10
normalised,580,0.3994338271157737,0.04230769230769231,1005,11
normalised,590,0.7284181961171133,0.038461538461538464,1005,10
normalised,600,0.6483592284511898,0.04230769230769231,1005,11
normalised,610,0.764972214663546,0.04230769230769231,1005,11
normalised,620,0.9999969687544967,0.03461538461538462,1005,9
normalised,630,0.4941411803864785,0.026923076923076925,1005,7
normalised,640,0.6017805440837227,0.04230769230769231,1005,11
normalised,650,0.42978060435551246,0.038461538461538464,1005,10
normalised,660,0.41298906543234615,0.04230769230769231,1005,11
normalised,670,1.0000000000000004,0.026923076923076925,1005,7
normalised,680,0.5440026299945132,0.04230769230769231,1005,11
normalised,690,0.8039965319734333,0.023076923076923078,1005,6
normalised,700,0.7172130782591221,0.04230769230769231,1005,11
normalised,710,0.8542107706637303,0.03461538461538462,1005,9
normalised,720,0.6924740727084407,0.03076923076923077,1005,8
normalised,730,0.5042780657637422,0.04230769230769231,1005,11
normalised,740,0.8076917947782543,0.03461538461538462,1005,9
normalised,750,0.3131861360222628,0.038461538461538464,1005,10
normalised,760,0.5010236810026184,0.04230769230769231,1005,11
normalised,770,0.7976623465307777,0.038461538461538464,1005,10
normalised,780,0.3379815072649597,0.038461538461538464,1005,10
normalised,790,0.4935188518045435,0.03076923076923077,1005,8
normalised,800,0.5592264149552995,0.019230769230769232,1005,5
normalised,810,0.7534746843434497,0.03461538461538462,1005,9
normalised,820,0.6067900546227567,0.04230769230769231,1005,11
normalised,830,0.484124944908132,0.04230769230769231,1005,11
normalised,840,0.5257035587889196,0.04230769230769231,1005,11
normalised,850,0.5117279411672018,0.038461538461538464,1005,10
normalised,860,1.0000000000000002,0.03461538461538462,1005,9
normalised,870,0.7715796055544073,0.04230769230769231,1005,11
normalised,880,0.5304931308629519,0.03461538461538462,1005,9
normalised,890,0.5560151630028927,0.026923076923076925,1005,7
normalised,900,0.5369702638112241,0.03076923076923077,1005,8
normalised,910,0.44654200767339064,0.019230769230769232,1005,5
normalised,920,0.35724304589844347,0.023076923076923078,1005,6
normalised,930,0.654025844744688,0.019230769230769232,1005,5
normalised,940,0.8051346815947191,0.023076923076923078,1005,6
normalised,950,0.8490679309170849,0.038461538461538464,1005,10
normalised,960,0.3445519789792219,0.019230769230769232,1005,5
normalised,970,0.8849201182884449,0.04230769230769231,1005,11
normalised,980,0.4275971448104041,0.015384615384615385,1005,4
normalised,990,0.42443942336419543,0.03461538461538462,1005,9
normalised,1000,0.7258656198932038,0.03076923076923077,1005,8
normalised,1010,0.6716859503858054,0.04230769230769231,1005,11
normalised,1020,0.3455806080517165,0.019230769230769232,1005,5
normalised,1030,0.6639180885058509,0.04230769230769231,1005,11
normalised,1040,0.42858378396518265,0.023076923076923078,1005,6
normalised,1050,0.4020105527096653,0.038461538461538464,1005,10
normalised,1060,0.7373550126429477,0.04230769230769231,1005,11
normalised,1070,0.2753775922914279,0.023076923076923078,1005,6
normalised,1080,0.5676650389922426,0.03461538461538462,1005,9
normalised,1090,0.4035199239985341,0.04230769230769231,1005,11
normalised,1100,0.39979356140246763,0.03076923076923077,1005,8
normalised,1110,0.3958371986043456,0.04230769230769231,1005,11
normalised,1120,0.5686445131255871,0.03076923076923077,1005,8
normalised,1130,0.47370675087908015,0.03076923076923077,1005,8
normalised,1140,0.9999999999999994,0.026923076923076925,1005,7
normalised,1150,0.4873723771626038,0.038461538461538464,1005,10
normalised,1160,0.527121485040188,0.038461538461538464,1005,10
normalised,1170,0.2583512605582539,0.04230769230769231,1005,11
normalised,1180,0.9183344970507761,0.026923076923076925,1005,7
normalised,1190,0.7117960841761208,0.03461538461538462,1005,9
normalised,1200,0.12457159990149351,0.026923076923076925,1005,7
normalised,1210,0.5697323622581848,0.04230769230769231,1005,11
normalised,1220,0.18853581909437075,0.023076923076923078,1005,6
normalised,1230,0.6421564743446303,0.023076923076923078,1005,6
normalised,1240,0.480938511399923,0.04230769230769231,1005,11
normalised,1250,0.4944078377364249,0.04230769230769231,1005,11
normalised,1260,0.9346543207901422,0.04230769230769231,1005,11
normalised,1270,0.5818840108390176,0.023076923076923078,1005,6
normalised,1280,0.7987817559997966,0.038461538461538464,1005,10
normalised,1290,0.437085856065143,0.04230769230769231,1005,11
normalised,1300,0.7697020631660944,0.04230769230769231,1005,11
normalised,1310,0.7555734395889863,0.03461538461538462,1005,9
normalised,1320,0.35266101786377313,0.026923076923076925,1005,7
normalised,1330,0.11565506089287639,0.015384615384615385,1005,4
normalised,1340,0.32748964347370463,0.03076923076923077,1005,8
normalised,1350,0.7661964174302285,0.038461538461538464,1005,10
normalised,1360,0.3597543226582395,0.04230769230769231,1005,11
normalised,1370,0.7301034219053196,0.03461538461538462,1005,9
normalised,1380,0.6174257765263118,0.023076923076923078,1005,6
normalised,1390,0.5388478294959097,0.04230769230769231,1005,11
normalised,1400,0.7998655865553893,0.03076923076923077,1005,8
normalised,1410,0.3521948456960505,0.015384615384615385,1005,4
normalised,1420,0.5295422046729801,0.04230769230769231,1005,11
normalised,1430,0.4778476009203988,0.04230769230769231,1005,11
normalised,1440,0.3333333333333331,0.015384615384615385,1005,4
normalised,1450,0.6537069027465737,0.04230769230769231,1005,11
normalised,1460,0.7189663491499709,0.03076923076923077,1005,8
normalised,1470,0.4203622786665677,0.04230769230769231,1005,11
normalised,1480,0.24677526919606008,0.03076923076923077,1005,8
normalised,1490,0.9998213825396851,0.026923076923076925,1005,7
normalised,1500,0.26344465907323217,0.023076923076923078,1005,6
normalised,1510,0.6876591975433437,0.04230769230769231,1005,11
normalised,1520,0.9949239896285679,0.026923076923076925,1005,7
normalised,1530,0.1877566417644978,0.03461538461538462,1005,9
normalised,1540,0.434248809365876,0.04230769230769231,1005,11
normalised,1550,0.6265510095268599,0.03461538461538462,1005,9
normalised,1560,0.4066292197839447,0.04230769230769231,1005,11
normalised,1570,0.7019806006928654,0.04230769230769231,1005,11
normalised,1580,0.29354494391549935,0.03076923076923077,1005,8
normalised,1590,0.5355303169491693,0.026923076923076925,1005,7
normalised,1600,0.43219635510100524,0.03461538461538462,1005,9
normalised,10,0.31473322188814756,0.04230769230769231,1006,11
normalised,20,0.6796841842487744,0.026923076923076925,1006,7
normalised,30,0.7104906916785715,0.04230769230769231,1006,11
normalised,40,0.7497632106896024,0.038461538461538464,1006,10
normalised,50,0.5301511712211128,0.04230769230769231,1006,11
normalised,60,0.44770727543240463,0.04230769230769231,1006,11
normalised,70,0.5174863223909507,0.04230769230769231,1006,11
normalised,80,0.1235655417328579,0.03076923076923077,1006,8
normalised,90,0.45955693140666415,0.04230769230769231,1006,11
normalised,100,0.489440194667652,0.04230769230769231,1006,11
normalised,110,0.5000856273427592,0.03461538461538462,1006,9
normalised,120,0.43117648190982044,0.03076923076923077,1006,8
normalised,130,0.92504235190127,0.03076923076923077,1006,8
normalised,140,0.3080405958078719,0.04230769230769231,1006,11
normalised,150,0.5158966350706293,0.04230769230769231,1006,11
normalised,160,0.7522307087618805,0.04230769230769231,1006,11
normalised,170,0.21617149319317389,0.026923076923076925,1006,7
normalised,180,0.9245345566609076,0.04230769230769231,1006,11
normalised,190,0.3333333333333334,0.011538461538461539,1006,3
normalised,200,0.5651021240232406,0.04230769230769231,1006,11
normalised,210,0.5618753657623177,0.04230769230769231,1006,11
normalised,220,0.39519701524867756,0.04230769230769231,1006,11
normalised,230,0.8958163778174988,0.04230769230769231,1006,11
normalised,240,0.2765878931152444,0.023076923076923078,1006,6
normalised,250,0.6604832240832954,0.04230769230769231,1006,11
normalised,260,0.43120152814031076,0.03076923076923077,1006,8
normalised,270,1.0000000000000009,0.03076923076923077,1006,8
normalised,280,0.7092953831406297,0.03076923076923077,1006,8
normalised,290,0.7268547285917366,0.04230769230769231,1006,11
normalised,300,0.7240248102758853,0.03461538461538462,1006,9
normalised,310,0.5381630218335023,0.03461538461538462,1006,9
normalised,320,0.37148452954794847,0.04230769230769231,1006,11
normalised,330,0.638427153459581,0.04230769230769231,1006,11
normalised,340,0.8933643441857388,0.03461538461538462,1006,9
normalised,350,0.524230214303262,0.04230769230769231,1006,11
normalised,360,0.9362310232193465,0.038461538461538464,1006,10
normalised,370,0.7545824204363591,0.026923076923076925,1006,7
normalised,380,0.5202676999138254,0.04230769230769231,1006,11
normalised,390,0.7215184465120578,0.04230769230769231,1006,11
normalised,400,0.8501679221730445,0.04230769230769231,1006,11
normalised,410,0.9178402390367717,0.03461538461538462,1006,9
normalised,420,0.519880921461368,0.03076923076923077,1006,8
normalised,430,0.4012402683784958,0.026923076923076925,1006,7
normalised,440,0.24953232251218002,0.015384615384615385,1006,4
normalised,450,0.7388979060658856,0.038461538461538464,1006,10
normalised,460,0.5726378438472128,0.04230769230769231,1006,11
normalised,470,0.5776230446117182,0.04230769230769231,1006,11
normalised,480,0.269862885600863,0.03076923076923077,1006,8
normalised,490,0.8616964733176364,0.04230769230769231,1006,11
normalised,500,0.8499302452661738,0.015384615384615385,1006,4
normalised,510,0.5922509518544354,0.038461538461538464,1006,10
normalised,520,0.42006829655225525,0.03076923076923077,1006,8
normalised,530,0.887947335190564,0.038461538461538464,1006,10
normalised,540,0.12499356930661604,0.011538461538461539,1006,3
normalised,550,0.7108730068354122,0.038461538461538464,1006,10
normalised,560,0.6319694677292709,0.04230769230769231,1006,11
normalised,570,0.5251239703025278,0.03461538461538462,1006,9
normalised,580,0.4624735673660864,0.038461538461538464,1006,10
normalised,590,0.5560607663426957,0.04230769230769231,1006,11
normalised,600,0.4223461692794131,0.023076923076923078,1006,6
normalised,610,0.38887375646866723,0.03076923076923077,1006,8
normalised,620,0.36195899834738976,0.038461538461538464,1006,10
normalised,630,0.9035670802230898,0.03461538461538462,1006,9
normalised,640,0.681262420530941,0.04230769230769231,1006,11
normalised,650,0.2527194317089262,0.007692307692307693,1006,2
normalised,660,0.9143725897565391,0.019230769230769232,1006,5
normalised,670,0.5967956965554863,0.04230769230769231,1006,11
normalised,680,0.8936930616174811,0.038461538461538464,1006,10
normalised,690,0.46172831456912317,0.038461538461538464,1006,10
normalised,700,0.723584281437045,0.03076923076923077,1006,8
normalised,710,0.8482473035685004,0.04230769230769231,1006,11
normalised,720,0.4413351227483996,0.038461538461538464,1006,10
normalised,730,0.9502394240338436,0.038461538461538464,1006,10
normalised,740,0.7936376741967146,0.04230769230769231,1006,11
normalised,750,0.666704835756791,0.03076923076923077,1006,8
normalised,760,0.3987993622666111,0.03461538461538462,1006,9
normalised,770,0.6368617305472697,0.026923076923076925,1006,7
normalised,780,0.9999999999999998,0.03461538461538462,1006,9
normalised,790,0.35401227780532696,0.038461538461538464,1006,10
normalised,800,0.764090245744437,0.03461538461538462,1006,9
normalised,810,0.6612448957741158,0.03461538461538462,1006,9
normalised,820,0.5934832137410873,0.03076923076923077,1006,8
normalised,830,0.9590979105033018,0.03461538461538462,1006,9
normalised,840,0.5499359754522513,0.023076923076923078,1006,6
normalised,850,0.4110652584433474,0.026923076923076925,1006,7
normalised,860,0.8104937720425441,0.04230769230769231,1006,11
normalised,870,0.8326113642254659,0.04230769230769231,1006,11
normalised,880,0.2506480440974866,0.04230769230769231,1006,11
normalised,890,0.623460222862585,0.04230769230769231,1006,11
normalised,900,0.6618336408390812,0.03461538461538462,1006,9
normalised,910,1.0,0.023076923076923078,1006,6
normalised,920,0.2889902631125874,0.04230769230769231,1006,11
normalised,930,0.46447246865868186,0.023076923076923078,1006,6
normalised,940,0.2259586907189123,0.023076923076923078,1006,6
normalised,950,0.8000000000000007,0.019230769230769232,1006,5
normalised,960,0.9453481861780176,0.038461538461538464,1006,10
normalised,970,0.9891633416170077,0.03076923076923077,1006,8
normalised,980,0.4077592637703977,0.04230769230769231,1006,11
normalised,990,1.0000000000000007,0.03461538461538462,1006,9
normalised,1000,0.7717173278500862,0.03461538461538462,1006,9
normalised,1010,1.000000000000001,0.038461538461538464,1006,10
normalised,1020,0.9984837267594667,0.03076923076923077,1006,8
normalised,1030,0.6578508197685005,0.04230769230769231,1006,11
normalised,1040,0.73736101426306,0.03461538461538462,1006,9
normalised,1050,0.6657378307404547,0.03461538461538462,1006,9
normalised,1060,0.8246252026180405,0.04230769230769231,1006,11
normalised,1070,0.5084695984031535,0.04230769230769231,1006,11
normalised,1080,0.5177152165576661,0.023076923076923078,1006,6
normalised,1090,0.8084001783120834,0.038461538461538464,1006,10
normalised,1100,0.38787108478703824,0.03076923076923077,1006,8
normalised,1110,0.498386538823873,0.023076923076923078,1006,6
normalised,1120,0.8623984717269765,0.03461538461538462,1006,9
normalised,1130,0.6687147276840184,0.038461538461538464,1006,10
normalised,1140,0.8423386442738405,0.023076923076923078,1006,6
normalised,1150,0.5634893393482614,0.04230769230769231,1006,11
normalised,1160,1.0000000000000002,0.015384615384615385,1006,4
normalised,1170,0.6641377886624901,0.04230769230769231,1006,11
normalised,1180,0.31507436605370154,0.038461538461538464,1006,10
normalised,1190,0.4557706475718815,0.04230769230769231,1006,11
normalised,1200,0.7933998299668885,0.04230769230769231,1006,11
normalised,1210,0.4290676132211322,0.023076923076923078,1006,6
normalised,1220,0.72758231102065,0.04230769230769231,1006,11
normalised,1230,0.4951857643401685,0.026923076923076925,1006,7
normalised,1240,0.20914983476302398,0.03076923076923077,1006,8
normalised,1250,0.3356985547243132,0.04230769230769231,1006,11
normalised,1260,0.164905435577801,0.015384615384615385,1006,4
normalised,1270,0.6108722686712529,0.038461538461538464,1006,10
normalised,1280,0.5200896059182438,0.04230769230769231,1006,11
normalised,1290,0.42103350962986497,0.04230769230769231,1006,11
normalised,1300,0.833333333333334,0.015384615384615385,1006,4
normalised,1310,0.009416284037008837,0.011538461538461539,1006,3
normalised,1320,0.9946523327563112,0.026923076923076925,1006,7
normalised,1330,0.549432231274773,0.03076923076923077,1006,8
normalised,1340,0.44495110294134027,0.019230769230769232,1006,5
normalised,1350,0.9999999999999997,0.04230769230769231,1006,11
normalised,1360,0.4581942618336247,0.03461538461538462,1006,9
normalised,1370,0.3225013495722649,0.011538461538461539,1006,3
normalised,1380,0.5704791530798139,0.038461538461538464,1006,10
normalised,1390,0.3567848416489571,0.03076923076923077,1006,8
normalised,1400,0.6479689129678919,0.03461538461538462,1006,9
normalised,1410,0.5764399482185982,0.04230769230769231,1006,11
normalised,1420,0.7801447310984633,0.03076923076923077,1006,8
normalised,1430,0.43618963314408915,0.04230769230769231,1006,11
normalised,1440,0.6167778891037317,0.03461538461538462,1006,9
normalised,1450,0.3718410222596064,0.04230769230769231,1006,11
normalised,1460,1.0,0.026923076923076925,1006,7
normalised,1470,0.29513829693243143,0.038461538461538464,1006,10
normalised,1480,0.3626205965840747,0.04230769230769231,1006,11
normalised,1490,0.9998524629992461,0.04230769230769231,1006,11
normalised,1500,0.528028793532098,0.038461538461538464,1006,10
normalised,1510,0.46415801956951835,0.04230769230769231,1006,11
normalised,1520,0.938984307145107,0.03461538461538462,1006,9
normalised,1530,0.11773858871936127,0.019230769230769232,1006,5
normalised,1540,0.7917925664304267,0.04230769230769231,1006,11
normalised,1550,0.7255983037420675,0.038461538461538464,1006,10
normalised,1560,0.6117605432234112,0.015384615384615385,1006,4
normalised,1570,0.7387503077637956,0.023076923076923078,1006,6
normalised,1580,0.9365366544598009,0.038461538461538464,1006,10
normalised,1590,0.29620286126825507,0.023076923076923078,1006,6
normalised,1600,0.43678946240343564,0.038461538461538464,1006,10
normalised,10,0.35090583085930477,0.04230769230769231,1007,11
normalised,20,0.5709854957772653,0.04230769230769231,1007,11
normalised,30,0.7039535717231247,0.04230769230769231,1007,11
normalised,40,0.9999989730106439,0.03076923076923077,1007,8
normalised,50,0.5430180163014232,0.038461538461538464,1007,10
normalised,60,0.5172202569319299,0.019230769230769232,1007,5
normalised,70,0.7649297438880195,0.04230769230769231,1007,11
normalised,80,0.37951916429760363,0.019230769230769232,1007,5
normalised,90,0.9999999999999999,0.03461538461538462,1007,9
normalised,100,0.6386668725954755,0.023076923076923078,1007,6
normalised,110,0.9734363026656896,0.026923076923076925,1007,7
normalised,120,1.0000000000000004,0.03076923076923077,1007,8
normalised,130,0.513916194659074,0.03461538461538462,1007,9
normalised,140,0.5441410146249529,0.03461538461538462,1007,9
normalised,150,0.784615998280078,0.04230769230769231,1007,11
normalised,160,0.6841360723275697,0.03076923076923077,1007,8
normalised,170,0.7119565285139545,0.04230769230769231,1007,11
normalised,180,0.9625782485753981,0.038461538461538464,1007,10
normalised,190,0.4810899340575706,0.04230769230769231,1007,11
normalised,200,0.8781019568313528,0.03461538461538462,1007,9
normalised,210,0.7727405820595141,0.026923076923076925,1007,7
normalised,220,0.7930171912663442,0.04230769230769231,1007,11
normalised,230,0.82743880984014,0.038461538461538464,1007,10
normalised,240,0.5200074727706814,0.04230769230769231,1007,11
normalised,250,0.45106624665810474,0.04230769230769231,1007,11
normalised,260,0.49630170282940256,0.04230769230769231,1007,11
normalised,270,0.83635621572353,0.026923076923076925,1007,7
normalised,280,0.5534809769132775,0.04230769230769231,1007,11
normalised,290,0.3744651672633074,0.03461538461538462,1007,9
normalised,300,0.5131172536547969,0.04230769230769231,1007,11
normalised,310,0.40135992563867334,0.023076923076923078,1007,6
normalised,320,0.5800026255367168,0.026923076923076925,1007,7
normalised,330,0.7740546475869847,0.03461538461538462,1007,9
normalised,340,0.5070537602670995,0.04230769230769231,1007,11
normalised,350,0.5722007970937376,0.04230769230769231,1007,11
normalised,360,0.5702456429661495,0.04230769230769231,1007,11
normalised,370,0.4561184255260378,0.04230769230769231,1007,11
normalised,380,0.9999999999999999,0.03461538461538462,1007,9
normalised,390,0.5880172833341167,0.023076923076923078,1007,6
normalised,400,0.6231354764934475,0.038461538461538464,1007,10
normalised,410,0.8752073242311302,0.04230769230769231,1007,11
normalised,420,0.7323807516268636,0.03461538461538462,1007,9
normalised,430,0.29109709525965105,0.04230769230769231,1007,11
normalised,440,0.7881046302590802,0.04230769230769231,1007,11
normalised,450,0.5445572723403542,0.04230769230769231,1007,11
normalised,460,0.6717210252330946,0.04230769230769231,1007,11
normalised,470,0.7618825653847078,0.038461538461538464,1007,10
normalised,480,0.41097805696735784,0.026923076923076925,1007,7
normalised,490,0.5542441311989785,0.04230769230769231,1007,11
normalised,500,0.27683409051250146,0.03461538461538462,1007,9
normalised,510,0.9025792804909071,0.038461538461538464,1007,10
normalised,520,0.9351088482306428,0.038461538461538464,1007,10
normalised,530,0.2701389136689871,0.026923076923076925,1007,7
normalised,540,0.8743315454959906,0.038461538461538464,1007,10
normalised,550,0.8862907119418488,0.04230769230769231,1007,11
normalised,560,0.7514713533799056,0.04230769230769231,1007,11
normalised,570,0.3580469317516188,0.038461538461538464,1007,10
normalised,580,0.37046922997125425,0.023076923076923078,1007,6
normalised,590,0.2605925761644932,0.04230769230769231,1007,11
normalised,600,0.7277282710550123,0.03461538461538462,1007,9
normalised,610,0.540442818227977,0.04230769230769231,1007,11
normalised,620,0.8591441985081523,0.03461538461538462,1007,9
normalised,630,0.7108213132039491,0.038461538461538464,1007,10
normalised,640,0.40434840843709835,0.04230769230769231,1007,11
normalised,650,0.703918755938154,0.038461538461538464,1007,10
normalised,660,0.6915098930696251,0.03461538461538462,1007,9
normalised,670,0.6494133076050377,0.04230769230769231,1007,11
normalised,680,0.9999978776867277,0.026923076923076925,1007,7
normalised,690,0.9999999999999999,0.038461538461538464,1007,10
normalised,700,0.8607007661356645,0.038461538461538464,1007,10
normalised,710,0.7021992052446098,0.038461538461538464,1007,10
normalised,720,0.9898958043776608,0.03076923076923077,1007,8
normalised,730,0.6162556975895574,0.03076923076923077,1007,8
normalised,740,0.43979919319634164,0.04230769230769231,1007,11
normalised,750,0.8130960163642185,0.026923076923076925,1007,7
normalised,760,0.7068111336833824,0.04230769230769231,1007,11
normalised,770,0.21526047549057853,0.026923076923076925,1007,7
normalised,780,0.6605678197832958,0.023076923076923078,1007,6
normalised,790,0.39421442707074034,0.04230769230769231,1007,11
normalised,800,0.5252960838048234,0.04230769230769231,1007,11
normalised,810,0.6393355435407746,0.04230769230769231,1007,11
normalised,820,0.7841369462987214,0.03076923076923077,1007,8
normalised,830,0.26086683097779584,0.011538461538461539,1007,3
normalised,840,0.7814767363481468,0.03461538461538462,1007,9
normalised,850,0.35504920353958525,0.03076923076923077,1007,8
normalised,860,0.6006056079847578,0.03076923076923077,1007,8
normalised,870,0.6523438962037496,0.038461538461538464,1007,10
normalised,880,1.0000000000000004,0.023076923076923078,1007,6
normalised,890,1.0,0.03076923076923077,1007,8
normalised,900,0.28620934109697027,0.03461538461538462,1007,9
normalised,910,0.5661696812961243,0.04230769230769231,1007,11
normalised,920,0.5370797903648397,0.04230769230769231,1007,11
normalised,930,0.847758488301665,0.038461538461538464,1007,10
normalised,940,0.5780432022587064,0.04230769230769231,1007,11
normalised,950,0.8129323043491506,0.038461538461538464,1007,10
normalised,960,0.3153867970035929,0.04230769230769231,1007,11
normalised,970,0.5982310326558145,0.03461538461538462,1007,9
normalised,980,0.9591546418479618,0.038461538461538464,1007,10
normalised,990,0.581995291383186,0.04230769230769231,1007,11
normalised,1000,0.6956851699866969,0.026923076923076925,1007,7
normalised,1010,0.5902465324117989,0.038461538461538464,1007,10
normalised,1020,0.24169082826450028,0.03076923076923077,1007,8
normalised,1030,0.6842678671170482,0.04230769230769231,1007,11
normalised,1040,0.48955297956065513,0.04230769230769231,1007,11
normalised,1050,0.5494414802550767,0.03461538461538462,1007,9
normalised,1060,0.654692148374506,0.038461538461538464,1007,10
normalised,1070,0.4053898569108255,0.03461538461538462,1007,9
normalised,1080,0.5132683779331773,0.04230769230769231,1007,11
normalised,1090,0.37139432250163484,0.026923076923076925,1007,7
normalised,1100,0.44437901566463894,0.04230769230769231,1007,11
normalised,1110,1.0000000000000009,0.019230769230769232,1007,5
normalised,1120,0.6281331410840849,0.04230769230769231,1007,11
normalised,1130,0.38367161646625825,0.026923076923076925,1007,7
normalised,1140,0.3997162526186226,0.04230769230769231,1007,11
normalised,1150,0.006407460348063194,0.015384615384615385,1007,4
normalised,1160,0.4895277326723678,0.03076923076923077,1007,8
normalised,1170,0.9999999999999999,0.03461538461538462,1007,9
normalised,1180,1.0,0.03461538461538462,1007,9
normalised,1190,0.8263494452876037,0.026923076923076925,1007,7
normalised,1200,0.8694715397920263,0.04230769230769231,1007,11
normalised,1210,0.15352414858042612,0.007692307692307693,1007,2
normalised,1220,0.3808869547470434,0.04230769230769231,1007,11
normalised,1230,0.49485955538307425,0.04230769230769231,1007,11
normalised,1240,0.6995451266074207,0.03461538461538462,1007,9
normalised,1250,0.44012816523409376,0.023076923076923078,1007,6
normalised,1260,0.458021599911017,0.04230769230769231,1007,11
normalised,1270,0.7041921137497757,0.04230769230769231,1007,11
normalised,1280,0.5433353479964687,0.04230769230769231,1007,11
normalised,1290,0.6465314886090431,0.03461538461538462,1007,9
normalised,1300,0.2622672928007868,0.023076923076923078,1007,6
normalised,1310,0.7782903527257273,0.04230769230769231,1007,11
normalised,1320,0.4634465177518259,0.038461538461538464,1007,10
normalised,1330,0.5244852508375345,0.023076923076923078,1007,6
normalised,1340,0.5997698730346678,0.03461538461538462,1007,9
normalised,1350,0.5673869797139508,0.038461538461538464,1007,10
normalised,1360,0.7154410229351547,0.04230769230769231,1007,11
normalised,1370,0.5961312898045935,0.04230769230769231,1007,11
normalised,1380,0.7032640291918792,0.019230769230769232,1007,5
normalised,1390,0.9999999999999999,0.03461538461538462,1007,9
normalised,1400,0.75943240996064,0.04230769230769231,1007,11
normalised,1410,0.4853509523836041,0.023076923076923078,1007,6
normalised,1420,0.813640908099482,0.038461538461538464,1007,10
normalised,1430,0.7815410521503164,0.038461538461538464,1007,10
normalised,1440,0.6642914738791563,0.038461538461538464,1007,10
normalised,1450,0.9937448617200686,0.04230769230769231,1007,11
normalised,1460,0.8644687358024621,0.03461538461538462,1007,9
normalised,1470,0.37557346996669555,0.038461538461538464,1007,10
normalised,1480,0.7037366226919086,0.04230769230769231,1007,11
normalised,1490,0.48741996309344265,0.04230769230769231,1007,11
normalised,1500,0.3189586164095119,0.026923076923076925,1007,7
normalised,1510,0.6298008099067097,0.04230769230769231,1007,11
normalised,1520,0.8298738573749289,0.03461538461538462,1007,9
normalised,1530,0.6480143065594475,0.03461538461538462,1007,9
normalised,1540,0.819167557239395,0.038461538461538464,1007,10
normalised,1550,0.46392396374425815,0.04230769230769231,1007,11
normalised,1560,0.7725457091783262,0.03076923076923077,1007,8
normalised,1570,0.9677361849272703,0.03461538461538462,1007,9
normalised,1580,0.7270681969333631,0.04230769230769231,1007,11
normalised,1590,0.44064698183709466,0.026923076923076925,1007,7
normalised,1600,0.36768292078143383,0.03076923076923077,1007,8
normalised,10,0.34998138845863414,0.04230769230769231,1008,11
normalised,20,0.651976247885421,0.03461538461538462,1008,9
normalised,30,0.792680248402196,0.026923076923076925,1008,7
normalised,40,0.42967332949926945,0.04230769230769231,1008,11
normalised,50,0.5169989415948856,0.04230769230769231,1008,11
normalised,60,0.796276264678776,0.038461538461538464,1008,10
normalised,70,0.9341163640742334,0.03461538461538462,1008,9
normalised,80,0.7434611421592034,0.038461538461538464,1008,10
normalised,90,0.6353635212619464,0.038461538461538464,1008,10
normalised,100,0.8333333333333335,0.03076923076923077,1008,8
normalised,110,0.6289270793921683,0.04230769230769231,1008,11
normalised,120,0.8240343408692781,0.03461538461538462,1008,9
normalised,130,0.6030611695935142,0.03076923076923077,1008,8
normalised,140,0.36839766002365953,0.026923076923076925,1008,7
normalised,150,0.9784624463597418,0.04230769230769231,1008,11
normalised,160,0.3999129190587779,0.04230769230769231,1008,11
normalised,170,0.4283164979292781,0.038461538461538464,1008,10
normalised,180,0.7704976280788891,0.04230769230769231,1008,11
normalised,190,0.5062201224334981,0.04230769230769231,1008,11
normalised,200,0.4139701104801332,0.03076923076923077,1008,8
normalised,210,0.5252685417903514,0.04230769230769231,1008,11
normalised,220,0.5899526408396882,0.038461538461538464,1008,10
normalised,230,0.6957350729911576,0.04230769230769231,1008,11
normalised,240,0.3997223200279752,0.04230769230769231,1008,11
normalised,250,0.4069090144264713,0.04230769230769231,1008,11
normalised,260,0.5616889744592779,0.038461538461538464,1008,10
normalised,270,0.781751752915284,0.04230769230769231,1008,11
normalised,280,0.15081602019294116,0.026923076923076925,1008,7
normalised,290,0.5964419888157163,0.04230769230769231,1008,11
normalised,300,0.5884439016459956,0.026923076923076925,1008,7
normalised,310,0.8699286781196243,0.04230769230769231,1008,11
normalised,320,0.8043114283601391,0.03461538461538462,1008,9
normalised,330,0.6124479322312796,0.026923076923076925,1008,7
normalised,340,0.9852567774914471,0.03461538461538462,1008,9
normalised,350,0.32626666204650817,0.019230769230769232,1008,5
normalised,360,0.5326400881627192,0.04230769230769231,1008,11
normalised,370,0.6371990410963492,0.03076923076923077,1008,8
normalised,380,0.4251357617225809,0.038461538461538464,1008,10
normalised,390,0.9999999999999994,0.019230769230769232,1008,5
normalised,400,0.5593272864701848,0.04230769230769231,1008,11
normalised,410,0.5538938850580142,0.04230769230769231,1008,11
normalised,420,0.997449721566542,0.023076923076923078,1008,6
normalised,430,0.7160940135280602,0.03461538461538462,1008,9
normalised,440,0.34546017714101723,0.026923076923076925,1008,7
normalised,450,0.4359509343143157,0.04230769230769231,1008,11
normalised,460,0.9999999999999996,0.03076923076923077,1008,8
normalised,470,0.3012968640098233,0.03076923076923077,1008,8
normalised,480,0.5331872573803461,0.03461538461538462,1008,9
normalised,490,0.45977633820686914,0.04230769230769231,1008,11
normalised,500,0.4798076357358081,0.038461538461538464,1008,10
normalised,510,0.7500807001736078,0.023076923076923078,1008,6
normalised,520,0.32875321136470587,0.04230769230769231,1008,11
normalised,530,0.4447694012118664,0.019230769230769232,1008,5
normalised,540,0.614679756356467,0.04230769230769231,1008,11
normalised,550,0.5648342305658425,0.026923076923076925,1008,7
normalised,560,0.6702329744573071,0.026923076923076925,1008,7
normalised,570,0.8547176052329646,0.038461538461538464,1008,10
normalised,580,0.4201282136634628,0.04230769230769231,1008,11
normalised,590,0.6336552783955246,0.03461538461538462,1008,9
normalised,600,0.7449728177493324,0.04230769230769231,1008,11
normalised,610,0.8602479881876748,0.03076923076923077,1008,8
normalised,620,0.8556221840787125,0.023076923076923078,1008,6
normalised,630,0.7097338315752666,0.04230769230769231,1008,11
normalised,640,0.8139995098776321,0.026923076923076925,1008,7
normalised,650,0.6181837842581857,0.03461538461538462,1008,9
normalised,660,0.3065188116621265,0.026923076923076925,1008,7
normalised,670,0.5156453231733672,0.03076923076923077,1008,8
normalised,680,0.8812645957200512,0.038461538461538464,1008,10
normalised,690,0.514008490484895,0.04230769230769231,1008,11
normalised,700,0.7125823903982097,0.04230769230769231,1008,11
normalised,710,0.5225103671463722,0.038461538461538464,1008,10
normalised,720,0.35144778420895095,0.03076923076923077,1008,8
normalised,730,0.5070990636124707,0.023076923076923078,1008,6
normalised,740,0.5744354756171581,0.038461538461538464,1008,10
normalised,750,0.6085803964164357,0.04230769230769231,1008,11
normalised,760,0.9891911152510916,0.03076923076923077,1008,8
normalised,770,0.9999999999999998,0.026923076923076925,1008,7
normalised,780,0.48839582192352443,0.04230769230769231,1008,11
normalised,790,0.7131512996315055,0.04230769230769231,1008,11
normalised,800,0.6894864569126128,0.03076923076923077,1008,8
normalised,810,0.5727929656951408,0.038461538461538464,1008,10
normalised,820,0.4558262530547674,0.026923076923076925,1008,7
normalised,830,0.9876816762420761,0.04230769230769231,1008,11
normalised,840,0.443010878685198,0.04230769230769231,1008,11
normalised,850,0.42347656431283004,0.026923076923076925,1008,7
normalised,860,0.5289853671194217,0.03076923076923077,1008,8
normalised,870,0.754617082402481,0.04230769230769231,1008,11
normalised,880,0.6724904239797845,0.04230769230769231,1008,11
normalised,890,0.7470858881547136,0.04230769230769231,1008,11
normalised,900,0.4442139092603457,0.03461538461538462,1008,9
normalised,910,0.6208227457761473,0.03461538461538462,1008,9
normalised,920,0.46694984707017584,0.04230769230769231,1008,11
normalised,930,0.5751536533898883,0.04230769230769231,1008,11
normalised,940,0.2573425371787176,0.04230769230769231,1008,11
normalised,950,0.6077815972592793,0.026923076923076925,1008,7
normalised,960,0.5866119684099307,0.03076923076923077,1008,8
normalised,970,0.8338550002792924,0.04230769230769231,1008,11
normalised,980,0.6287628627078574,0.038461538461538464,1008,10
normalised,990,0.34432020124544266,0.019230769230769232,1008,5
normalised,1000,0.5675059571293388,0.04230769230769231,1008,11
normalised,1010,0.26577504919694983,0.03461538461538462,1008,9
normalised,1020,0.7130776021356213,0.03076923076923077,1008,8
normalised,1030,0.6316692695866624,0.04230769230769231,1008,11
normalised,1040,0.7491000461131972,0.03461538461538462,1008,9
normalised,1050,0.6782557749851841,0.04230769230769231,1008,11
normalised,1060,0.8390564118566578,0.03461538461538462,1008,9
normalised,1070,0.469332827271712,0.038461538461538464,1008,10
normalised,1080,0.36155702469954953,0.038461538461538464,1008,10
normalised,1090,0.8174997489641286,0.038461538461538464,1008,10
normalised,1100,0.6953206490314296,0.023076923076923078,1008,6
normalised,1110,0.39149487005721806,0.023076923076923078,1008,6
normalised,1120,0.5351961481478529,0.023076923076923078,1008,6
normalised,1130,0.8692397289284646,0.03461538461538462,1008,9
normalised,1140,0.3317939682616697,0.026923076923076925,1008,7
normalised,1150,0.2974331917072041,0.019230769230769232,1008,5
normalised,1160,0.8694388848704128,0.038461538461538464,1008,10
normalised,1170,0.8121590547901494,0.038461538461538464,1008,10
normalised,1180,0.48956797532410107,0.04230769230769231,1008,11
normalised,1190,0.8162290110726008,0.019230769230769232,1008,5
normalised,1200,1.0000000000000009,0.04230769230769231,1008,11
normalised,1210,0.8724463103620885,0.04230769230769231,1008,11
normalised,1220,0.47711559889669886,0.038461538461538464,1008,10
normalised,1230,0.9998449498784582,0.03461538461538462,1008,9
normalised,1240,0.8900485992962847,0.04230769230769231,1008,11
normalised,1250,0.6276817862115692,0.04230769230769231,1008,11
normalised,1260,0.43569304452256874,0.038461538461538464,1008,10
normalised,1270,0.8935358901403059,0.04230769230769231,1008,11
normalised,1280,0.7983806634527174,0.04230769230769231,1008,11
normalised,1290,0.6859803324864742,0.03076923076923077,1008,8
normalised,1300,0.4171494882858519,0.04230769230769231,1008,11
normalised,1310,0.2641924013982997,0.038461538461538464,1008,10
normalised,1320,0.8430206008531425,0.04230769230769231,1008,11
normalised,1330,0.34384664785456276,0.038461538461538464,1008,10
normalised,1340,0.711155216861028,0.038461538461538464,1008,10
normalised,1350,0.47071669180459497,0.019230769230769232,1008,5
normalised,1360,0.5157669873482043,0.03461538461538462,1008,9
normalised,1370,0.3860923632497874,0.04230769230769231,1008,11
normalised,1380,0.9479660744855868,0.03076923076923077,1008,8
normalised,1390,0.7005219701197639,0.038461538461538464,1008,10
normalised,1400,0.5405602579240419,0.03461538461538462,1008,9
normalised,1410,0.5741334209837342,0.03461538461538462,1008,9
normalised,1420,0.8207323164809242,0.038461538461538464,1008,10
normalised,1430,0.5578423097103834,0.04230769230769231,1008,11
normalised,1440,0.7540720911010865,0.038461538461538464,1008,10
normalised,1450,0.7999999999999996,0.019230769230769232,1008,5
normalised,1460,0.44459094944285055,0.04230769230769231,1008,11
normalised,1470,0.5007484922371693,0.015384615384615385,1008,4
normalised,1480,0.6163723644788098,0.038461538461538464,1008,10
normalised,1490,0.440151997974399,0.038461538461538464,1008,10
normalised,1500,0.3753026678829572,0.026923076923076925,1008,7
normalised,1510,0.469442581874815,0.026923076923076925,1008,7
normalised,1520,0.855711821805474,0.015384615384615385,1008,4
normalised,1530,0.4150402456511035,0.03461538461538462,1008,9
normalised,1540,0.7589650784381754,0.04230769230769231,1008,11
normalised,1550,0.2702187246073323,0.026923076923076925,1008,7
normalised,1560,0.030523292293138153,0.011538461538461539,1008,3
normalised,1570,0.6777289217808093,0.038461538461538464,1008,10
normalised,1580,0.9508415573577117,0.03461538461538462,1008,9
normalised,1590,0.4455075157195577,0.026923076923076925,1008,7
normalised,1600,0.639662269481825,0.038461538461538464,1008,10
normalised,10,0.34004837146036865,0.04230769230769231,1009,11
normalised,20,0.46779566831902475,0.04230769230769231,1009,11
normalised,30,0.8429261937555156,0.03076923076923077,1009,8
normalised,40,0.277409609842218,0.038461538461538464,1009,10
normalised,50,0.4749469108854757,0.038461538461538464,1009,10
normalised,60,0.26379232925598994,0.04230769230769231,1009,11
normalised,70,0.5569816933521256,0.04230769230769231,1009,11
normalised,80,0.883846600614293,0.03461538461538462,1009,9
normalised,90,0.6514758917162508,0.04230769230769231,1009,11
normalised,100,0.8346355588872997,0.023076923076923078,1009,6
normalised,110,0.545087726921047,0.04230769230769231,1009,11
normalised,120,0.2726243324190958,0.015384615384615385,1009,4
normalised,130,0.5701737437354979,0.03076923076923077,1009,8
normalised,140,0.22028768974457202,0.026923076923076925,1009,7
normalised,150,1.000000000000001,0.03076923076923077,1009,8
normalised,160,0.5835355563946557,0.04230769230769231,1009,11
normalised,170,0.32543330742251997,0.019230769230769232,1009,5
normalised,180,0.8363703768193926,0.03461538461538462,1009,9
normalised,190,1.0,0.03076923076923077,1009,8
normalised,200,0.8700463128516946,0.038461538461538464,1009,10
normalised,210,0.21481052269372813,0.026923076923076925,1009,7
normalised,220,0.3080270622237468,0.019230769230769232,1009,5
normalised,230,0.8712637588437431,0.038461538461538464,1009,10
normalised,240,0.265484621654418,0.038461538461538464,1009,10
normalised,250,0.5020781560531622,0.019230769230769232,1009,5
normalised,260,0.8671294565928851,0.023076923076923078,1009,6
normalised,270,0.7307479831329886,0.038461538461538464,1009,10
normalised,280,0.5717224233381464,0.04230769230769231,1009,11
normalised,290,0.33333322587250164,0.03461538461538462,1009,9
normalised,300,0.8283801628327186,0.04230769230769231,1009,11
normalised,310,0.6385234028980635,0.038461538461538464,1009,10
normalised,320,0.7958399259763125,0.03461538461538462,1009,9
normalised,330,0.4207755148882752,0.04230769230769231,1009,11
normalised,340,0.8388850645818714,0.04230769230769231,1009,11
normalised,350,0.38435796935830924,0.04230769230769231,1009,11
normalised,360,0.004291906478402789,0.011538461538461539,1009,3
normalised,370,0.6293581625834592,0.03076923076923077,1009,8
normalised,380,0.8422360356322279,0.03076923076923077,1009,8
normalised,390,0.45077401093002883,0.026923076923076925,1009,7
normalised,400,0.5811492882198745,0.038461538461538464,1009,10
normalised,410,0.45193275827887724,0.023076923076923078,1009,6
normalised,420,0.7518066792306868,0.023076923076923078,1009,6
normalised,430,1.0,0.03076923076923077,1009,8
normalised,440,0.6967033002358496,0.038461538461538464,1009,10
normalised,450,0.36277978815573353,0.026923076923076925,1009,7
normalised,460,0.9999999999999991,0.03076923076923077,1009,8
normalised,470,0.40242341867769826,0.03076923076923077,1009,8
normalised,480,0.5118920081652416,0.04230769230769231,1009,11
normalised,490,0.755412891703398,0.04230769230769231,1009,11
normalised,500,0.6553309197963154,0.04230769230769231,1009,11
normalised,510,0.8356313463136247,0.038461538461538464,1009,10
normalised,520,0.9752792976355382,0.03076923076923077,1009,8
normalised,530,0.3026881625683654,0.03461538461538462,1009,9
normalised,540,0.3601580360113397,0.038461538461538464,1009,10
normalised,550,0.5680145888571828,0.04230769230769231,1009,11
normalised,560,0.3678718699053407,0.019230769230769232,1009,5
normalised,570,0.5091540064061021,0.038461538461538464,1009,10
normalised,580,0.7972829661593367,0.03461538461538462,1009,9
normalised,590,0.44313243670424496,0.03461538461538462,1009,9
normalised,600,0.3977372990381852,0.04230769230769231,1009,11
normalised,610,0.45951060346639044,0.04230769230769231,1009,11
normalised,620,0.5354204571564859,0.038461538461538464,1009,10
normalised,630,0.991958832847215,0.03461538461538462,1009,9
normalised,640,0.6075842694842942,0.04230769230769231,1009,11
normalised,650,0.5523660740150015,0.03461538461538462,1009,9
normalised,660,0.46196443995818554,0.026923076923076925,1009,7
normalised,670,0.9779829585274202,0.03461538461538462,1009,9
normalised,680,0.7395146747941336,0.03461538461538462,1009,9
normalised,690,0.6815136108462402,0.03461538461538462,1009,9
normalised,700,0.8385964257321937,0.011538461538461539,1009,3
normalised,710,0.8274626323156745,0.03461538461538462,1009,9
normalised,720,0.7145858486745802,0.04230769230769231,1009,11
normalised,730,0.3844366581841904,0.023076923076923078,1009,6
normalised,740,0.4526177406464324,0.038461538461538464,1009,10
normalised,750,0.8398859729652819,0.038461538461538464,1009,10
normalised,760,0.46814170688608264,0.04230769230769231,1009,11
normalised,770,0.82888273526097,0.038461538461538464,1009,10
normalised,780,0.4375286118349927,0.026923076923076925,1009,7
normalised,790,0.34256679454714467,0.03076923076923077,1009,8
normalised,800,0.7271763797869156,0.04230769230769231,1009,11
normalised,810,0.3978388765312914,0.023076923076923078,1009,6
normalised,820,0.747949180201136,0.03461538461538462,1009,9
normalised,830,0.5872476535781048,0.038461538461538464,1009,10
normalised,840,0.4940805037432139,0.04230769230769231,1009,11
normalised,850,0.6364171409492337,0.038461538461538464,1009,10
normalised,860,0.8709814942444742,0.019230769230769232,1009,5
normalised,870,0.4253008279008068,0.04230769230769231,1009,11
normalised,880,0.647741810754174,0.04230769230769231,1009,11
normalised,890,0.755870638413904,0.026923076923076925,1009,7
normalised,900,0.7511246007886222,0.03076923076923077,1009,8
normalised,910,0.278413865656031,0.026923076923076925,1009,7
normalised,920,0.3905131814661138,0.04230769230769231,1009,11
normalised,930,0.6977131356183768,0.03461538461538462,1009,9
normalised,940,0.4243076877410285,0.04230769230769231,1009,11
normalised,950,0.5088325186306362,0.023076923076923078,1009,6
normalised,960,0.5789642700974346,0.03461538461538462,1009,9
normalised,970,0.6406303155368439,0.03461538461538462,1009,9
normalised,980,0.42372614723746543,0.03076923076923077,1009,8
normalised,990,0.7662060166528156,0.03461538461538462,1009,9
normalised,1000,0.35325212955335933,0.04230769230769231,1009,11
normalised,1010,0.8180099766195668,0.03461538461538462,1009,9
normalised,1020,0.36356340296731277,0.015384615384615385,1009,4
normalised,1030,0.5673566853812844,0.04230769230769231,1009,11
normalised,1040,0.8056975017265721,0.038461538461538464,1009,10
normalised,1050,0.6656408239971497,0.026923076923076925,1009,7
normalised,1060,0.5084704569656331,0.038461538461538464,1009,10
normalised,1070,0.828857653822243,0.038461538461538464,1009,10
normalised,1080,0.8571428571428569,0.015384615384615385,1009,4
normalised,1090,0.5775760304540467,0.03076923076923077,1009,8
normalised,1100,0.3884602546086768,0.023076923076923078,1009,6
normalised,1110,0.5240708956614684,0.038461538461538464,1009,10
normalised,1120,0.8649486910350319,0.04230769230769231,1009,11
normalised,1130,0.7009444794365297,0.04230769230769231,1009,11
normalised,1140,0.97836245941357,0.038461538461538464,1009,10
normalised,1150,0.6337505908049355,0.04230769230769231,1009,11
normalised,1160,0.48844023571806183,0.038461538461538464,1009,10
normalised,1170,1.0000000000000004,0.038461538461538464,1009,10
normalised,1180,0.3764596596053211,0.038461538461538464,1009,10
normalised,1190,0.2072439220473345,0.011538461538461539,1009,3
normalised,1200,0.2559912578090695,0.026923076923076925,1009,7
normalised,1210,0.7598863773797757,0.04230769230769231,1009,11
normalised,1220,0.6956406964135693,0.04230769230769231,1009,11
normalised,1230,0.32147897770350214,0.026923076923076925,1009,7
normalised,1240,0.9438878110500589,0.023076923076923078,1009,6
normalised,1250,0.455778278304292,0.04230769230769231,1009,11
normalised,1260,0.93302659543127,0.038461538461538464,1009,10
normalised,1270,0.5023781939851681,0.03076923076923077,1009,8
normalised,1280,0.723331502360958,0.019230769230769232,1009,5
normalised,1290,0.9603554816787017,0.038461538461538464,1009,10
normalised,1300,0.8790969818375236,0.019230769230769232,1009,5
normalised,1310,0.7690384846972768,0.04230769230769231,1009,11
normalised,1320,0.6881443689440923,0.04230769230769231,1009,11
normalised,1330,0.8527482011679027,0.03076923076923077,1009,8
normalised,1340,0.36132458537694073,0.038461538461538464,1009,10
normalised,1350,0.3804456772677758,0.038461538461538464,1009,10
normalised,1360,0.9880022412337608,0.04230769230769231,1009,11
normalised,1370,0.9999999999999998,0.03461538461538462,1009,9
normalised,1380,0.6120733276171885,0.026923076923076925,1009,7
normalised,1390,0.5762521366141423,0.04230769230769231,1009,11
normalised,1400,0.4234206465364514,0.023076923076923078,1009,6
normalised,1410,0.8373534252593678,0.038461538461538464,1009,10
normalised,1420,0.2260304327699799,0.023076923076923078,1009,6
normalised,1430,0.5934708222885055,0.038461538461538464,1009,10
normalised,1440,0.7347548242013662,0.04230769230769231,1009,11
normalised,1450,0.5802647497546145,0.023076923076923078,1009,6
normalised,1460,0.7571070330386331,0.04230769230769231,1009,11
normalised,1470,0.32161914604277375,0.038461538461538464,1009,10
normalised,1480,0.3603126584788437,0.04230769230769231,1009,11
normalised,1490,0.6417960517038881,0.03461538461538462,1009,9
normalised,1500,1.0000000000000007,0.03076923076923077,1009,8
normalised,1510,0.315597970583983,0.038461538461538464,1009,10
normalised,1520,0.5134731616973902,0.04230769230769231,1009,11
normalised,1530,0.6725805506410177,0.03461538461538462,1009,9
normalised,1540,1.0000000000000009,0.038461538461538464,1009,10
normalised,1550,0.3551929726917323,0.038461538461538464,1009,10
normalised,1560,0.9726180967607342,0.038461538461538464,1009,10
normalised,1570,0.2900921047729504,0.04230769230769231,1009,11
normalised,1580,0.5095742610495181,0.038461538461538464,1009,10
normalised,1590,0.7842386463482404,0.038461538461538464,1009,10
normalised,1600,0.2647775112242621,0.04230769230769231,1009,11
gaussian,10,0.04440544442825111,0.04230769230769231,1000,11
gaussian,20,0.04752126272690202,0.04230769230769231,1000,11
gaussian,30,0.044204824855768626,0.04230769230769231,1000,11
gaussian,40,0.044303127229443066,0.04230769230769231,1000,11
gaussian,50,0.044119080484426705,0.04230769230769231,1000,11
gaussian,60,0.04744736196263379,0.04230769230769231,1000,11
gaussian,70,0.04942446401965093,0.04230769230769231,1000,11
gaussian,80,0.04868080720127861,0.04230769230769231,1000,11
gaussian,90,0.04284692180691982,0.04230769230769231,1000,11
gaussian,100,0.048590429890693086,0.04230769230769231,1000,11
gaussian,110,0.05292850113928149,0.04230769230769231,1000,11
gaussian,120,0.04572397665007828,0.04230769230769231,1000,11
gaussian,130,0.04868724509749531,0.04230769230769231,1000,11
gaussian,140,0.035736024418675606,0.04230769230769231,1000,11
gaussian,150,0.036804014784886444,0.04230769230769231,1000,11
gaussian,160,0.03981855127958651,0.04230769230769231,1000,11
gaussian,170,0.04514060974375623,0.04230769230769231,1000,11
gaussian,180,0.03930390059917659,0.04230769230769231,1000,11
gaussian,190,0.04078463927107909,0.04230769230769231,1000,11
gaussian,200,0.04278195874181037,0.04230769230769231,1000,11
gaussian,210,0.0449456480094418,0.04230769230769231,1000,11
gaussian,220,0.027789122647570705,0.04230769230769231,1000,11
gaussian,230,0.037668918021464944,0.04230769230769231,1000,11
gaussian,240,0.04276951220887429,0.04230769230769231,1000,11
gaussian,250,0.03691144119519342,0.04230769230769231,1000,11
gaussian,260,0.03947257799256172,0.04230769230769231,1000,11
gaussian,270,0.03920033549348387,0.04230769230769231,1000,11
gaussian,280,0.042832928060994514,0.04230769230769231,1000,11
gaussian,290,0.037503731861443894,0.04230769230769231,1000,11
gaussian,300,0.04027060953096663,0.04230769230769231,1000,11
gaussian,310,0.04887327336804556,0.04230769230769231,1000,11
gaussian,320,0.04120280975868573,0.04230769230769231,1000,11
gaussian,330,0.03633894283534709,0.04230769230769231,1000,11
gaussian,340,0.0401335179192468,0.04230769230769231,1000,11
gaussian,350,0.04395236551957677,0.04230769230769231,1000,11
gaussian,360,0.049066095364031684,0.04230769230769231,1000,11
gaussian,370,0.035865226938830305,0.04230769230769231,1000,11
gaussian,380,0.04425662116322449,0.04230769230769231,1000,11
gaussian,390,0.042691660318347834,0.04230769230769231,1000,11
gaussian,400,0.05080290066129891,0.04230769230769231,1000,11
gaussian,410,0.04024872884610618,0.04230769230769231,1000,11
gaussian,420,0.044691338548191545,0.04230769230769231,1000,11
gaussian,430,0.03481364311060152,0.04230769230769231,1000,11
gaussian,440,0.041764721385053535,0.04230769230769231,1000,11
gaussian,450,0.03616686569942265,0.04230769230769231,1000,11
gaussian,460,0.03668780868642499,0.04230769230769231,1000,11
gaussian,470,0.0470230253197941,0.04230769230769231,1000,11
gaussian,480,0.04589320644616976,0.04230769230769231,1000,11
gaussian,490,0.04943459946767566,0.04230769230769231,1000,11
gaussian,500,0.05139672164680265,0.04230769230769231,1000,11
gaussian,510,0.05341493334813788,0.04230769230769231,1000,11
gaussian,520,0.04481495823516717,0.04230769230769231,1000,11
gaussian,530,0.04226528251543298,0.04230769230769231,1000,11
gaussian,540,0.037642307242413124,0.04230769230769231,1000,11
gaussian,550,0.04546326301079993,0.04230769230769231,1000,11
gaussian,560,0.04774908518342271,0.04230769230769231,1000,11
gaussian,570,0.03400952599429134,0.04230769230769231,1000,11
gaussian,580,0.04848099009926544,0.04230769230769231,1000,11
gaussian,590,0.04975137438627842,0.04230769230769231,1000,11
gaussian,600,0.04169856506979712,0.04230769230769231,1000,11
gaussian,610,0.038885373859220335,0.04230769230769231,1000,11
gaussian,620,0.04405069717157381,0.04230769230769231,1000,11
gaussian,630,0.0405725295798363,0.04230769230769231,1000,11
gaussian,640,0.035509472603135445,0.04230769230769231,1000,11
gaussian,650,0.051081680304688966,0.04230769230769231,1000,11
gaussian,660,0.046716514922638085,0.04230769230769231,1000,11
gaussian,670,0.046837134641865785,0.04230769230769231,1000,11
gaussian,680,0.047054842580775684,0.04230769230769231,1000,11
gaussian,690,0.03930130689250293,0.04230769230769231,1000,11
gaussian,700,0.040132150387640904,0.04230769230769231,1000,11
gaussian,710,0.03502507364403663,0.04230769230769231,1000,11
gaussian,720,0.03468627650571938,0.04230769230769231,1000,11
gaussian,730,0.0410690561759737,0.04230769230769231,1000,11
gaussian,740,0.03928649407901786,0.04230769230769231,1000,11
gaussian,750,0.0322660036571097,0.04230769230769231,1000,11
gaussian,760,0.040719168108517244,0.04230769230769231,1000,11
gaussian,770,0.04427295228803705,0.04230769230769231,1000,11
gaussian,780,0.04133491943931395,0.04230769230769231,1000,11
gaussian,790,0.042041932711431626,0.04230769230769231,1000,11
gaussian,800,0.045066183941555434,0.04230769230769231,1000,11
gaussian,810,0.043035295411320146,0.04230769230769231,1000,11
gaussian,820,0.051674101859505224,0.04230769230769231,1000,11
gaussian,830,0.03855718358297861,0.04230769230769231,1000,11
gaussian,840,0.03697336229370288,0.04230769230769231,1000,11
gaussian,850,0.039989142676567495,0.04230769230769231,1000,11
gaussian,860,0.03749464539459604,0.04230769230769231,1000,11
gaussian,870,0.03991178484101951,0.04230769230769231,1000,11
gaussian,880,0.043016915636528964,0.04230769230769231,1000,11
gaussian,890,0.04727289413264657,0.04230769230769231,1000,11
gaussian,900,0.046318025467680074,0.04230769230769231,1000,11
gaussian,910,0.03698730726692737,0.04230769230769231,1000,11
gaussian,920,0.0448958091266598,0.04230769230769231,1000,11
gaussian,930,0.0493160538676587,0.04230769230769231,1000,11
gaussian,940,0.037017022848609,0.04230769230769231,1000,11
gaussian,950,0.04592318277104821,0.04230769230769231,1000,11
gaussian,960,0.04227717842864407,0.04230769230769231,1000,11
gaussian,970,0.03996786927361955,0.04230769230769231,1000,11
gaussian,980,0.04421851091472344,0.04230769230769231,1000,11
gaussian,990,0.04758227613303657,0.04230769230769231,1000,11
gaussian,1000,0.04204191010937985,0.04230769230769231,1000,11
gaussian,1010,0.03995141403944296,0.04230769230769231,1000,11
gaussian,1020,0.048125877966083926,0.04230769230769231,1000,11
gaussian,1030,0.045775137232715875,0.04230769230769231,1000,11
gaussian,1040,0.03269885850561096,0.04230769230769231,1000,11
gaussian,1050,0.04815342691193752,0.04230769230769231,1000,11
gaussian,1060,0.03911894196046455,0.04230769230769231,1000,11
gaussian,1070,0.04008226814982212,0.04230769230769231,1000,11
gaussian,1080,0.05195190092800838,0.04230769230769231,1000,11
gaussian,1090,0.03752994610395646,0.04230769230769231,1000,11
gaussian,1100,0.04979562551981845,0.04230769230769231,1000,11
gaussian,1110,0.05451135883261817,0.04230769230769231,1000,11
gaussian,1120,0.03704679949801438,0.04230769230769231,1000,11
gaussian,1130,0.04745927173839348,0.04230769230769231,1000,11
gaussian,1140,0.04227774527825798,0.04230769230769231,1000,11
gaussian,1150,0.044287502025771384,0.04230769230769231,1000,11
gaussian,1160,0.049934919317624483,0.04230769230769231,1000,11
gaussian,1170,0.042315768450929096,0.04230769230769231,1000,11
gaussian,1180,0.04914590463055834,0.04230769230769231,1000,11
gaussian,1190,0.040642657763398815,0.04230769230769231,1000,11
gaussian,1200,0.037887655352240396,0.04230769230769231,1000,11
gaussian,1210,0.045651701829640595,0.04230769230769231,1000,11
gaussian,1220,0.04758509971789395,0.04230769230769231,1000,11
gaussian,1230,0.04209206037424042,0.04230769230769231,1000,11
gaussian,1240,0.04032416942095172,0.04230769230769231,1000,11
gaussian,1250,0.02996328648069739,0.04230769230769231,1000,11
gaussian,1260,0.03699017227482995,0.04230769230769231,1000,11
gaussian,1270,0.03801617837534747,0.04230769230769231,1000,11
gaussian,1280,0.04855520027966827,0.04230769230769231,1000,11
gaussian,1290,0.03187030062661344,0.04230769230769231,1000,11
gaussian,1300,0.0460764154724534,0.04230769230769231,1000,11
gaussian,1310,0.044212407331474864,0.04230769230769231,1000,11
gaussian,1320,0.04569638676933042,0.04230769230769231,1000,11
gaussian,1330,0.041652818830881864,0.04230769230769231,1000,11
gaussian,1340,0.041774245553778906,0.04230769230769231,1000,11
gaussian,1350,0.04044607020701393,0.04230769230769231,1000,11
gaussian,1360,0.036339044115525986,0.04230769230769231,1000,11
gaussian,1370,0.043048037566286675,0.04230769230769231,1000,11
gaussian,1380,0.03820436256340929,0.04230769230769231,1000,11
gaussian,1390,0.04382815803198258,0.04230769230769231,1000,11
gaussian,1400,0.04409458050434801,0.04230769230769231,1000,11
gaussian,1410,0.051264020501289066,0.04230769230769231,1000,11
gaussian,1420,0.04288684545980864,0.04230769230769231,1000,11
gaussian,1430,0.04107087338657412,0.04230769230769231,1000,11
gaussian,1440,0.04808131839201902,0.04230769230769231,1000,11
gaussian,1450,0.04121346969683716,0.04230769230769231,1000,11
gaussian,1460,0.038906507405974955,0.04230769230769231,1000,11
gaussian,1470,0.0393365858539347,0.04230769230769231,1000,11
gaussian,1480,0.05512061058000706,0.04230769230769231,1000,11
gaussian,1490,0.03508306822785323,0.04230769230769231,1000,11
gaussian,1500,0.04349513194790946,0.04230769230769231,1000,11
gaussian,1510,0.0381369952119983,0.04230769230769231,1000,11
gaussian,1520,0.05201946849557179,0.04230769230769231,1000,11
gaussian,1530,0.04450433737353487,0.04230769230769231,1000,11
gaussian,1540,0.053802318938194156,0.04230769230769231,1000,11
gaussian,1550,0.03555509045091385,0.04230769230769231,1000,11
gaussian,1560,0.0351784267955688,0.04230769230769231,1000,11
gaussian,1570,0.0492929272396683,0.04230769230769231,1000,11
gaussian,1580,0.0331832277794799,0.04230769230769231,1000,11
gaussian,1590,0.044979058221303374,0.04230769230769231,1000,11
gaussian,1600,0.04752442406756836,0.04230769230769231,1000,11
gaussian,10,0.03899693509759202,0.04230769230769231,1001,11
gaussian,20,0.058121608082669377,0.04230769230769231,1001,11
gaussian,30,0.030094976215776746,0.04230769230769231,1001,11
gaussian,40,0.037927325791574255,0.04230769230769231,1001,11
gaussian,50,0.04020430265071139,0.04230769230769231,1001,11
gaussian,60,0.03965073635540264,0.04230769230769231,1001,11
gaussian,70,0.04540670824598354,0.04230769230769231,1001,11
gaussian,80,0.04497105177267803,0.04230769230769231,1001,11
gaussian,90,0.048122706322660296,0.04230769230769231,1001,11
gaussian,100,0.0481097772045934,0.04230769230769231,1001,11
gaussian,110,0.044143324557093876,0.04230769230769231,1001,11
gaussian,120,0.04855796362452453,0.04230769230769231,1001,11
gaussian,130,0.03512522067018674,0.04230769230769231,1001,11
gaussian,140,0.04626723162191515,0.04230769230769231,1001,11
gaussian,150,0.04322367679261995,0.04230769230769231,1001,11
gaussian,160,0.04172791345899032,0.04230769230769231,1001,11
gaussian,170,0.04064092401474016,0.04230769230769231,1001,11
gaussian,180,0.033160976786019515,0.04230769230769231,1001,11
gaussian,190,0.041999248959717156,0.04230769230769231,1001,11
gaussian,200,0.0367790973812098,0.04230769230769231,1001,11
gaussian,210,0.03618376183530874,0.04230769230769231,1001,11
gaussian,220,0.04580364216586122,0.04230769230769231,1001,11
gaussian,230,0.04473985899512153,0.04230769230769231,1001,11
gaussian,240,0.04589395790735968,0.04230769230769231,1001,11
gaussian,250,0.05061411590646003,0.04230769230769231,1001,11
gaussian,260,0.0437094189133202,0.04230769230769231,1001,11
gaussian,270,0.03224307649440871,0.04230769230769231,1001,11
gaussian,280,0.043930384326376734,0.04230769230769231,1001,11
gaussian,290,0.03749959083547345,0.04230769230769231,1001,11
gaussian,300,0.040697350129056405,0.04230769230769231,1001,11
gaussian,310,0.059021475981202574,0.04230769230769231,1001,11
gaussian,320,0.04215928036913467,0.04230769230769231,1001,11
gaussian,330,0.03490398107022382,0.04230769230769231,1001,11
gaussian,340,0.03993559429893903,0.04230769230769231,1001,11
gaussian,350,0.039698967469234424,0.04230769230769231,1001,11
gaussian,360,0.03617612507679745,0.04230769230769231,1001,11
gaussian,370,0.047670292871378805,0.04230769230769231,1001,11
gaussian,380,0.043644325524421226,0.04230769230769231,1001,11
gaussian,390,0.04983006186110847,0.04230769230769231,1001,11
gaussian,400,0.05248796192898808,0.04230769230769231,1001,11
gaussian,410,0.04592642527041228,0.04230769230769231,1001,11
gaussian,420,0.037714685844321645,0.04230769230769231,1001,11
gaussian,430,0.04150843468916452,0.04230769230769231,1001,11
gaussian,440,0.04270278889220306,0.04230769230769231,1001,11
gaussian,450,0.036870166099695525,0.04230769230769231,1001,11
gaussian,460,0.043259476001801564,0.04230769230769231,1001,11
gaussian,470,0.04119955810715451,0.04230769230769231,1001,11
gaussian,480,0.03931471023773883,0.04230769230769231,1001,11
gaussian,490,0.03565990776246275,0.04230769230769231,1001,11
gaussian,500,0.03649493634184012,0.04230769230769231,1001,11
gaussian,510,0.05211619012482352,0.04230769230769231,1001,11
gaussian,520,0.04941568905420868,0.04230769230769231,1001,11
gaussian,530,0.0418965909627892,0.04230769230769231,1001,11
gaussian,540,0.03004198058350773,0.04230769230769231,1001,11
gaussian,550,0.03771227514964614,0.04230769230769231,1001,11
gaussian,560,0.03762699875413687,0.04230769230769231,1001,11
gaussian,570,0.043696594687979935,0.04230769230769231,1001,11
gaussian,580,0.04249605604157271,0.04230769230769231,1001,11
gaussian,590,0.03876686129301296,0.04230769230769231,1001,11
gaussian,600,0.04293914350834354,0.04230769230769231,1001,11
gaussian,610,0.04512801275751128,0.04230769230769231,1001,11
gaussian,620,0.04074770952873832,0.04230769230769231,1001,11
gaussian,630,0.0465203299193723,0.04230769230769231,1001,11
gaussian,640,0.04440258639054771,0.04230769230769231,1001,11
gaussian,650,0.03526813989610947,0.04230769230769231,1001,11
gaussian,660,0.03950630620362368,0.04230769230769231,1001,11
gaussian,670,0.0404468553895406,0.04230769230769231,1001,11
gaussian,680,0.04226879804799281,0.04230769230769231,1001,11
gaussian,690,0.04134276490892243,0.04230769230769231,1001,11
gaussian,700,0.03187732512219437,0.04230769230769231,1001,11
gaussian,710,0.04157591160798316,0.04230769230769231,1001,11
gaussian,720,0.036193412266425556,0.04230769230769231,1001,11
gaussian,730,0.039588252140338724,0.04230769230769231,1001,11
gaussian,740,0.05063220471157967,0.04230769230769231,1001,11
gaussian,750,0.037290265655830865,0.04230769230769231,1001,11
gaussian,760,0.05028229172770229,0.04230769230769231,1001,11
gaussian,770,0.03818002595856219,0.04230769230769231,1001,11
gaussian,780,0.04761169685563115,0.04230769230769231,1001,11
gaussian,790,0.04198723499959369,0.04230769230769231,1001,11
gaussian,800,0.03798767534279152,0.04230769230769231,1001,11
gaussian,810,0.04101997038030883,0.04230769230769231,1001,11
gaussian,820,0.04574569894475626,0.04230769230769231,1001,11
gaussian,830,0.034473229026587025,0.04230769230769231,1001,11
gaussian,840,0.04003543409363631,0.04230769230769231,1001,11
gaussian,850,0.03736723940629154,0.04230769230769231,1001,11
gaussian,860,0.042263193501784105,0.04230769230769231,1001,11
gaussian,870,0.033056798071087176,0.04230769230769231,1001,11
gaussian,880,0.04500353793840371,0.04230769230769231,1001,11
gaussian,890,0.04078641764172376,0.04230769230769231,1001,11
gaussian,900,0.041679903597219084,0.04230769230769231,1001,11
gaussian,910,0.040647842456074265,0.04230769230769231,1001,11
gaussian,920,0.03781465009465686,0.04230769230769231,1001,11
gaussian,930,0.047523752259713635,0.04230769230769231,1001,11
gaussian,940,0.04355671378298617,0.04230769230769231,1001,11
gaussian,950,0.039754773318675336,0.04230769230769231,1001,11
gaussian,960,0.04330328080925424,0.04230769230769231,1001,11
gaussian,970,0.040801457119675553,0.04230769230769231,1001,11
gaussian,980,0.046342851459633086,0.04230769230769231,1001,11
gaussian,990,0.05357881098995565,0.04230769230769231,1001,11
gaussian,1000,0.03060332124299291,0.04230769230769231,1001,11
gaussian,1010,0.0463156299045121,0.04230769230769231,1001,11
gaussian,1020,0.0377427739098287,0.04230769230769231,1001,11
gaussian,1030,0.03133812814838118,0.04230769230769231,1001,11
gaussian,1040,0.045561776701481656,0.04230769230769231,1001,11
gaussian,1050,0.036932703931653516,0.04230769230769231,1001,11
gaussian,1060,0.03754226737170638,0.04230769230769231,1001,11
gaussian,1070,0.035753457178688226,0.04230769230769231,1001,11
gaussian,1080,0.039533066457896324,0.04230769230769231,1001,11
gaussian,1090,0.04929573008035633,0.04230769230769231,1001,11
gaussian,1100,0.040670700400596276,0.04230769230769231,1001,11
gaussian,1110,0.04533179066871025,0.04230769230769231,1001,11
gaussian,1120,0.036256927695625725,0.04230769230769231,1001,11
gaussian,1130,0.03866275044061203,0.04230769230769231,1001,11
gaussian,1140,0.0362532560228744,0.04230769230769231,1001,11
gaussian,1150,0.04390675135157948,0.04230769230769231,1001,11
gaussian,1160,0.03439092651890018,0.04230769230769231,1001,11
gaussian,1170,0.04353479695065787,0.04230769230769231,1001,11
gaussian,1180,0.043242912992769535,0.04230769230769231,1001,11
gaussian,1190,0.03809010241525587,0.04230769230769231,1001,11
gaussian,1200,0.04051609698262222,0.04230769230769231,1001,11
gaussian,1210,0.04151781932041373,0.04230769230769231,1001,11
gaussian,1220,0.04779383487295636,0.04230769230769231,1001,11
gaussian,1230,0.047848377237231614,0.04230769230769231,1001,11
gaussian,1240,0.052161397631458245,0.04230769230769231,1001,11
gaussian,1250,0.034800408491090694,0.04230769230769231,1001,11
gaussian,1260,0.04736351814040531,0.04230769230769231,1001,11
gaussian,1270,0.03625149626170427,0.04230769230769231,1001,11
gaussian,1280,0.041639493913071264,0.04230769230769231,1001,11
gaussian,1290,0.04329945090359842,0.04230769230769231,1001,11
gaussian,1300,0.029043572131121118,0.04230769230769231,1001,11
gaussian,1310,0.03830078516790882,0.04230769230769231,1001,11
gaussian,1320,0.044052276783187634,0.04230769230769231,1001,11
gaussian,1330,0.03864686666059141,0.04230769230769231,1001,11
gaussian,1340,0.050554003850504466,0.04230769230769231,1001,11
gaussian,1350,0.04027331064435583,0.04230769230769231,1001,11
gaussian,1360,0.044313495853661976,0.04230769230769231,1001,11
gaussian,1370,0.03927177278733383,0.04230769230769231,1001,11
gaussian,1380,0.03748748413310451,0.04230769230769231,1001,11
gaussian,1390,0.04170157210076391,0.04230769230769231,1001,11
gaussian,1400,0.041104778521215024,0.04230769230769231,1001,11
gaussian,1410,0.046750199256754214,0.04230769230769231,1001,11
gaussian,1420,0.03400227973288687,0.04230769230769231,1001,11
gaussian,1430,0.04951458653495933,0.04230769230769231,1001,11
gaussian,1440,0.04698485918084277,0.04230769230769231,1001,11
gaussian,1450,0.04440366423333701,0.04230769230769231,1001,11
gaussian,1460,0.039454227793610165,0.04230769230769231,1001,11
gaussian,1470,0.04770636812878762,0.04230769230769231,1001,11
gaussian,1480,0.043865222016428125,0.04230769230769231,1001,11
gaussian,1490,0.046591898609433795,0.04230769230769231,1001,11
gaussian,1500,0.04040803612335446,0.04230769230769231,1001,11
gaussian,1510,0.03978005625091823,0.04230769230769231,1001,11
gaussian,1520,0.03953357898690296,0.04230769230769231,1001,11
gaussian,1530,0.04742585365904641,0.04230769230769231,1001,11
gaussian,1540,0.043288205639475275,0.04230769230769231,1001,11
gaussian,1550,0.05069831438140702,0.04230769230769231,1001,11
gaussian,1560,0.042294334515375294,0.04230769230769231,1001,11
gaussian,1570,0.050423838132500884,0.04230769230769231,1001,11
gaussian,1580,0.03748914212710818,0.04230769230769231,1001,11
gaussian,1590,0.046744643126138484,0.04230769230769231,1001,11
gaussian,1600,0.04117169042081204,0.04230769230769231,1001,11
gaussian,10,0.048127280872665386,0.04230769230769231,1002,11
gaussian,20,0.044383545973531134,0.04230769230769231,1002,11
gaussian,30,0.042283842661061416,0.04230769230769231,1002,11
gaussian,40,0.05236887425139842,0.04230769230769231,1002,11
gaussian,50,0.05134352752857945,0.04230769230769231,1002,11
gaussian,60,0.03947456828763355,0.04230769230769231,1002,11
gaussian,70,0.04161352958100984,0.04230769230769231,1002,11
gaussian,80,0.03838149325684336,0.04230769230769231,1002,11
gaussian,90,0.044466209324339305,0.04230769230769231,1002,11
gaussian,100,0.03609275325976141,0.04230769230769231,1002,11
gaussian,110,0.04076929630853558,0.04230769230769231,1002,11
gaussian,120,0.02994596374085605,0.04230769230769231,1002,11
gaussian,130,0.03589334137010006,0.04230769230769231,1002,11
gaussian,140,0.05311013097534964,0.04230769230769231,1002,11
gaussian,150,0.03368200062106368,0.04230769230769231,1002,11
gaussian,160,0.04321428071130487,0.04230769230769231,1002,11
gaussian,170,0.03331861730607047,0.04230769230769231,1002,11
gaussian,180,0.04072368906291932,0.04230769230769231,1002,11
gaussian,190,0.0365201995060725,0.04230769230769231,1002,11
gaussian,200,0.05201203764809125,0.04230769230769231,1002,11
gaussian,210,0.04867968496106903,0.04230769230769231,1002,11
gaussian,220,0.042676063284319436,0.04230769230769231,1002,11
gaussian,230,0.04510175013867593,0.04230769230769231,1002,11
gaussian,240,0.03987671788124276,0.04230769230769231,1002,11
gaussian,250,0.03521340019940318,0.04230769230769231,1002,11
gaussian,260,0.040598970135711586,0.04230769230769231,1002,11
gaussian,270,0.043366372837425414,0.04230769230769231,1002,11
gaussian,280,0.04020135502116303,0.04230769230769231,1002,11
gaussian,290,0.04025924731940577,0.04230769230769231,1002,11
gaussian,300,0.04287295986696596,0.04230769230769231,1002,11
gaussian,310,0.033969837529738194,0.04230769230769231,1002,11
gaussian,320,0.03941472254141231,0.04230769230769231,1002,11
gaussian,330,0.046382473708165665,0.04230769230769231,1002,11
gaussian,340,0.04599297812560901,0.04230769230769231,1002,11
gaussian,350,0.043955386004459245,0.04230769230769231,1002,11
gaussian,360,0.04710455085667111,0.04230769230769231,1002,11
gaussian,370,0.038834805990998665,0.04230769230769231,1002,11
gaussian,380,0.0488546123563816,0.04230769230769231,1002,11
gaussian,390,0.037195097557622216,0.04230769230769231,1002,11
gaussian,400,0.040750698036868926,0.04230769230769231,1002,11
gaussian,410,0.04599681934019489,0.04230769230769231,1002,11
gaussian,420,0.04330873858642019,0.04230769230769231,1002,11
gaussian,430,0.031280040567683326,0.04230769230769231,1002,11
gaussian,440,0.04688066617834958,0.04230769230769231,1002,11
gaussian,450,0.03243158968920357,0.04230769230769231,1002,11
gaussian,460,0.044472146376941385,0.04230769230769231,1002,11
gaussian,470,0.032323973527101806,0.04230769230769231,1002,11
gaussian,480,0.046341689251280675,0.04230769230769231,1002,11
gaussian,490,0.04125402369625218,0.04230769230769231,1002,11
gaussian,500,0.04240323183339574,0.04230769230769231,1002,11
gaussian,510,0.04995939252903304,0.04230769230769231,1002,11
gaussian,520,0.04630962451258689,0.04230769230769231,1002,11
gaussian,530,0.04407839105449646,0.04230769230769231,1002,11
gaussian,540,0.03639380470985526,0.04230769230769231,1002,11
gaussian,550,0.04594043794659488,0.04230769230769231,1002,11
gaussian,560,0.04961853958012272,0.04230769230769231,1002,11
gaussian,570,0.05017428911639046,0.04230769230769231,1002,11
gaussian,580,0.03759832801208284,0.04230769230769231,1002,11
gaussian,590,0.0410565070636627,0.04230769230769231,1002,11
gaussian,600,0.047255672837280854,0.04230769230769231,1002,11
gaussian,610,0.04524912875989196,0.04230769230769231,1002,11
gaussian,620,0.04044905291203289,0.04230769230769231,1002,11
gaussian,630,0.03448441192502905,0.04230769230769231,1002,11
gaussian,640,0.038513953426208274,0.04230769230769231,1002,11
gaussian,650,0.03641298975558706,0.04230769230769231,1002,11
gaussian,660,0.04138083192945621,0.04230769230769231,1002,11
gaussian,670,0.03929093933222166,0.04230769230769231,1002,11
gaussian,680,0.042228882577397535,0.04230769230769231,1002,11
gaussian,690,0.04344826204324388,0.04230769230769231,1002,11
gaussian,700,0.03058983123221308,0.04230769230769231,1002,11
gaussian,710,0.0403464185909238,0.04230769230769231,1002,11
gaussian,720,0.04265470643157263,0.04230769230769231,1002,11
gaussian,730,0.04028995376960213,0.04230769230769231,1002,11
gaussian,740,0.03465045390394433,0.04230769230769231,1002,11
gaussian,750,0.04590798595539054,0.04230769230769231,1002,11
gaussian,760,0.03233688883706459,0.04230769230769231,1002,11
gaussian,770,0.04246027506242859,0.04230769230769231,1002,11
gaussian,780,0.03866871643865373,0.04230769230769231,1002,11
gaussian,790,0.0403640101030068,0.04230769230769231,1002,11
gaussian,800,0.03711526345972751,0.04230769230769231,1002,11
gaussian,810,0.05578635406162516,0.04230769230769231,1002,11
gaussian,820,0.035512555234296514,0.04230769230769231,1002,11
gaussian,830,0.04348492373183394,0.04230769230769231,1002,11
gaussian,840,0.04541517697724984,0.04230769230769231,1002,11
gaussian,850,0.03959425098074956,0.04230769230769231,1002,11
gaussian,860,0.04089599806543838,0.04230769230769231,1002,11
gaussian,870,0.04443413296026022,0.04230769230769231,1002,11
gaussian,880,0.03410321462505557,0.04230769230769231,1002,11
gaussian,890,0.04664084320325282,0.04230769230769231,1002,11
gaussian,900,0.04316031562275653,0.04230769230769231,1002,11
gaussian,910,0.03462290239398895,0.04230769230769231,1002,11
gaussian,920,0.03247264534497802,0.04230769230769231,1002,11
gaussian,930,0.041758169144533425,0.04230769230769231,1002,11
gaussian,940,0.0565857953159671,0.04230769230769231,1002,11
gaussian,950,0.045168618345156834,0.04230769230769231,1002,11
gaussian,960,0.04339844894703963,0.04230769230769231,1002,11
gaussian,970,0.04764326484414976,0.04230769230769231,1002,11
gaussian,980,0.03975860548279065,0.04230769230769231,1002,11
gaussian,990,0.0456225858761773,0.04230769230769231,1002,11
gaussian,1000,0.04519364754635335,0.04230769230769231,1002,11
gaussian,1010,0.04668358718619028,0.04230769230769231,1002,11
gaussian,1020,0.058186357041651954,0.04230769230769231,1002,11
gaussian,1030,0.03761496193847036,0.04230769230769231,1002,11
gaussian,1040,0.04516894384429803,0.04230769230769231,1002,11
gaussian,1050,0.03282812119301417,0.04230769230769231,1002,11
gaussian,1060,0.047196261217533196,0.04230769230769231,1002,11
gaussian,1070,0.05143208144837517,0.04230769230769231,1002,11
gaussian,1080,0.03292575593004137,0.04230769230769231,1002,11
gaussian,1090,0.03449538621576423,0.04230769230769231,1002,11
gaussian,1100,0.047247605371562966,0.04230769230769231,1002,11
gaussian,1110,0.03883586597360706,0.04230769230769231,1002,11
gaussian,1120,0.03801629115056486,0.04230769230769231,1002,11
gaussian,1130,0.03450240017448789,0.04230769230769231,1002,11
gaussian,1140,0.0374255007198684,0.04230769230769231,1002,11
gaussian,1150,0.04435974262027143,0.04230769230769231,1002,11
gaussian,1160,0.050333684539910245,0.04230769230769231,1002,11
gaussian,1170,0.03608521380306562,0.04230769230769231,1002,11
gaussian,1180,0.03964807546972387,0.04230769230769231,1002,11
gaussian,1190,0.0400125643804203,0.04230769230769231,1002,11
gaussian,1200,0.038982566269431945,0.04230769230769231,1002,11
gaussian,1210,0.04228519496153249,0.04230769230769231,1002,11
gaussian,1220,0.045198668961194975,0.04230769230769231,1002,11
gaussian,1230,0.04793858760052581,0.04230769230769231,1002,11
gaussian,1240,0.042477437397621505,0.04230769230769231,1002,11
gaussian,1250,0.041810544454898284,0.04230769230769231,1002,11
gaussian,1260,0.04439446011041667,0.04230769230769231,1002,11
gaussian,1270,0.04389463069682636,0.04230769230769231,1002,11
gaussian,1280,0.04309754957098991,0.04230769230769231,1002,11
gaussian,1290,0.03826480500294027,0.04230769230769231,1002,11
gaussian,1300,0.04863659752802827,0.04230769230769231,1002,11
gaussian,1310,0.0469265556113116,0.04230769230769231,1002,11
gaussian,1320,0.0461115117118275,0.04230769230769231,1002,11
gaussian,1330,0.049599697931231354,0.04230769230769231,1002,11
gaussian,1340,0.05298832658050097,0.04230769230769231,1002,11
gaussian,1350,0.04447225025621999,0.04230769230769231,1002,11
gaussian,1360,0.0416739652807532,0.04230769230769231,1002,11
gaussian,1370,0.045420437594193,0.04230769230769231,1002,11
gaussian,1380,0.04034867583281743,0.04230769230769231,1002,11
gaussian,1390,0.041051421266029314,0.04230769230769231,1002,11
gaussian,1400,0.05207474558802758,0.04230769230769231,1002,11
gaussian,1410,0.04806784024993951,0.04230769230769231,1002,11
gaussian,1420,0.05766584305715338,0.04230769230769231,1002,11
gaussian,1430,0.05390369457387878,0.04230769230769231,1002,11
gaussian,1440,0.04044578313548915,0.04230769230769231,1002,11
gaussian,1450,0.05784457805098012,0.04230769230769231,1002,11
gaussian,1460,0.04893240494999595,0.04230769230769231,1002,11
gaussian,1470,0.033375726345959984,0.04230769230769231,1002,11
gaussian,1480,0.04840858890166438,0.04230769230769231,1002,11
gaussian,1490,0.04704031571847947,0.04230769230769231,1002,11
gaussian,1500,0.04554020656572134,0.04230769230769231,1002,11
gaussian,1510,0.03899622332550761,0.04230769230769231,1002,11
gaussian,1520,0.04319178499416051,0.04230769230769231,1002,11
gaussian,1530,0.054803027527699014,0.04230769230769231,1002,11
gaussian,1540,0.045108742850914256,0.04230769230769231,1002,11
gaussian,1550,0.04421416776734364,0.04230769230769231,1002,11
gaussian,1560,0.03964097016510781,0.04230769230769231,1002,11
gaussian,1570,0.03823133257406999,0.04230769230769231,1002,11
gaussian,1580,0.04165701581349246,0.04230769230769231,1002,11
gaussian,1590,0.046489688189011454,0.04230769230769231,1002,11
gaussian,1600,0.04218035100415088,0.04230769230769231,1002,11
gaussian,10,0.05235297457603593,0.04230769230769231,1003,11
gaussian,20,0.030926888137243747,0.04230769230769231,1003,11
gaussian,30,0.04324925800145329,0.04230769230769231,1003,11
gaussian,40,0.04596651374960223,0.04230769230769231,1003,11
gaussian,50,0.043951191285402987,0.04230769230769231,1003,11
gaussian,60,0.04088033338704184,0.04230769230769231,1003,11
gaussian,70,0.04671314492862245,0.04230769230769231,1003,11
gaussian,80,0.04410933256631527,0.04230769230769231,1003,11
gaussian,90,0.05437414147290372,0.04230769230769231,1003,11
gaussian,100,0.03702224816733903,0.04230769230769231,1003,11
gaussian,110,0.037219279369232895,0.04230769230769231,1003,11
gaussian,120,0.045647882470307974,0.04230769230769231,1003,11
gaussian,130,0.03843510715542012,0.04230769230769231,1003,11
gaussian,140,0.032078010777268066,0.04230769230769231,1003,11
gaussian,150,0.041921511450474194,0.04230769230769231,1003,11
gaussian,160,0.048105855361128436,0.04230769230769231,1003,11
gaussian,170,0.03716593488962677,0.04230769230769231,1003,11
gaussian,180,0.03226714539417749,0.04230769230769231,1003,11
gaussian,190,0.046877403494305914,0.04230769230769231,1003,11
gaussian,200,0.05074589219292469,0.04230769230769231,1003,11
gaussian,210,0.042460592212489184,0.04230769230769231,1003,11
gaussian,220,0.04168235457363532,0.04230769230769231,1003,11
gaussian,230,0.04635654357156985,0.04230769230769231,1003,11
gaussian,240,0.039418513131682084,0.04230769230769231,1003,11
gaussian,250,0.0394568638835066,0.04230769230769231,1003,11
gaussian,260,0.04426088253638957,0.04230769230769231,1003,11
gaussian,270,0.04254244267221981,0.04230769230769231,1003,11
gaussian,280,0.04112849049336195,0.04230769230769231,1003,11
gaussian,290,0.04268078140970511,0.04230769230769231,1003,11
gaussian,300,0.053942313939601,0.04230769230769231,1003,11
gaussian,310,0.05638870738676187,0.04230769230769231,1003,11
gaussian,320,0.04801552221367023,0.04230769230769231,1003,11
gaussian,330,0.034256330780657124,0.04230769230769231,1003,11
gaussian,340,0.03533720043065277,0.04230769230769231,1003,11
gaussian,350,0.039740945525194644,0.04230769230769231,1003,11
gaussian,360,0.0438793049142195,0.04230769230769231,1003,11
gaussian,370,0.05121483082537003,0.04230769230769231,1003,11
gaussian,380,0.04252715460012685,0.04230769230769231,1003,11
gaussian,390,0.03448237922845667,0.04230769230769231,1003,11
gaussian,400,0.05607871002710749,0.04230769230769231,1003,11
gaussian,410,0.04518561695088004,0.04230769230769231,1003,11
gaussian,420,0.043627433056012674,0.04230769230769231,1003,11
gaussian,430,0.04495913124063215,0.04230769230769231,1003,11
gaussian,440,0.04907197015147716,0.04230769230769231,1003,11
gaussian,450,0.04160871477035797,0.04230769230769231,1003,11
gaussian,460,0.0374860196542042,0.04230769230769231,1003,11
gaussian,470,0.04617479209306157,0.04230769230769231,1003,11
gaussian,480,0.046634612511506475,0.04230769230769231,1003,11
gaussian,490,0.03906048976502909,0.04230769230769231,1003,11
gaussian,500,0.04831424315303658,0.04230769230769231,1003,11
gaussian,510,0.049475436175453795,0.04230769230769231,1003,11
gaussian,520,0.04734729845764952,0.04230769230769231,1003,11
gaussian,530,0.04909587284471761,0.04230769230769231,1003,11
gaussian,540,0.04114421470783522,0.04230769230769231,1003,11
gaussian,550,0.03636581041561534,0.04230769230769231,1003,11
gaussian,560,0.05865163631574111,0.04230769230769231,1003,11
gaussian,570,0.036304126106402206,0.04230769230769231,1003,11
gaussian,580,0.04343443094823027,0.04230769230769231,1003,11
gaussian,590,0.04426820405379004,0.04230769230769231,1003,11
gaussian,600,0.03572903848038247,0.04230769230769231,1003,11
gaussian,610,0.05090375489018175,0.04230769230769231,1003,11
gaussian,620,0.04335693725932896,0.04230769230769231,1003,11
gaussian,630,0.037213784807256296,0.04230769230769231,1003,11
gaussian,640,0.03831509883224601,0.04230769230769231,1003,11
gaussian,650,0.05352329666055967,0.04230769230769231,1003,11
gaussian,660,0.044802255400858644,0.04230769230769231,1003,11
gaussian,670,0.03893272247090663,0.04230769230769231,1003,11
gaussian,680,0.04011594656726366,0.04230769230769231,1003,11
gaussian,690,0.044893693613974515,0.04230769230769231,1003,11
gaussian,700,0.04797939317920876,0.04230769230769231,1003,11
gaussian,710,0.04026344945607587,0.04230769230769231,1003,11
gaussian,720,0.05221394110371708,0.04230769230769231,1003,11
gaussian,730,0.04194048573925931,0.04230769230769231,1003,11
gaussian,740,0.050635190611672605,0.04230769230769231,1003,11
gaussian,750,0.04104423814215086,0.04230769230769231,1003,11
gaussian,760,0.04339559454455795,0.04230769230769231,1003,11
gaussian,770,0.03648038514682784,0.04230769230769231,1003,11
gaussian,780,0.03798278374793373,0.04230769230769231,1003,11
gaussian,790,0.04166438508441683,0.04230769230769231,1003,11
gaussian,800,0.04209574338658798,0.04230769230769231,1003,11
gaussian,810,0.051105844569034026,0.04230769230769231,1003,11
gaussian,820,0.04345546447065158,0.04230769230769231,1003,11
gaussian,830,0.03545057414671365,0.04230769230769231,1003,11
gaussian,840,0.050526414632523206,0.04230769230769231,1003,11
gaussian,850,0.04759379507227249,0.04230769230769231,1003,11
gaussian,860,0.05148432252226336,0.04230769230769231,1003,11
gaussian,870,0.04142626615198477,0.04230769230769231,1003,11
gaussian,880,0.03863332465233315,0.04230769230769231,1003,11
gaussian,890,0.04486242902150441,0.04230769230769231,1003,11
gaussian,900,0.04646423646737555,0.04230769230769231,1003,11
gaussian,910,0.040595792859627826,0.04230769230769231,1003,11
gaussian,920,0.04558543074933548,0.04230769230769231,1003,11
gaussian,930,0.04442366268685519,0.04230769230769231,1003,11
gaussian,940,0.0342526036830281,0.04230769230769231,1003,11
gaussian,950,0.033005864653788165,0.04230769230769231,1003,11
gaussian,960,0.05781723891734766,0.04230769230769231,1003,11
gaussian,970,0.04014665691634368,0.04230769230769231,1003,11
gaussian,980,0.041407517712984815,0.04230769230769231,1003,11
gaussian,990,0.06026699533509323,0.04230769230769231,1003,11
gaussian,1000,0.04297489237771763,0.04230769230769231,1003,11
gaussian,1010,0.04942778384476578,0.04230769230769231,1003,11
gaussian,1020,0.040860598149015846,0.04230769230769231,1003,11
gaussian,1030,0.03132384070206551,0.04230769230769231,1003,11
gaussian,1040,0.04705413555745259,0.04230769230769231,1003,11
gaussian,1050,0.03874440915365962,0.04230769230769231,1003,11
gaussian,1060,0.03386114021370339,0.04230769230769231,1003,11
gaussian,1070,0.04474940446654228,0.04230769230769231,1003,11
gaussian,1080,0.04472068577827847,0.04230769230769231,1003,11
gaussian,1090,0.03946843589600102,0.04230769230769231,1003,11
gaussian,1100,0.04048247291202768,0.04230769230769231,1003,11
gaussian,1110,0.035557105539709,0.04230769230769231,1003,11
gaussian,1120,0.027553187321514436,0.04230769230769231,1003,11
gaussian,1130,0.039410106366947535,0.04230769230769231,1003,11
gaussian,1140,0.05012629192824074,0.04230769230769231,1003,11
gaussian,1150,0.03661153474761994,0.04230769230769231,1003,11
gaussian,1160,0.03403993903389993,0.04230769230769231,1003,11
gaussian,1170,0.031178454275684452,0.04230769230769231,1003,11
gaussian,1180,0.04176490707695892,0.04230769230769231,1003,11
gaussian,1190,0.04894734453484618,0.04230769230769231,1003,11
gaussian,1200,0.04163405278229799,0.04230769230769231,1003,11
gaussian,1210,0.047698713613791736,0.04230769230769231,1003,11
gaussian,1220,0.04636371128679284,0.04230769230769231,1003,11
gaussian,1230,0.04540874401161416,0.04230769230769231,1003,11
gaussian,1240,0.042560858379694554,0.04230769230769231,1003,11
gaussian,1250,0.040548945552362596,0.04230769230769231,1003,11
gaussian,1260,0.03865425058274865,0.04230769230769231,1003,11
gaussian,1270,0.04024968459708884,0.04230769230769231,1003,11
gaussian,1280,0.03498645373298249,0.04230769230769231,1003,11
gaussian,1290,0.049006865409578076,0.04230769230769231,1003,11
gaussian,1300,0.049241439068729576,0.04230769230769231,1003,11
gaussian,1310,0.049024792640776506,0.04230769230769231,1003,11
gaussian,1320,0.04985754437619164,0.04230769230769231,1003,11
gaussian,1330,0.04064308608241839,0.04230769230769231,1003,11
gaussian,1340,0.04578617013513631,0.04230769230769231,1003,11
gaussian,1350,0.04027053143946798,0.04230769230769231,1003,11
gaussian,1360,0.046534879496188536,0.04230769230769231,1003,11
gaussian,1370,0.043177250560932794,0.04230769230769231,1003,11
gaussian,1380,0.04998434139004471,0.04230769230769231,1003,11
gaussian,1390,0.03564436578162485,0.04230769230769231,1003,11
gaussian,1400,0.03831560619751261,0.04230769230769231,1003,11
gaussian,1410,0.04773989064632351,0.04230769230769231,1003,11
gaussian,1420,0.03971536740220041,0.04230769230769231,1003,11
gaussian,1430,0.04771217655620188,0.04230769230769231,1003,11
gaussian,1440,0.04570674775091938,0.04230769230769231,1003,11
gaussian,1450,0.04104916326424648,0.04230769230769231,1003,11
gaussian,1460,0.042950399553006516,0.04230769230769231,1003,11
gaussian,1470,0.03650536260183262,0.04230769230769231,1003,11
gaussian,1480,0.0390702135502162,0.04230769230769231,1003,11
gaussian,1490,0.044242985154548525,0.04230769230769231,1003,11
gaussian,1500,0.03251801145592618,0.04230769230769231,1003,11
gaussian,1510,0.04339839702894275,0.04230769230769231,1003,11
gaussian,1520,0.038534684146951076,0.04230769230769231,1003,11
gaussian,1530,0.0412015876621537,0.04230769230769231,1003,11
gaussian,1540,0.04502966137824709,0.04230769230769231,1003,11
gaussian,1550,0.045988426481275255,0.04230769230769231,1003,11
gaussian,1560,0.05522622132433934,0.04230769230769231,1003,11
gaussian,1570,0.036763928118772445,0.04230769230769231,1003,11
gaussian,1580,0.05083474885682388,0.04230769230769231,1003,11
gaussian,1590,0.055095502099391645,0.04230769230769231,1003,11
gaussian,1600,0.04503415695894752,0.04230769230769231,1003,11
gaussian,10,0.04643736418104293,0.04230769230769231,1004,11
gaussian,20,0.041942139886649216,0.04230769230769231,1004,11
gaussian,30,0.0486518599852207,0.04230769230769231,1004,11
gaussian,40,0.0388109737881482,0.04230769230769231,1004,11
gaussian,50,0.05247068308730913,0.04230769230769231,1004,11
gaussian,60,0.032559861953496354,0.04230769230769231,1004,11
gaussian,70,0.05196239474230969,0.04230769230769231,1004,11
gaussian,80,0.04262444553193109,0.04230769230769231,1004,11
gaussian,90,0.04397267491817942,0.04230769230769231,1004,11
gaussian,100,0.04546733216811629,0.04230769230769231,1004,11
gaussian,110,0.04765577403907209,0.04230769230769231,1004,11
gaussian,120,0.045336176922821776,0.04230769230769231,1004,11
gaussian,130,0.051136748063440436,0.04230769230769231,1004,11
gaussian,140,0.056567524177287914,0.04230769230769231,1004,11
gaussian,150,0.045255990884411616,0.04230769230769231,1004,11
gaussian,160,0.0414691954742253,0.04230769230769231,1004,11
gaussian,170,0.04206782313402349,0.04230769230769231,1004,11
gaussian,180,0.048338666607662506,0.04230769230769231,1004,11
gaussian,190,0.04261539952268072,0.04230769230769231,1004,11
gaussian,200,0.03964338676750066,0.04230769230769231,1004,11
gaussian,210,0.04722802196689346,0.04230769230769231,1004,11
gaussian,220,0.0422287789394431,0.04230769230769231,1004,11
gaussian,230,0.035927714053464406,0.04230769230769231,1004,11
gaussian,240,0.0481328603342432,0.04230769230769231,1004,11
gaussian,250,0.05130607246176819,0.04230769230769231,1004,11
gaussian,260,0.04396602733187439,0.04230769230769231,1004,11
gaussian,270,0.047025436782592786,0.04230769230769231,1004,11
gaussian,280,0.03577333187762692,0.04230769230769231,1004,11
gaussian,290,0.04852313974140115,0.04230769230769231,1004,11
gaussian,300,0.04346067193037843,0.04230769230769231,1004,11
gaussian,310,0.041240320306708475,0.04230769230769231,1004,11
gaussian,320,0.03821588756791957,0.04230769230769231,1004,11
gaussian,330,0.03809594134769298,0.04230769230769231,1004,11
gaussian,340,0.03639984637232274,0.04230769230769231,1004,11
gaussian,350,0.058369599323737156,0.04230769230769231,1004,11
gaussian,360,0.04845537940911331,0.04230769230769231,1004,11
gaussian,370,0.03764205383828246,0.04230769230769231,1004,11
gaussian,380,0.028613714796629688,0.04230769230769231,1004,11
gaussian,390,0.03781755912908386,0.04230769230769231,1004,11
gaussian,400,0.030036960366930265,0.04230769230769231,1004,11
gaussian,410,0.04879428351630319,0.04230769230769231,1004,11
gaussian,420,0.04359779676850552,0.04230769230769231,1004,11
gaussian,430,0.040291838514635386,0.04230769230769231,1004,11
gaussian,440,0.040927873158647606,0.04230769230769231,1004,11
gaussian,450,0.04180756886158703,0.04230769230769231,1004,11
gaussian,460,0.04761350563147632,0.04230769230769231,1004,11
gaussian,470,0.04268658363602568,0.04230769230769231,1004,11
gaussian,480,0.041307725650993415,0.04230769230769231,1004,11
gaussian,490,0.04412201704231647,0.04230769230769231,1004,11
gaussian,500,0.04135863837577189,0.04230769230769231,1004,11
gaussian,510,0.03202755344429357,0.04230769230769231,1004,11
gaussian,520,0.03520246118529312,0.04230769230769231,1004,11
gaussian,530,0.041209991520658476,0.04230769230769231,1004,11
gaussian,540,0.04725874395916292,0.04230769230769231,1004,11
gaussian,550,0.04407967204943129,0.04230769230769231,1004,11
gaussian,560,0.045189473488040505,0.04230769230769231,1004,11
gaussian,570,0.030628368830765588,0.04230769230769231,1004,11
gaussian,580,0.039843800527472294,0.04230769230769231,1004,11
gaussian,590,0.043667211511020404,0.04230769230769231,1004,11
gaussian,600,0.04260194999893456,0.04230769230769231,1004,11
gaussian,610,0.037753860848896176,0.04230769230769231,1004,11
gaussian,620,0.042586138138442205,0.04230769230769231,1004,11
gaussian,630,0.04008097458089233,0.04230769230769231,1004,11
gaussian,640,0.04822676148001512,0.04230769230769231,1004,11
gaussian,650,0.03827257898817585,0.04230769230769231,1004,11
gaussian,660,0.04729525366077085,0.04230769230769231,1004,11
gaussian,670,0.04133436076995671,0.04230769230769231,1004,11
gaussian,680,0.03529095742615912,0.04230769230769231,1004,11
gaussian,690,0.056221245269511805,0.04230769230769231,1004,11
gaussian,700,0.04570843196809082,0.04230769230769231,1004,11
gaussian,710,0.039506631870196214,0.04230769230769231,1004,11
gaussian,720,0.038469184312334086,0.04230769230769231,1004,11
gaussian,730,0.03990624580406861,0.04230769230769231,1004,11
gaussian,740,0.047121778551123567,0.04230769230769231,1004,11
gaussian,750,0.039308334477085,0.04230769230769231,1004,11
gaussian,760,0.04529869263304314,0.04230769230769231,1004,11
gaussian,770,0.04191073793186751,0.04230769230769231,1004,11
gaussian,780,0.03925431797828451,0.04230769230769231,1004,11
gaussian,790,0.03280399778947136,0.04230769230769231,1004,11
gaussian,800,0.03643030387162766,0.04230769230769231,1004,11
gaussian,810,0.038247205047461874,0.04230769230769231,1004,11
gaussian,820,0.046882572093039344,0.04230769230769231,1004,11
gaussian,830,0.05069580846472821,0.04230769230769231,1004,11
gaussian,840,0.038570940664138464,0.04230769230769231,1004,11
gaussian,850,0.04373304488328296,0.04230769230769231,1004,11
gaussian,860,0.04609837446762972,0.04230769230769231,1004,11
gaussian,870,0.040685595390339856,0.04230769230769231,1004,11
gaussian,880,0.032072096996160745,0.04230769230769231,1004,11
gaussian,890,0.04033158129507331,0.04230769230769231,1004,11
gaussian,900,0.04229199177697637,0.04230769230769231,1004,11
gaussian,910,0.04079274331502444,0.04230769230769231,1004,11
gaussian,920,0.04074575467172379,0.04230769230769231,1004,11
gaussian,930,0.04159290858464083,0.04230769230769231,1004,11
gaussian,940,0.03617840810383335,0.04230769230769231,1004,11
gaussian,950,0.03132346870369378,0.04230769230769231,1004,11
gaussian,960,0.05589843651274026,0.04230769230769231,1004,11
gaussian,970,0.03720668888446697,0.04230769230769231,1004,11
gaussian,980,0.03777757024005393,0.04230769230769231,1004,11
gaussian,990,0.04552149500975416,0.04230769230769231,1004,11
gaussian,1000,0.03397372805899743,0.04230769230769231,1004,11
gaussian,1010,0.04128830050147528,0.04230769230769231,1004,11
gaussian,1020,0.03723668516002266,0.04230769230769231,1004,11
gaussian,1030,0.04960868052431455,0.04230769230769231,1004,11
gaussian,1040,0.0390079453116191,0.04230769230769231,1004,11
gaussian,1050,0.041927711239346216,0.04230769230769231,1004,11
gaussian,1060,0.04805308743149166,0.04230769230769231,1004,11
gaussian,1070,0.04077267061056622,0.04230769230769231,1004,11
gaussian,1080,0.04364132231210976,0.04230769230769231,1004,11
gaussian,1090,0.04519316949117849,0.04230769230769231,1004,11
gaussian,1100,0.03870823068634113,0.04230769230769231,1004,11
gaussian,1110,0.051222060254212935,0.04230769230769231,1004,11
gaussian,1120,0.03554250206990769,0.04230769230769231,1004,11
gaussian,1130,0.037734117643019385,0.04230769230769231,1004,11
gaussian,1140,0.050131926672651754,0.04230769230769231,1004,11
gaussian,1150,0.0474497204006113,0.04230769230769231,1004,11
gaussian,1160,0.04453685872245827,0.04230769230769231,1004,11
gaussian,1170,0.049490793219901415,0.04230769230769231,1004,11
gaussian,1180,0.050546579988842794,0.04230769230769231,1004,11
gaussian,1190,0.037211673679783557,0.04230769230769231,1004,11
gaussian,1200,0.036738466640163864,0.04230769230769231,1004,11
gaussian,1210,0.03245034775176204,0.04230769230769231,1004,11
gaussian,1220,0.04758223022675354,0.04230769230769231,1004,11
gaussian,1230,0.037416336612262825,0.04230769230769231,1004,11
gaussian,1240,0.03504759621606854,0.04230769230769231,1004,11
gaussian,1250,0.04282119139576976,0.04230769230769231,1004,11
gaussian,1260,0.04181631132532305,0.04230769230769231,1004,11
gaussian,1270,0.04992922050963662,0.04230769230769231,1004,11
gaussian,1280,0.03134874021354101,0.04230769230769231,1004,11
gaussian,1290,0.03350903012075523,0.04230769230769231,1004,11
gaussian,1300,0.047823293394326734,0.04230769230769231,1004,11
gaussian,1310,0.04061011788501045,0.04230769230769231,1004,11
gaussian,1320,0.04921870819161978,0.04230769230769231,1004,11
gaussian,1330,0.04728860369924746,0.04230769230769231,1004,11
gaussian,1340,0.04501378803077413,0.04230769230769231,1004,11
gaussian,1350,0.044773832007041485,0.04230769230769231,1004,11
gaussian,1360,0.04017887803961093,0.04230769230769231,1004,11
gaussian,1370,0.04624610696091998,0.04230769230769231,1004,11
gaussian,1380,0.05288620058480738,0.04230769230769231,1004,11
gaussian,1390,0.03185200667308697,0.04230769230769231,1004,11
gaussian,1400,0.04418463582930414,0.04230769230769231,1004,11
gaussian,1410,0.04145044838208014,0.04230769230769231,1004,11
gaussian,1420,0.05616760975484106,0.04230769230769231,1004,11
gaussian,1430,0.04077624024076525,0.04230769230769231,1004,11
gaussian,1440,0.03621141984642528,0.04230769230769231,1004,11
gaussian,1450,0.031070612117404504,0.04230769230769231,1004,11
gaussian,1460,0.043476235942787614,0.04230769230769231,1004,11
gaussian,1470,0.036737703914162194,0.04230769230769231,1004,11
gaussian,1480,0.046945557519146974,0.04230769230769231,1004,11
gaussian,1490,0.04166879518846379,0.04230769230769231,1004,11
gaussian,1500,0.051469332749910904,0.04230769230769231,1004,11
gaussian,1510,0.04763702987874561,0.04230769230769231,1004,11
gaussian,1520,0.050003732844553346,0.04230769230769231,1004,11
gaussian,1530,0.030409014790229148,0.04230769230769231,1004,11
gaussian,1540,0.043124192876169073,0.04230769230769231,1004,11
gaussian,1550,0.03837826242205748,0.04230769230769231,1004,11
gaussian,1560,0.05882653853006707,0.04230769230769231,1004,11
gaussian,1570,0.041476730109089484,0.04230769230769231,1004,11
gaussian,1580,0.03822049949650531,0.04230769230769231,1004,11
gaussian,1590,0.036812210911235974,0.04230769230769231,1004,11
gaussian,1600,0.04324728186131954,0.04230769230769231,1004,11
gaussian,10,0.04771625621129641,0.04230769230769231,1005,11
gaussian,20,0.04246390715708617,0.04230769230769231,1005,11
gaussian,30,0.04532534180632809,0.04230769230769231,1005,11
gaussian,40,0.04544660336522058,0.04230769230769231,1005,11
gaussian,50,0.04191108162109152,0.04230769230769231,1005,11
gaussian,60,0.0441721966215195,0.04230769230769231,1005,11
gaussian,70,0.0472528508665482,0.04230769230769231,1005,11
gaussian,80,0.040185039501276706,0.04230769230769231,1005,11
gaussian,90,0.0426757055966657,0.04230769230769231,1005,11
gaussian,100,0.04840330320263993,0.04230769230769231,1005,11
gaussian,110,0.0363058028693191,0.04230769230769231,1005,11
gaussian,120,0.047147773034214475,0.04230769230769231,1005,11
gaussian,130,0.05523602004850918,0.04230769230769231,1005,11
gaussian,140,0.035709106634636355,0.04230769230769231,1005,11
gaussian,150,0.044611685904534175,0.04230769230769231,1005,11
gaussian,160,0.04045092103195807,0.04230769230769231,1005,11
gaussian,170,0.04688142894506882,0.04230769230769231,1005,11
gaussian,180,0.041044709576882936,0.04230769230769231,1005,11
gaussian,190,0.04846900409214667,0.04230769230769231,1005,11
gaussian,200,0.0432201458601275,0.04230769230769231,1005,11
gaussian,210,0.0410778979126717,0.04230769230769231,1005,11
gaussian,220,0.04164368231210721,0.04230769230769231,1005,11
gaussian,230,0.045538337171030126,0.04230769230769231,1005,11
gaussian,240,0.03808678449023662,0.04230769230769231,1005,11
gaussian,250,0.03945803327659259,0.04230769230769231,1005,11
gaussian,260,0.041373634180236894,0.04230769230769231,1005,11
gaussian,270,0.03286629269721572,0.04230769230769231,1005,11
gaussian,280,0.04573288742062733,0.04230769230769231,1005,11
gaussian,290,0.04694681177662985,0.04230769230769231,1005,11
gaussian,300,0.04332737083016156,0.04230769230769231,1005,11
gaussian,310,0.041183916155537244,0.04230769230769231,1005,11
gaussian,320,0.06053715384149395,0.04230769230769231,1005,11
gaussian,330,0.04555390663449938,0.04230769230769231,1005,11
gaussian,340,0.04790861955288914,0.04230769230769231,1005,11
gaussian,350,0.03968346538452425,0.04230769230769231,1005,11
gaussian,360,0.03971141281441198,0.04230769230769231,1005,11
gaussian,370,0.038668461951072236,0.04230769230769231,1005,11
gaussian,380,0.04271830925448209,0.04230769230769231,1005,11
gaussian,390,0.0342467286351343,0.04230769230769231,1005,11
gaussian,400,0.04516262036378343,0.04230769230769231,1005,11
gaussian,410,0.04595008510540724,0.04230769230769231,1005,11
gaussian,420,0.05012486616319591,0.04230769230769231,1005,11
gaussian,430,0.03854452650886057,0.04230769230769231,1005,11
gaussian,440,0.043645501618762114,0.04230769230769231,1005,11
gaussian,450,0.04188554131880023,0.04230769230769231,1005,11
gaussian,460,0.034414052347231334,0.04230769230769231,1005,11
gaussian,470,0.04162846519407692,0.04230769230769231,1005,11
gaussian,480,0.04231433359141048,0.04230769230769231,1005,11
gaussian,490,0.05380127105907899,0.04230769230769231,1005,11
gaussian,500,0.04428271546943353,0.04230769230769231,1005,11
gaussian,510,0.04173459519268421,0.04230769230769231,1005,11
gaussian,520,0.04452185450970592,0.04230769230769231,1005,11
gaussian,530,0.040419948803351785,0.04230769230769231,1005,11
gaussian,540,0.048662177621586006,0.04230769230769231,1005,11
gaussian,550,0.052901728903107535,0.04230769230769231,1005,11
gaussian,560,0.04643230548540234,0.04230769230769231,1005,11
gaussian,570,0.04379427841050431,0.04230769230769231,1005,11
gaussian,580,0.04645351844901413,0.04230769230769231,1005,11
gaussian,590,0.040825504030506714,0.04230769230769231,1005,11
gaussian,600,0.03842935847792894,0.04230769230769231,1005,11
gaussian,610,0.041685810407749095,0.04230769230769231,1005,11
gaussian,620,0.03704073860106203,0.04230769230769231,1005,11
gaussian,630,0.0404579114089931,0.04230769230769231,1005,11
gaussian,640,0.046023589272843425,0.04230769230769231,1005,11
gaussian,650,0.053654633801828715,0.04230769230769231,1005,11
gaussian,660,0.03520089843875647,0.04230769230769231,1005,11
gaussian,670,0.04679036153528477,0.04230769230769231,1005,11
gaussian,680,0.035404921348197345,0.04230769230769231,1005,11
gaussian,690,0.04129688583531159,0.04230769230769231,1005,11
gaussian,700,0.04435500642626197,0.04230769230769231,1005,11
gaussian,710,0.0513326994442336,0.04230769230769231,1005,11
gaussian,720,0.04922143929548738,0.04230769230769231,1005,11
gaussian,730,0.048813889341628454,0.04230769230769231,1005,11
gaussian,740,0.04662821272253553,0.04230769230769231,1005,11
gaussian,750,0.0526535427764085,0.04230769230769231,1005,11
gaussian,760,0.045901258890886434,0.04230769230769231,1005,11
gaussian,770,0.04320639119334951,0.04230769230769231,1005,11
gaussian,780,0.04442454118394635,0.04230769230769231,1005,11
gaussian,790,0.03648743729732881,0.04230769230769231,1005,11
gaussian,800,0.03902322440293416,0.04230769230769231,1005,11
gaussian,810,0.04260125364067344,0.04230769230769231,1005,11
gaussian,820,0.04477079028343827,0.04230769230769231,1005,11
gaussian,830,0.04005174277032589,0.04230769230769231,1005,11
gaussian,840,0.035873977548501586,0.04230769230769231,1005,11
gaussian,850,0.039137861890307796,0.04230769230769231,1005,11
gaussian,860,0.03538498703260152,0.04230769230769231,1005,11
gaussian,870,0.045888651255671944,0.04230769230769231,1005,11
gaussian,880,0.03988898278999741,0.04230769230769231,1005,11
gaussian,890,0.04048632474092731,0.04230769230769231,1005,11
gaussian,900,0.031055315683120234,0.04230769230769231,1005,11
gaussian,910,0.03468569213828191,0.04230769230769231,1005,11
gaussian,920,0.03918562257366575,0.04230769230769231,1005,11
gaussian,930,0.03721897940201586,0.04230769230769231,1005,11
gaussian,940,0.02930666930118484,0.04230769230769231,1005,11
gaussian,950,0.04568538187615522,0.04230769230769231,1005,11
gaussian,960,0.03938590242728796,0.04230769230769231,1005,11
gaussian,970,0.031573199612512724,0.04230769230769231,1005,11
gaussian,980,0.0419282504384486,0.04230769230769231,1005,11
gaussian,990,0.045268606204649,0.04230769230769231,1005,11
gaussian,1000,0.03358123562287759,0.04230769230769231,1005,11
gaussian,1010,0.0393751951412081,0.04230769230769231,1005,11
gaussian,1020,0.03946267856933883,0.04230769230769231,1005,11
gaussian,1030,0.0387961539990964,0.04230769230769231,1005,11
gaussian,1040,0.04896788018318011,0.04230769230769231,1005,11
gaussian,1050,0.04455229713587549,0.04230769230769231,1005,11
gaussian,1060,0.03424120776480569,0.04230769230769231,1005,11
gaussian,1070,0.04231693885861293,0.04230769230769231,1005,11
gaussian,1080,0.04042466558847707,0.04230769230769231,1005,11
gaussian,1090,0.04629534863851436,0.04230769230769231,1005,11
gaussian,1100,0.03235954947379878,0.04230769230769231,1005,11
gaussian,1110,0.045163588920840214,0.04230769230769231,1005,11
gaussian,1120,0.044185363961382354,0.04230769230769231,1005,11
gaussian,1130,0.05460419413264297,0.04230769230769231,1005,11
gaussian,1140,0.044782837398188495,0.04230769230769231,1005,11
gaussian,1150,0.040428261314894395,0.04230769230769231,1005,11
gaussian,1160,0.04211309408381329,0.04230769230769231,1005,11
gaussian,1170,0.050868107274131776,0.04230769230769231,1005,11
gaussian,1180,0.042603548673784394,0.04230769230769231,1005,11
gaussian,1190,0.038203984106180894,0.04230769230769231,1005,11
gaussian,1200,0.045940790014254225,0.04230769230769231,1005,11
gaussian,1210,0.04674625289209962,0.04230769230769231,1005,11
gaussian,1220,0.03305590276551707,0.04230769230769231,1005,11
gaussian,1230,0.03285454159116816,0.04230769230769231,1005,11
gaussian,1240,0.05167995758854005,0.04230769230769231,1005,11
gaussian,1250,0.03202202901419181,0.04230769230769231,1005,11
gaussian,1260,0.04031289275384886,0.04230769230769231,1005,11
gaussian,1270,0.04646245665125102,0.04230769230769231,1005,11
gaussian,1280,0.030811177048498003,0.04230769230769231,1005,11
gaussian,1290,0.04498718992422575,0.04230769230769231,1005,11
gaussian,1300,0.03506646912435146,0.04230769230769231,1005,11
gaussian,1310,0.03556498063332677,0.04230769230769231,1005,11
gaussian,1320,0.03726040401990541,0.04230769230769231,1005,11
gaussian,1330,0.04748803914563291,0.04230769230769231,1005,11
gaussian,1340,0.051700220001471585,0.04230769230769231,1005,11
gaussian,1350,0.040314964133854735,0.04230769230769231,1005,11
gaussian,1360,0.03533202947258445,0.04230769230769231,1005,11
gaussian,1370,0.04819745342765242,0.04230769230769231,1005,11
gaussian,1380,0.04309076681601537,0.04230769230769231,1005,11
gaussian,1390,0.03677389750233358,0.04230769230769231,1005,11
gaussian,1400,0.04256279372733998,0.04230769230769231,1005,11
gaussian,1410,0.04633708038049471,0.04230769230769231,1005,11
gaussian,1420,0.053862449746979846,0.04230769230769231,1005,11
gaussian,1430,0.03728255498460088,0.04230769230769231,1005,11
gaussian,1440,0.05153228071421294,0.04230769230769231,1005,11
gaussian,1450,0.05096900488693328,0.04230769230769231,1005,11
gaussian,1460,0.06141717338488812,0.04230769230769231,1005,11
gaussian,1470,0.035620032880846815,0.04230769230769231,1005,11
gaussian,1480,0.04181712544196971,0.04230769230769231,1005,11
gaussian,1490,0.04130932446817026,0.04230769230769231,1005,11
gaussian,1500,0.035370547453864594,0.04230769230769231,1005,11
gaussian,1510,0.04058481966495999,0.04230769230769231,1005,11
gaussian,1520,0.03794496990145179,0.04230769230769231,1005,11
gaussian,1530,0.04709370818604586,0.04230769230769231,1005,11
gaussian,1540,0.04948711485790061,0.04230769230769231,1005,11
gaussian,1550,0.044474139395502446,0.04230769230769231,1005,11
gaussian,1560,0.04760678178816838,0.04230769230769231,1005,11
gaussian,1570,0.04307318712698069,0.04230769230769231,1005,11
gaussian,1580,0.036665126896203805,0.04230769230769231,1005,11
gaussian,1590,0.04497452691465982,0.04230769230769231,1005,11
gaussian,1600,0.037928731442425374,0.04230769230769231,1005,11
gaussian,10,0.0347011795576977,0.04230769230769231,1006,11
gaussian,20,0.032841080533867625,0.04230769230769231,1006,11
gaussian,30,0.047367833807604766,0.04230769230769231,1006,11
gaussian,40,0.039440530033769565,0.04230769230769231,1006,11
gaussian,50,0.04141566337602531,0.04230769230769231,1006,11
gaussian,60,0.03649616895332036,0.04230769230769231,1006,11
gaussian,70,0.04822580765138385,0.04230769230769231,1006,11
gaussian,80,0.0431124021854159,0.04230769230769231,1006,11
gaussian,90,0.033448928998696864,0.04230769230769231,1006,11
gaussian,100,0.03587349088159204,0.04230769230769231,1006,11
gaussian,110,0.04426266528953186,0.04230769230769231,1006,11
gaussian,120,0.038771078252375274,0.04230769230769231,1006,11
gaussian,130,0.03344111592438603,0.04230769230769231,1006,11
gaussian,140,0.043740114842225515,0.04230769230769231,1006,11
gaussian,150,0.029998936798743825,0.04230769230769231,1006,11
gaussian,160,0.041064643239104054,0.04230769230769231,1006,11
gaussian,170,0.035067357689555684,0.04230769230769231,1006,11
gaussian,180,0.04444612156251621,0.04230769230769231,1006,11
gaussian,190,0.03788954892905339,0.04230769230769231,1006,11
gaussian,200,0.044412758813237516,0.04230769230769231,1006,11
gaussian,210,0.035265647490401716,0.04230769230769231,1006,11
gaussian,220,0.03871743050391377,0.04230769230769231,1006,11
gaussian,230,0.04687615046398612,0.04230769230769231,1006,11
gaussian,240,0.03840686131884772,0.04230769230769231,1006,11
gaussian,250,0.040877433658380834,0.04230769230769231,1006,11
gaussian,260,0.04762844605162435,0.04230769230769231,1006,11
gaussian,270,0.04266506529690088,0.04230769230769231,1006,11
gaussian,280,0.03964127420602936,0.04230769230769231,1006,11
gaussian,290,0.039265201758673374,0.04230769230769231,1006,11
gaussian,300,0.04277169878263209,0.04230769230769231,1006,11
gaussian,310,0.03955634811389435,0.04230769230769231,1006,11
gaussian,320,0.035149877013498254,0.04230769230769231,1006,11
gaussian,330,0.031384146081982284,0.04230769230769231,1006,11
gaussian,340,0.04562844359457732,0.04230769230769231,1006,11
gaussian,350,0.04997830022710521,0.04230769230769231,1006,11
gaussian,360,0.040504503968883415,0.04230769230769231,1006,11
gaussian,370,0.047623058382289356,0.04230769230769231,1006,11
gaussian,380,0.05058275467025049,0.04230769230769231,1006,11
gaussian,390,0.0422160837505326,0.04230769230769231,1006,11
gaussian,400,0.03920090952446566,0.04230769230769231,1006,11
gaussian,410,0.046644594533381545,0.04230769230769231,1006,11
gaussian,420,0.033804089247318564,0.04230769230769231,1006,11
gaussian,430,0.03318796636367235,0.04230769230769231,1006,11
gaussian,440,0.039161675685564896,0.04230769230769231,1006,11
gaussian,450,0.04079949523806586,0.04230769230769231,1006,11
gaussian,460,0.05052086797418521,0.04230769230769231,1006,11
gaussian,470,0.041189771227735254,0.04230769230769231,1006,11
gaussian,480,0.039849764735894404,0.04230769230769231,1006,11
gaussian,490,0.0479062230836492,0.04230769230769231,1006,11
gaussian,500,0.0468759658370822,0.04230769230769231,1006,11
gaussian,510,0.042064820149095385,0.04230769230769231,1006,11
gaussian,520,0.03796182030344459,0.04230769230769231,1006,11
gaussian,530,0.05304106728248359,0.04230769230769231,1006,11
gaussian,540,0.04783488830803161,0.04230769230769231,1006,11
gaussian,550,0.03764651711683101,0.04230769230769231,1006,11
gaussian,560,0.04499863906094314,0.04230769230769231,1006,11
gaussian,570,0.042724752530061395,0.04230769230769231,1006,11
gaussian,580,0.0406413133971278,0.04230769230769231,1006,11
gaussian,590,0.03513083214531196,0.04230769230769231,1006,11
gaussian,600,0.03807355337177209,0.04230769230769231,1006,11
gaussian,610,0.04012248872209317,0.04230769230769231,1006,11
gaussian,620,0.04110061075754624,0.04230769230769231,1006,11
gaussian,630,0.03831380261472011,0.04230769230769231,1006,11
gaussian,640,0.03302400722314577,0.04230769230769231,1006,11
gaussian,650,0.03597764467208074,0.04230769230769231,1006,11
gaussian,660,0.047571159777533165,0.04230769230769231,1006,11
gaussian,670,0.04617896291897589,0.04230769230769231,1006,11
gaussian,680,0.03353876088620222,0.04230769230769231,1006,11
gaussian,690,0.037697115175918505,0.04230769230769231,1006,11
gaussian,700,0.04257695900361939,0.04230769230769231,1006,11
gaussian,710,0.044092214793361215,0.04230769230769231,1006,11
gaussian,720,0.03964676622824763,0.04230769230769231,1006,11
gaussian,730,0.05126975174033894,0.04230769230769231,1006,11
gaussian,740,0.04271954389786066,0.04230769230769231,1006,11
gaussian,750,0.04266016218735894,0.04230769230769231,1006,11
gaussian,760,0.04197529395338698,0.04230769230769231,1006,11
gaussian,770,0.04996680401137509,0.04230769230769231,1006,11
gaussian,780,0.048409245323547394,0.04230769230769231,1006,11
gaussian,790,0.036843689464120706,0.04230769230769231,1006,11
gaussian,800,0.03370152208700979,0.04230769230769231,1006,11
gaussian,810,0.04093973018493135,0.04230769230769231,1006,11
gaussian,820,0.03459727511878246,0.04230769230769231,1006,11
gaussian,830,0.043704637677345955,0.04230769230769231,1006,11
gaussian,840,0.04084229900665275,0.04230769230769231,1006,11
gaussian,850,0.03664832228706558,0.04230769230769231,1006,11
gaussian,860,0.04348015496087595,0.04230769230769231,1006,11
gaussian,870,0.04681587582848486,0.04230769230769231,1006,11
gaussian,880,0.036722498723760544,0.04230769230769231,1006,11
gaussian,890,0.03848171731082475,0.04230769230769231,1006,11
gaussian,900,0.04980985848658224,0.04230769230769231,1006,11
gaussian,910,0.03295232064754607,0.04230769230769231,1006,11
gaussian,920,0.040048942062066495,0.04230769230769231,1006,11
gaussian,930,0.041450178817992664,0.04230769230769231,1006,11
gaussian,940,0.041538720268528055,0.04230769230769231,1006,11
gaussian,950,0.05714284275990127,0.04230769230769231,1006,11
gaussian,960,0.051523550514319554,0.04230769230769231,1006,11
gaussian,970,0.03758935910372555,0.04230769230769231,1006,11
gaussian,980,0.03474767375987689,0.04230769230769231,1006,11
gaussian,990,0.03961074376998217,0.04230769230769231,1006,11
gaussian,1000,0.04276889528474697,0.04230769230769231,1006,11
gaussian,1010,0.038842979700733166,0.04230769230769231,1006,11
gaussian,1020,0.03554059720028881,0.04230769230769231,1006,11
gaussian,1030,0.04512462483144202,0.04230769230769231,1006,11
gaussian,1040,0.04519758675891958,0.04230769230769231,1006,11
gaussian,1050,0.044562994367866766,0.04230769230769231,1006,11
gaussian,1060,0.0420989717264359,0.04230769230769231,1006,11
gaussian,1070,0.05424991310049543,0.04230769230769231,1006,11
gaussian,1080,0.040795528550243536,0.04230769230769231,1006,11
gaussian,1090,0.041735859116529744,0.04230769230769231,1006,11
gaussian,1100,0.031130280121150954,0.04230769230769231,1006,11
gaussian,1110,0.058182793892586494,0.04230769230769231,1006,11
gaussian,1120,0.03820991184531033,0.04230769230769231,1006,11
gaussian,1130,0.04285946066003898,0.04230769230769231,1006,11
gaussian,1140,0.043500225229069295,0.04230769230769231,1006,11
gaussian,1150,0.04422565638548199,0.04230769230769231,1006,11
gaussian,1160,0.04587469509102342,0.04230769230769231,1006,11
gaussian,1170,0.036403767640871575,0.04230769230769231,1006,11
gaussian,1180,0.04053554444508513,0.04230769230769231,1006,11
gaussian,1190,0.04781271411947561,0.04230769230769231,1006,11
gaussian,1200,0.039738270967778766,0.04230769230769231,1006,11
gaussian,1210,0.0457176452269334,0.04230769230769231,1006,11
gaussian,1220,0.04223989172377512,0.04230769230769231,1006,11
gaussian,1230,0.038570191181715924,0.04230769230769231,1006,11
gaussian,1240,0.045947757797836414,0.04230769230769231,1006,11
gaussian,1250,0.04613367402375317,0.04230769230769231,1006,11
gaussian,1260,0.03406179226891886,0.04230769230769231,1006,11
gaussian,1270,0.04459598862712241,0.04230769230769231,1006,11
gaussian,1280,0.04516201835839992,0.04230769230769231,1006,11
gaussian,1290,0.04561811804542029,0.04230769230769231,1006,11
gaussian,1300,0.042865965905610766,0.04230769230769231,1006,11
gaussian,1310,0.03596138150331012,0.04230769230769231,1006,11
gaussian,1320,0.03065255668232565,0.04230769230769231,1006,11
gaussian,1330,0.04465517779210255,0.04230769230769231,1006,11
gaussian,1340,0.03398433070129526,0.04230769230769231,1006,11
gaussian,1350,0.0386139200870543,0.04230769230769231,1006,11
gaussian,1360,0.0450573807284464,0.04230769230769231,1006,11
gaussian,1370,0.04484014210188191,0.04230769230769231,1006,11
gaussian,1380,0.03767940004094906,0.04230769230769231,1006,11
gaussian,1390,0.0436477911472928,0.04230769230769231,1006,11
gaussian,1400,0.041552676013055664,0.04230769230769231,1006,11
gaussian,1410,0.042242126892829884,0.04230769230769231,1006,11
gaussian,1420,0.03828143977594101,0.04230769230769231,1006,11
gaussian,1430,0.03107554119521336,0.04230769230769231,1006,11
gaussian,1440,0.04447306948317383,0.04230769230769231,1006,11
gaussian,1450,0.04927985481802167,0.04230769230769231,1006,11
gaussian,1460,0.03505561708760873,0.04230769230769231,1006,11
gaussian,1470,0.042402342246297846,0.04230769230769231,1006,11
gaussian,1480,0.038252453749540165,0.04230769230769231,1006,11
gaussian,1490,0.03650687061475392,0.04230769230769231,1006,11
gaussian,1500,0.04112073357789128,0.04230769230769231,1006,11
gaussian,1510,0.042667626060456335,0.04230769230769231,1006,11
gaussian,1520,0.05230177046905269,0.04230769230769231,1006,11
gaussian,1530,0.03780256295965367,0.04230769230769231,1006,11
gaussian,1540,0.038156529661361835,0.04230769230769231,1006,11
gaussian,1550,0.040861112944117685,0.04230769230769231,1006,11
gaussian,1560,0.03583861029841361,0.04230769230769231,1006,11
gaussian,1570,0.04841838126212004,0.04230769230769231,1006,11
gaussian,1580,0.046011896065839004,0.04230769230769231,1006,11
gaussian,1590,0.04387506807459989,0.04230769230769231,1006,11
gaussian,1600,0.046063986938916994,0.04230769230769231,1006,11
gaussian,10,0.04428576581011198,0.04230769230769231,1007,11
gaussian,20,0.04076717274345205,0.04230769230769231,1007,11
gaussian,30,0.0446190976319624,0.04230769230769231,1007,11
gaussian,40,0.037348540653990264,0.04230769230769231,1007,11
gaussian,50,0.03397929882025518,0.04230769230769231,1007,11
gaussian,60,0.036922092245521426,0.04230769230769231,1007,11
gaussian,70,0.038228202017198544,0.04230769230769231,1007,11
gaussian,80,0.04279455556409281,0.04230769230769231,1007,11
gaussian,90,0.04685908195015156,0.04230769230769231,1007,11
gaussian,100,0.04730465886767892,0.04230769230769231,1007,11
gaussian,110,0.03938263945538361,0.04230769230769231,1007,11
gaussian,120,0.041327408202475595,0.04230769230769231,1007,11
gaussian,130,0.035785385823711525,0.04230769230769231,1007,11
gaussian,140,0.04401707052194316,0.04230769230769231,1007,11
gaussian,150,0.04345492840477414,0.04230769230769231,1007,11
gaussian,160,0.043828674213357406,0.04230769230769231,1007,11
gaussian,170,0.040652933376530975,0.04230769230769231,1007,11
gaussian,180,0.05155684170869905,0.04230769230769231,1007,11
gaussian,190,0.03641387864453663,0.04230769230769231,1007,11
gaussian,200,0.04688428858099993,0.04230769230769231,1007,11
gaussian,210,0.04143467416201876,0.04230769230769231,1007,11
gaussian,220,0.0454274211489633,0.04230769230769231,1007,11
gaussian,230,0.05934465571221774,0.04230769230769231,1007,11
gaussian,240,0.038131106594164826,0.04230769230769231,1007,11
gaussian,250,0.04424958940649197,0.04230769230769231,1007,11
gaussian,260,0.04687015052710733,0.04230769230769231,1007,11
gaussian,270,0.045145451311600915,0.04230769230769231,1007,11
gaussian,280,0.04722518906404945,0.04230769230769231,1007,11
gaussian,290,0.04264980454027798,0.04230769230769231,1007,11
gaussian,300,0.04754614725053111,0.04230769230769231,1007,11
gaussian,310,0.04519210781741013,0.04230769230769231,1007,11
gaussian,320,0.03881521851599644,0.04230769230769231,1007,11
gaussian,330,0.04624118687960348,0.04230769230769231,1007,11
gaussian,340,0.05246059333027761,0.04230769230769231,1007,11
gaussian,350,0.03444498824719187,0.04230769230769231,1007,11
gaussian,360,0.04072471034545105,0.04230769230769231,1007,11
gaussian,370,0.040863611722092526,0.04230769230769231,1007,11
gaussian,380,0.046173746179732265,0.04230769230769231,1007,11
gaussian,390,0.049338450866872614,0.04230769230769231,1007,11
gaussian,400,0.044891582566828715,0.04230769230769231,1007,11
gaussian,410,0.04286277961079802,0.04230769230769231,1007,11
gaussian,420,0.04546473920140908,0.04230769230769231,1007,11
gaussian,430,0.041798263805014786,0.04230769230769231,1007,11
gaussian,440,0.054469267499190364,0.04230769230769231,1007,11
gaussian,450,0.05286454932299805,0.04230769230769231,1007,11
gaussian,460,0.04898419286843445,0.04230769230769231,1007,11
gaussian,470,0.03582257840523853,0.04230769230769231,1007,11
gaussian,480,0.043424748016899044,0.04230769230769231,1007,11
gaussian,490,0.045107233034301225,0.04230769230769231,1007,11
gaussian,500,0.03418420059919503,0.04230769230769231,1007,11
gaussian,510,0.034635041124857054,0.04230769230769231,1007,11
gaussian,520,0.0491624210216784,0.04230769230769231,1007,11
gaussian,530,0.04254325736322846,0.04230769230769231,1007,11
gaussian,540,0.03894217335753872,0.04230769230769231,1007,11
gaussian,550,0.044885253158566,0.04230769230769231,1007,11
gaussian,560,0.04205780143918522,0.04230769230769231,1007,11
gaussian,570,0.04402700747696863,0.04230769230769231,1007,11
gaussian,580,0.04242284312386097,0.04230769230769231,1007,11
gaussian,590,0.04269404053259637,0.04230769230769231,1007,11
gaussian,600,0.033264594029946595,0.04230769230769231,1007,11
gaussian,610,0.04195942301834611,0.04230769230769231,1007,11
gaussian,620,0.04009655943568606,0.04230769230769231,1007,11
gaussian,630,0.04007654034497857,0.04230769230769231,1007,11
gaussian,640,0.040281381406314015,0.04230769230769231,1007,11
gaussian,650,0.0409308486148785,0.04230769230769231,1007,11
gaussian,660,0.03854446103610749,0.04230769230769231,1007,11
gaussian,670,0.03721073314978118,0.04230769230769231,1007,11
gaussian,680,0.03765381691134151,0.04230769230769231,1007,11
gaussian,690,0.04281863702458716,0.04230769230769231,1007,11
gaussian,700,0.04173434540295513,0.04230769230769231,1007,11
gaussian,710,0.049618923559954696,0.04230769230769231,1007,11
gaussian,720,0.04109377310913395,0.04230769230769231,1007,11
gaussian,730,0.04054520368817985,0.04230769230769231,1007,11
gaussian,740,0.03854686608202204,0.04230769230769231,1007,11
gaussian,750,0.04107494609960459,0.04230769230769231,1007,11
gaussian,760,0.039517869584942744,0.04230769230769231,1007,11
gaussian,770,0.043442286233847695,0.04230769230769231,1007,11
gaussian,780,0.04216789111912456,0.04230769230769231,1007,11
gaussian,790,0.03878180244129542,0.04230769230769231,1007,11
gaussian,800,0.0543307392173114,0.04230769230769231,1007,11
gaussian,810,0.05745657983762242,0.04230769230769231,1007,11
gaussian,820,0.03480760459443326,0.04230769230769231,1007,11
gaussian,830,0.0456717797441462,0.04230769230769231,1007,11
gaussian,840,0.03486844182367266,0.04230769230769231,1007,11
gaussian,850,0.044096272741336935,0.04230769230769231,1007,11
gaussian,860,0.03719289336000805,0.04230769230769231,1007,11
gaussian,870,0.04169641606375781,0.04230769230769231,1007,11
gaussian,880,0.043905680741053214,0.04230769230769231,1007,11
gaussian,890,0.045161243172579545,0.04230769230769231,1007,11
gaussian,900,0.03809396833510526,0.04230769230769231,1007,11
gaussian,910,0.038923060753196764,0.04230769230769231,1007,11
gaussian,920,0.04399186139259158,0.04230769230769231,1007,11
gaussian,930,0.03699573955848706,0.04230769230769231,1007,11
gaussian,940,0.03943806407885351,0.04230769230769231,1007,11
gaussian,950,0.046876895884204295,0.04230769230769231,1007,11
gaussian,960,0.04480756375411646,0.04230769230769231,1007,11
gaussian,970,0.035582988999276546,0.04230769230769231,1007,11
gaussian,980,0.051681426373141506,0.04230769230769231,1007,11
gaussian,990,0.05511764768764713,0.04230769230769231,1007,11
gaussian,1000,0.05016457649823102,0.04230769230769231,1007,11
gaussian,1010,0.05070180904929222,0.04230769230769231,1007,11
gaussian,1020,0.04165596795507021,0.04230769230769231,1007,11
gaussian,1030,0.050900026829034314,0.04230769230769231,1007,11
gaussian,1040,0.045472251726583784,0.04230769230769231,1007,11
gaussian,1050,0.031003485888883252,0.04230769230769231,1007,11
gaussian,1060,0.06348639172435551,0.04230769230769231,1007,11
gaussian,1070,0.0389026484074766,0.04230769230769231,1007,11
gaussian,1080,0.03942266512691089,0.04230769230769231,1007,11
gaussian,1090,0.046803583356319824,0.04230769230769231,1007,11
gaussian,1100,0.04426998797174241,0.04230769230769231,1007,11
gaussian,1110,0.04145774301108613,0.04230769230769231,1007,11
gaussian,1120,0.0340937799354988,0.04230769230769231,1007,11
gaussian,1130,0.04889091247362132,0.04230769230769231,1007,11
gaussian,1140,0.03734664907527865,0.04230769230769231,1007,11
gaussian,1150,0.040329088642255886,0.04230769230769231,1007,11
gaussian,1160,0.047137511124583205,0.04230769230769231,1007,11
gaussian,1170,0.04106356788490492,0.04230769230769231,1007,11
gaussian,1180,0.03639269138787484,0.04230769230769231,1007,11
gaussian,1190,0.034982763449117146,0.04230769230769231,1007,11
gaussian,1200,0.044731948103371194,0.04230769230769231,1007,11
gaussian,1210,0.03798929558381256,0.04230769230769231,1007,11
gaussian,1220,0.04108462018739518,0.04230769230769231,1007,11
gaussian,1230,0.041506322476038235,0.04230769230769231,1007,11
gaussian,1240,0.0387174849092738,0.04230769230769231,1007,11
gaussian,1250,0.03906814376809278,0.04230769230769231,1007,11
gaussian,1260,0.04643662052212182,0.04230769230769231,1007,11
gaussian,1270,0.03131645852805918,0.04230769230769231,1007,11
gaussian,1280,0.037967937942937534,0.04230769230769231,1007,11
gaussian,1290,0.04534783956501878,0.04230769230769231,1007,11
gaussian,1300,0.050442985401902535,0.04230769230769231,1007,11
gaussian,1310,0.04575475011307588,0.04230769230769231,1007,11
gaussian,1320,0.04803071743868347,0.04230769230769231,1007,11
gaussian,1330,0.049238681930819705,0.04230769230769231,1007,11
gaussian,1340,0.04490745573906067,0.04230769230769231,1007,11
gaussian,1350,0.043720463685766736,0.04230769230769231,1007,11
gaussian,1360,0.038683817019648216,0.04230769230769231,1007,11
gaussian,1370,0.04685436226958937,0.04230769230769231,1007,11
gaussian,1380,0.04297449827624084,0.04230769230769231,1007,11
gaussian,1390,0.04020579463427018,0.04230769230769231,1007,11
gaussian,1400,0.04664841462486557,0.04230769230769231,1007,11
gaussian,1410,0.03934532060574649,0.04230769230769231,1007,11
gaussian,1420,0.0457367527492256,0.04230769230769231,1007,11
gaussian,1430,0.04185938743123044,0.04230769230769231,1007,11
gaussian,1440,0.04835163582873681,0.04230769230769231,1007,11
gaussian,1450,0.03829654240943753,0.04230769230769231,1007,11
gaussian,1460,0.04270012998399794,0.04230769230769231,1007,11
gaussian,1470,0.03157585380896592,0.04230769230769231,1007,11
gaussian,1480,0.0390840503975147,0.04230769230769231,1007,11
gaussian,1490,0.04840214023755911,0.04230769230769231,1007,11
gaussian,1500,0.04300136321315877,0.04230769230769231,1007,11
gaussian,1510,0.03941144517299199,0.04230769230769231,1007,11
gaussian,1520,0.04216997123756452,0.04230769230769231,1007,11
gaussian,1530,0.037284482459561556,0.04230769230769231,1007,11
gaussian,1540,0.04592950270611136,0.04230769230769231,1007,11
gaussian,1550,0.03876825773392783,0.04230769230769231,1007,11
gaussian,1560,0.03967878089562337,0.04230769230769231,1007,11
gaussian,1570,0.038667153288083025,0.04230769230769231,1007,11
gaussian,1580,0.034225218213702106,0.04230769230769231,1007,11
gaussian,1590,0.048819245518046846,0.04230769230769231,1007,11
gaussian,1600,0.03267546214025057,0.04230769230769231,1007,11
gaussian,10,0.03656955259628189,0.04230769230769231,1008,11
gaussian,20,0.04397236178867619,0.04230769230769231,1008,11
gaussian,30,0.036311530768335404,0.04230769230769231,1008,11
gaussian,40,0.03730540169534397,0.04230769230769231,1008,11
gaussian,50,0.041157251995414465,0.04230769230769231,1008,11
gaussian,60,0.03886432524941418,0.04230769230769231,1008,11
gaussian,70,0.04497598470973286,0.04230769230769231,1008,11
gaussian,80,0.047146634835198896,0.04230769230769231,1008,11
gaussian,90,0.044420213572485476,0.04230769230769231,1008,11
gaussian,100,0.04370280931042262,0.04230769230769231,1008,11
gaussian,110,0.04908671775528983,0.04230769230769231,1008,11
gaussian,120,0.042735977623088624,0.04230769230769231,1008,11
gaussian,130,0.04133293907368434,0.04230769230769231,1008,11
gaussian,140,0.030267262768684296,0.04230769230769231,1008,11
gaussian,150,0.04373650340916173,0.04230769230769231,1008,11
gaussian,160,0.04419708224394338,0.04230769230769231,1008,11
gaussian,170,0.042701850294435635,0.04230769230769231,1008,11
gaussian,180,0.03943047970065593,0.04230769230769231,1008,11
gaussian,190,0.04692381236770365,0.04230769230769231,1008,11
gaussian,200,0.03262611893014356,0.04230769230769231,1008,11
gaussian,210,0.05375234215304927,0.04230769230769231,1008,11
gaussian,220,0.04941903975384938,0.04230769230769231,1008,11
gaussian,230,0.030783100319415477,0.04230769230769231,1008,11
gaussian,240,0.0389509201704426,0.04230769230769231,1008,11
gaussian,250,0.03981175298688414,0.04230769230769231,1008,11
gaussian,260,0.038679266577594504,0.04230769230769231,1008,11
gaussian,270,0.04210707793861009,0.04230769230769231,1008,11
gaussian,280,0.04514552233308728,0.04230769230769231,1008,11
gaussian,290,0.041444777032952136,0.04230769230769231,1008,11
gaussian,300,0.04334996741750618,0.04230769230769231,1008,11
gaussian,310,0.05975082004428116,0.04230769230769231,1008,11
gaussian,320,0.03691815052830689,0.04230769230769231,1008,11
gaussian,330,0.03414744754376962,0.04230769230769231,1008,11
gaussian,340,0.0393422812886633,0.04230769230769231,1008,11
gaussian,350,0.04027443003168705,0.04230769230769231,1008,11
gaussian,360,0.035564289690275516,0.04230769230769231,1008,11
gaussian,370,0.041520150605839815,0.04230769230769231,1008,11
gaussian,380,0.04313921802755808,0.04230769230769231,1008,11
gaussian,390,0.042621438201447884,0.04230769230769231,1008,11
gaussian,400,0.04308889793351965,0.04230769230769231,1008,11
gaussian,410,0.041731211118934956,0.04230769230769231,1008,11
gaussian,420,0.040508205103566904,0.04230769230769231,1008,11
gaussian,430,0.046220002724337614,0.04230769230769231,1008,11
gaussian,440,0.036057704872589975,0.04230769230769231,1008,11
gaussian,450,0.03701580839610993,0.04230769230769231,1008,11
gaussian,460,0.039221871044357676,0.04230769230769231,1008,11
gaussian,470,0.03889595946354245,0.04230769230769231,1008,11
gaussian,480,0.05042298012118538,0.04230769230769231,1008,11
gaussian,490,0.05024590162887585,0.04230769230769231,1008,11
gaussian,500,0.04013936805724282,0.04230769230769231,1008,11
gaussian,510,0.047058589683828256,0.04230769230769231,1008,11
gaussian,520,0.04358786792812351,0.04230769230769231,1008,11
gaussian,530,0.04491636271359949,0.04230769230769231,1008,11
gaussian,540,0.0490348111304276,0.04230769230769231,1008,11
gaussian,550,0.035536153708794364,0.04230769230769231,1008,11
gaussian,560,0.03388616565259425,0.04230769230769231,1008,11
gaussian,570,0.039447222895045986,0.04230769230769231,1008,11
gaussian,580,0.040521202654909765,0.04230769230769231,1008,11
gaussian,590,0.03952463031880642,0.04230769230769231,1008,11
gaussian,600,0.03763615235618725,0.04230769230769231,1008,11
gaussian,610,0.032260446695210186,0.04230769230769231,1008,11
gaussian,620,0.04194399342648623,0.04230769230769231,1008,11
gaussian,630,0.059793822005932085,0.04230769230769231,1008,11
gaussian,640,0.049091131110237746,0.04230769230769231,1008,11
gaussian,650,0.04271454941438039,0.04230769230769231,1008,11
gaussian,660,0.045464142118874645,0.04230769230769231,1008,11
gaussian,670,0.04739515835154778,0.04230769230769231,1008,11
gaussian,680,0.03021197997259946,0.04230769230769231,1008,11
gaussian,690,0.054749768450772444,0.04230769230769231,1008,11
gaussian,700,0.037993813122125686,0.04230769230769231,1008,11
gaussian,710,0.045567147762665614,0.04230769230769231,1008,11
gaussian,720,0.04406898754397486,0.04230769230769231,1008,11
gaussian,730,0.04044823367250683,0.04230769230769231,1008,11
gaussian,740,0.04481125694650009,0.04230769230769231,1008,11
gaussian,750,0.04319434827863135,0.04230769230769231,1008,11
gaussian,760,0.037721612842336966,0.04230769230769231,1008,11
gaussian,770,0.04149591297505536,0.04230769230769231,1008,11
gaussian,780,0.0400065711926412,0.04230769230769231,1008,11
gaussian,790,0.04074922644205807,0.04230769230769231,1008,11
gaussian,800,0.03672774214359512,0.04230769230769231,1008,11
gaussian,810,0.041459074041509184,0.04230769230769231,1008,11
gaussian,820,0.042190740140903786,0.04230769230769231,1008,11
gaussian,830,0.03098915785162523,0.04230769230769231,1008,11
gaussian,840,0.04728183596256556,0.04230769230769231,1008,11
gaussian,850,0.033714474048165556,0.04230769230769231,1008,11
gaussian,860,0.0440876774994926,0.04230769230769231,1008,11
gaussian,870,0.027805673680885986,0.04230769230769231,1008,11
gaussian,880,0.04434250021776246,0.04230769230769231,1008,11
gaussian,890,0.04283189677881318,0.04230769230769231,1008,11
gaussian,900,0.035082715753911184,0.04230769230769231,1008,11
gaussian,910,0.03452955471050173,0.04230769230769231,1008,11
gaussian,920,0.03721251014555284,0.04230769230769231,1008,11
gaussian,930,0.04787381193841386,0.04230769230769231,1008,11
gaussian,940,0.04875099510042202,0.04230769230769231,1008,11
gaussian,950,0.05966900484224769,0.04230769230769231,1008,11
gaussian,960,0.04978473395676373,0.04230769230769231,1008,11
gaussian,970,0.049804877694088055,0.04230769230769231,1008,11
gaussian,980,0.03832531950391361,0.04230769230769231,1008,11
gaussian,990,0.038220742844607865,0.04230769230769231,1008,11
gaussian,1000,0.04844200058838952,0.04230769230769231,1008,11
gaussian,1010,0.0335983568042378,0.04230769230769231,1008,11
gaussian,1020,0.039356288225958096,0.04230769230769231,1008,11
gaussian,1030,0.038794884102504416,0.04230769230769231,1008,11
gaussian,1040,0.038373180624813125,0.04230769230769231,1008,11
gaussian,1050,0.045501624292642505,0.04230769230769231,1008,11
gaussian,1060,0.0404179931319413,0.04230769230769231,1008,11
gaussian,1070,0.05043405401341489,0.04230769230769231,1008,11
gaussian,1080,0.04495889307906068,0.04230769230769231,1008,11
gaussian,1090,0.03625750525005885,0.04230769230769231,1008,11
gaussian,1100,0.05196510573832238,0.04230769230769231,1008,11
gaussian,1110,0.04898717313175302,0.04230769230769231,1008,11
gaussian,1120,0.031063940523995505,0.04230769230769231,1008,11
gaussian,1130,0.0357758281433209,0.04230769230769231,1008,11
gaussian,1140,0.0386762464186546,0.04230769230769231,1008,11
gaussian,1150,0.04102334476413709,0.04230769230769231,1008,11
gaussian,1160,0.04085260420375219,0.04230769230769231,1008,11
gaussian,1170,0.04067080586203004,0.04230769230769231,1008,11
gaussian,1180,0.042045813421929965,0.04230769230769231,1008,11
gaussian,1190,0.04923724788181578,0.04230769230769231,1008,11
gaussian,1200,0.03844274689259495,0.04230769230769231,1008,11
gaussian,1210,0.03823789506119177,0.04230769230769231,1008,11
gaussian,1220,0.03943133116530863,0.04230769230769231,1008,11
gaussian,1230,0.03963857659123899,0.04230769230769231,1008,11
gaussian,1240,0.04921962800821867,0.04230769230769231,1008,11
gaussian,1250,0.042741909871680465,0.04230769230769231,1008,11
gaussian,1260,0.038865582791974225,0.04230769230769231,1008,11
gaussian,1270,0.03881385306660139,0.04230769230769231,1008,11
gaussian,1280,0.0409623847812118,0.04230769230769231,1008,11
gaussian,1290,0.04347765001401383,0.04230769230769231,1008,11
gaussian,1300,0.04433658662528794,0.04230769230769231,1008,11
gaussian,1310,0.044634494657710785,0.04230769230769231,1008,11
gaussian,1320,0.03838635978031884,0.04230769230769231,1008,11
gaussian,1330,0.04704256537100605,0.04230769230769231,1008,11
gaussian,1340,0.039851353417540876,0.04230769230769231,1008,11
gaussian,1350,0.029562504290192863,0.04230769230769231,1008,11
gaussian,1360,0.033361620677804175,0.04230769230769231,1008,11
gaussian,1370,0.04379890029694473,0.04230769230769231,1008,11
gaussian,1380,0.04391875506497164,0.04230769230769231,1008,11
gaussian,1390,0.043845903588405684,0.04230769230769231,1008,11
gaussian,1400,0.04157919239993661,0.04230769230769231,1008,11
gaussian,1410,0.042120546986993926,0.04230769230769231,1008,11
gaussian,1420,0.042775307354888686,0.04230769230769231,1008,11
gaussian,1430,0.04073538765253657,0.04230769230769231,1008,11
gaussian,1440,0.04382519318549711,0.04230769230769231,1008,11
gaussian,1450,0.03769629997842982,0.04230769230769231,1008,11
gaussian,1460,0.04949859254754112,0.04230769230769231,1008,11
gaussian,1470,0.04850106266740171,0.04230769230769231,1008,11
gaussian,1480,0.04157268403210407,0.04230769230769231,1008,11
gaussian,1490,0.03993683872039769,0.04230769230769231,1008,11
gaussian,1500,0.04967460610763318,0.04230769230769231,1008,11
gaussian,1510,0.041333333981973225,0.04230769230769231,1008,11
gaussian,1520,0.046387404416376,0.04230769230769231,1008,11
gaussian,1530,0.038718840496114515,0.04230769230769231,1008,11
gaussian,1540,0.03771166175249329,0.04230769230769231,1008,11
gaussian,1550,0.03680033724967355,0.04230769230769231,1008,11
gaussian,1560,0.0407932003184092,0.04230769230769231,1008,11
gaussian,1570,0.03917215349297684,0.04230769230769231,1008,11
gaussian,1580,0.040017535345913034,0.04230769230769231,1008,11
gaussian,1590,0.04416730239043038,0.04230769230769231,1008,11
gaussian,1600,0.02663511335407488,0.04230769230769231,1008,11
gaussian,10,0.037933444677365404,0.04230769230769231,1009,11
gaussian,20,0.033083904172062105,0.04230769230769231,1009,11
gaussian,30,0.04482600727522481,0.04230769230769231,1009,11
gaussian,40,0.05493877785091982,0.04230769230769231,1009,11
gaussian,50,0.03682598768905155,0.04230769230769231,1009,11
gaussian,60,0.045593098552042056,0.04230769230769231,1009,11
gaussian,70,0.040655089435920506,0.04230769230769231,1009,11
gaussian,80,0.0387918096843462,0.04230769230769231,1009,11
gaussian,90,0.04188106162274105,0.04230769230769231,1009,11
gaussian,100,0.03959299301991704,0.04230769230769231,1009,11
gaussian,110,0.04481478534087109,0.04230769230769231,1009,11
gaussian,120,0.0320864965321686,0.04230769230769231,1009,11
gaussian,130,0.039576975801840886,0.04230769230769231,1009,11
gaussian,140,0.03538858725096216,0.04230769230769231,1009,11
gaussian,150,0.04683119229896087,0.04230769230769231,1009,11
gaussian,160,0.04826188445458703,0.04230769230769231,1009,11
gaussian,170,0.0437928340540581,0.04230769230769231,1009,11
gaussian,180,0.03586475868102016,0.04230769230769231,1009,11
gaussian,190,0.03949675484280973,0.04230769230769231,1009,11
gaussian,200,0.03499666485242184,0.04230769230769231,1009,11
gaussian,210,0.04036467627333851,0.04230769230769231,1009,11
gaussian,220,0.04231405172981268,0.04230769230769231,1009,11
gaussian,230,0.03579335739966189,0.04230769230769231,1009,11
gaussian,240,0.041733042567959615,0.04230769230769231,1009,11
gaussian,250,0.04619547350392643,0.04230769230769231,1009,11
gaussian,260,0.037162559496500706,0.04230769230769231,1009,11
gaussian,270,0.034468285973195206,0.04230769230769231,1009,11
gaussian,280,0.04130489118809432,0.04230769230769231,1009,11
gaussian,290,0.04163413053842111,0.04230769230769231,1009,11
gaussian,300,0.04852399560624421,0.04230769230769231,1009,11
gaussian,310,0.04721241605132676,0.04230769230769231,1009,11
gaussian,320,0.04947738163101331,0.04230769230769231,1009,11
gaussian,330,0.04213527595378144,0.04230769230769231,1009,11
gaussian,340,0.037196957140767935,0.04230769230769231,1009,11
gaussian,350,0.042526968881423384,0.04230769230769231,1009,11
gaussian,360,0.033396798119334554,0.04230769230769231,1009,11
gaussian,370,0.040459299432283616,0.04230769230769231,1009,11
gaussian,380,0.048621670918772605,0.04230769230769231,1009,11
gaussian,390,0.042315674124900886,0.04230769230769231,1009,11
gaussian,400,0.04136434686874218,0.04230769230769231,1009,11
gaussian,410,0.046542193959729666,0.04230769230769231,1009,11
gaussian,420,0.04016779521015555,0.04230769230769231,1009,11
gaussian,430,0.051115848467616624,0.04230769230769231,1009,11
gaussian,440,0.04946134245021794,0.04230769230769231,1009,11
gaussian,450,0.047074815869097904,0.04230769230769231,1009,11
gaussian,460,0.05087584199904547,0.04230769230769231,1009,11
gaussian,470,0.044837410014209975,0.04230769230769231,1009,11
gaussian,480,0.04636177418108247,0.04230769230769231,1009,11
gaussian,490,0.0431961451696431,0.04230769230769231,1009,11
gaussian,500,0.0339335166188205,0.04230769230769231,1009,11
gaussian,510,0.03795921630401039,0.04230769230769231,1009,11
gaussian,520,0.03263839460304883,0.04230769230769231,1009,11
gaussian,530,0.040453788537505295,0.04230769230769231,1009,11
gaussian,540,0.03827658327941406,0.04230769230769231,1009,11
gaussian,550,0.029829233852478997,0.04230769230769231,1009,11
gaussian,560,0.040284823416678904,0.04230769230769231,1009,11
gaussian,570,0.03901196630284062,0.04230769230769231,1009,11
gaussian,580,0.0383758300746277,0.04230769230769231,1009,11
gaussian,590,0.044719333408138245,0.04230769230769231,1009,11
gaussian,600,0.042487796565021906,0.04230769230769231,1009,11
gaussian,610,0.043909915583417516,0.04230769230769231,1009,11
gaussian,620,0.04980803787130372,0.04230769230769231,1009,11
gaussian,630,0.04026051003229173,0.04230769230769231,1009,11
gaussian,640,0.048430751636247035,0.04230769230769231,1009,11
gaussian,650,0.04847103882742116,0.04230769230769231,1009,11
gaussian,660,0.04218887454971811,0.04230769230769231,1009,11
gaussian,670,0.03842041844331176,0.04230769230769231,1009,11
gaussian,680,0.039722212604650836,0.04230769230769231,1009,11
gaussian,690,0.041987634731816374,0.04230769230769231,1009,11
gaussian,700,0.035117948109522394,0.04230769230769231,1009,11
gaussian,710,0.047940874033901966,0.04230769230769231,1009,11
gaussian,720,0.050558665555316226,0.04230769230769231,1009,11
gaussian,730,0.04586013511218308,0.04230769230769231,1009,11
gaussian,740,0.04065329784072431,0.04230769230769231,1009,11
gaussian,750,0.04653471273715708,0.04230769230769231,1009,11
gaussian,760,0.05503916646937526,0.04230769230769231,1009,11
gaussian,770,0.04602572931778421,0.04230769230769231,1009,11
gaussian,780,0.03479259555759369,0.04230769230769231,1009,11
gaussian,790,0.04824088031888645,0.04230769230769231,1009,11
gaussian,800,0.0355355393068706,0.04230769230769231,1009,11
gaussian,810,0.040829585162831875,0.04230769230769231,1009,11
gaussian,820,0.036795441494150545,0.04230769230769231,1009,11
gaussian,830,0.04274919587247213,0.04230769230769231,1009,11
gaussian,840,0.043006498844084855,0.04230769230769231,1009,11
gaussian,850,0.05041681749099294,0.04230769230769231,1009,11
gaussian,860,0.040000962451157855,0.04230769230769231,1009,11
gaussian,870,0.035411682998061876,0.04230769230769231,1009,11
gaussian,880,0.03795085303147761,0.04230769230769231,1009,11
gaussian,890,0.04100988498543407,0.04230769230769231,1009,11
gaussian,900,0.04663725128182236,0.04230769230769231,1009,11
gaussian,910,0.032554447454296274,0.04230769230769231,1009,11
gaussian,920,0.0353716967137487,0.04230769230769231,1009,11
gaussian,930,0.034313250285223425,0.04230769230769231,1009,11
gaussian,940,0.04884290939348546,0.04230769230769231,1009,11
gaussian,950,0.03778408646979708,0.04230769230769231,1009,11
gaussian,960,0.042428823581261176,0.04230769230769231,1009,11
gaussian,970,0.03544226208391471,0.04230769230769231,1009,11
gaussian,980,0.046611855087807984,0.04230769230769231,1009,11
gaussian,990,0.028508922795339838,0.04230769230769231,1009,11
gaussian,1000,0.04463680695925395,0.04230769230769231,1009,11
gaussian,1010,0.036736614625129796,0.04230769230769231,1009,11
gaussian,1020,0.0399046209210931,0.04230769230769231,1009,11
gaussian,1030,0.051211882322611806,0.04230769230769231,1009,11
gaussian,1040,0.04028741185356184,0.04230769230769231,1009,11
gaussian,1050,0.031403419056412765,0.04230769230769231,1009,11
gaussian,1060,0.05194652780922391,0.04230769230769231,1009,11
gaussian,1070,0.05071850267409444,0.04230769230769231,1009,11
gaussian,1080,0.03575070851241462,0.04230769230769231,1009,11
gaussian,1090,0.03055779739370582,0.04230769230769231,1009,11
gaussian,1100,0.03702320542053241,0.04230769230769231,1009,11
gaussian,1110,0.042121374189955436,0.04230769230769231,1009,11
gaussian,1120,0.053320846427536296,0.04230769230769231,1009,11
gaussian,1130,0.04381866582246122,0.04230769230769231,1009,11
gaussian,1140,0.041639093927689004,0.04230769230769231,1009,11
gaussian,1150,0.042602978836067625,0.04230769230769231,1009,11
gaussian,1160,0.037331242056050554,0.04230769230769231,1009,11
gaussian,1170,0.04049983279910178,0.04230769230769231,1009,11
gaussian,1180,0.036594344820678845,0.04230769230769231,1009,11
gaussian,1190,0.034937101630661355,0.04230769230769231,1009,11
gaussian,1200,0.045381746171224896,0.04230769230769231,1009,11
gaussian,1210,0.03339916067549029,0.04230769230769231,1009,11
gaussian,1220,0.03708871198896499,0.04230769230769231,1009,11
gaussian,1230,0.039027464892739346,0.04230769230769231,1009,11
gaussian,1240,0.042975841780733326,0.04230769230769231,1009,11
gaussian,1250,0.03889166532832308,0.04230769230769231,1009,11
gaussian,1260,0.035159976960157865,0.04230769230769231,1009,11
gaussian,1270,0.045573777641560946,0.04230769230769231,1009,11
gaussian,1280,0.04142333266144632,0.04230769230769231,1009,11
gaussian,1290,0.046764620134049695,0.04230769230769231,1009,11
gaussian,1300,0.04589244358940001,0.04230769230769231,1009,11
gaussian,1310,0.04536316244603186,0.04230769230769231,1009,11
gaussian,1320,0.04350769398439886,0.04230769230769231,1009,11
gaussian,1330,0.05114191340196614,0.04230769230769231,1009,11
gaussian,1340,0.04585393991268804,0.04230769230769231,1009,11
gaussian,1350,0.04193817041361486,0.04230769230769231,1009,11
gaussian,1360,0.04142338251448613,0.04230769230769231,1009,11
gaussian,1370,0.0487111391446438,0.04230769230769231,1009,11
gaussian,1380,0.045287874809652594,0.04230769230769231,1009,11
gaussian,1390,0.04390818419312251,0.04230769230769231,1009,11
gaussian,1400,0.04068752928680586,0.04230769230769231,1009,11
gaussian,1410,0.035894630377266167,0.04230769230769231,1009,11
gaussian,1420,0.045858686702220444,0.04230769230769231,1009,11
gaussian,1430,0.03787689042594554,0.04230769230769231,1009,11
gaussian,1440,0.04461064590183357,0.04230769230769231,1009,11
gaussian,1450,0.041851349759995826,0.04230769230769231,1009,11
gaussian,1460,0.041408540476309874,0.04230769230769231,1009,11
gaussian,1470,0.04235796910858982,0.04230769230769231,1009,11
gaussian,1480,0.04615120800625338,0.04230769230769231,1009,11
gaussian,1490,0.050703392156210066,0.04230769230769231,1009,11
gaussian,1500,0.039235180647396437,0.04230769230769231,1009,11
gaussian,1510,0.04421372069640213,0.04230769230769231,1009,11
gaussian,1520,0.04725977784792605,0.04230769230769231,1009,11
gaussian,1530,0.04075533805816987,0.04230769230769231,1009,11
gaussian,1540,0.04426303525275316,0.04230769230769231,1009,11
gaussian,1550,0.042670885863657866,0.04230769230769231,1009,11
gaussian,1560,0.050743267359896156,0.04230769230769231,1009,11
gaussian,1570,0.039921797064879985,0.04230769230769231,1009,11
gaussian,1580,0.04017305112681416,0.04230769230769231,1009,11
gaussian,1590,0.045231219726145425,0.04230769230769231,1009,11
gaussian,1600,0.045178851759670936,0.04230769230769231,1009,11
de_rand_1_bin,10,0.9090821266495142,0.04230769230769231,1000,11
de_rand_1_bin,20,0.8991312354846838,0.04230769230769231,1000,11
de_rand_1_bin,30,0.9003001532488448,0.04230769230769231,1000,11
de_rand_1_bin,40,0.908135487627769,0.04230769230769231,1000,11
de_rand_1_bin,50,0.8952695267830612,0.04230769230769231,1000,11
de_rand_1_bin,60,0.914047663001249,0.04230769230769231,1000,11
de_rand_1_bin,70,0.9036325123938792,0.04230769230769231,1000,11
de_rand_1_bin,80,0.916648128033609,0.04230769230769231,1000,11
de_rand_1_bin,90,0.9059188607076022,0.04230769230769231,1000,11
de_rand_1_bin,100,0.9073636674215635,0.04230769230769231,1000,11
de_rand_1_bin,110,0.9197557270673223,0.04230769230769231,1000,11
de_rand_1_bin,120,0.8982026258769502,0.04230769230769231,1000,11
de_rand_1_bin,130,0.8918972535676052,0.04230769230769231,1000,11
de_rand_1_bin,140,0.8917998901885337,0.04230769230769231,1000,11
de_rand_1_bin,150,0.9254115894160759,0.04230769230769231,1000,11
de_rand_1_bin,160,0.910165471969469,0.04230769230769231,1000,11
de_rand_1_bin,170,0.9141504793792784,0.04230769230769231,1000,11
de_rand_1_bin,180,0.899485580755181,0.04230769230769231,1000,11
de_rand_1_bin,190,0.9054695165524902,0.04230769230769231,1000,11
de_rand_1_bin,200,0.9083284479198754,0.04230769230769231,1000,11
de_rand_1_bin,210,0.903445312762088,0.04230769230769231,1000,11
de_rand_1_bin,220,0.9047011404411242,0.04230769230769231,1000,11
de_rand_1_bin,230,0.9091031888834408,0.04230769230769231,1000,11
de_rand_1_bin,240,0.9060518033773395,0.04230769230769231,1000,11
de_rand_1_bin,250,0.9273018616336657,0.04230769230769231,1000,11
de_rand_1_bin,260,0.9076605451401356,0.04230769230769231,1000,11
de_rand_1_bin,270,0.8861366481819405,0.04230769230769231,1000,11
de_rand_1_bin,280,0.9176769361299547,0.04230769230769231,1000,11
de_rand_1_bin,290,0.9033343450837874,0.04230769230769231,1000,11
de_rand_1_bin,300,0.9204517345935862,0.04230769230769231,1000,11
de_rand_1_bin,310,0.9015337699076502,0.04230769230769231,1000,11
de_rand_1_bin,320,0.9130721068538873,0.04230769230769231,1000,11
de_rand_1_bin,330,0.9082537008142508,0.04230769230769231,1000,11
de_rand_1_bin,340,0.8915025394208116,0.04230769230769231,1000,11
de_rand_1_bin,350,0.9116355659809048,0.04230769230769231,1000,11
de_rand_1_bin,360,0.9155741593498233,0.04230769230769231,1000,11
de_rand_1_bin,370,0.9263414863197333,0.04230769230769231,1000,11
de_rand_1_bin,380,0.9037309814890464,0.04230769230769231,1000,11
de_rand_1_bin,390,0.9279414603101447,0.04230769230769231,1000,11
de_rand_1_bin,400,0.9017313043154657,0.04230769230769231,1000,11
de_rand_1_bin,410,0.9279886604321416,0.04230769230769231,1000,11
de_rand_1_bin,420,0.9101833429072718,0.04230769230769231,1000,11
de_rand_1_bin,430,0.9119780639241452,0.04230769230769231,1000,11
de_rand_1_bin,440,0.9185246761767346,0.04230769230769231,1000,11
de_rand_1_bin,450,0.921545766010805,0.04230769230769231,1000,11
de_rand_1_bin,460,0.9246138473863469,0.04230769230769231,1000,11
de_rand_1_bin,470,0.9117884825222266,0.04230769230769231,1000,11
de_rand_1_bin,480,0.8927360016548557,0.04230769230769231,1000,11
de_rand_1_bin,490,0.9139194949250555,0.04230769230769231,1000,11
de_rand_1_bin,500,0.9165221576906714,0.04230769230769231,1000,11
de_rand_1_bin,510,0.9164666449202158,0.04230769230769231,1000,11
de_rand_1_bin,520,0.9043099010172043,0.04230769230769231,1000,11
de_rand_1_bin,530,0.9143215234897547,0.04230769230769231,1000,11
de_rand_1_bin,540,0.9150251423942711,0.04230769230769231,1000,11
de_rand_1_bin,550,0.9104255933021098,0.04230769230769231,1000,11
de_rand_1_bin,560,0.9226396555406448,0.04230769230769231,1000,11
de_rand_1_bin,570,0.9309500173510097,0.04230769230769231,1000,11
de_rand_1_bin,580,0.9179144550819949,0.04230769230769231,1000,11
de_rand_1_bin,590,0.9111676505028073,0.04230769230769231,1000,11
de_rand_1_bin,600,0.9131266966316737,0.04230769230769231,1000,11
de_rand_1_bin,610,0.9137510900803547,0.04230769230769231,1000,11
de_rand_1_bin,620,0.907609209566528,0.04230769230769231,1000,11
de_rand_1_bin,630,0.9098559471037757,0.04230769230769231,1000,11
de_rand_1_bin,640,0.9100989347611589,0.04230769230769231,1000,11
de_rand_1_bin,650,0.9213642651980952,0.04230769230769231,1000,11
de_rand_1_bin,660,0.9255632514123603,0.04230769230769231,1000,11
de_rand_1_bin,670,0.9255129013688058,0.04230769230769231,1000,11
de_rand_1_bin,680,0.9430691091970091,0.04230769230769231,1000,11
de_rand_1_bin,690,0.9350257906055797,0.04230769230769231,1000,11
de_rand_1_bin,700,0.903852089046727,0.04230769230769231,1000,11
de_rand_1_bin,710,0.9372267651292527,0.04230769230769231,1000,11
de_rand_1_bin,720,0.9086399105488324,0.04230769230769231,1000,11
de_rand_1_bin,730,0.9092717610509174,0.04230769230769231,1000,11
de_rand_1_bin,740,0.9171578423634154,0.04230769230769231,1000,11
de_rand_1_bin,750,0.9189399241282779,0.04230769230769231,1000,11
de_rand_1_bin,760,0.911774695483848,0.04230769230769231,1000,11
de_rand_1_bin,770,0.9145931101886777,0.04230769230769231,1000,11
de_rand_1_bin,780,0.9002258132213651,0.04230769230769231,1000,11
de_rand_1_bin,790,0.9233724881198171,0.04230769230769231,1000,11
de_rand_1_bin,800,0.9282827075469168,0.04230769230769231,1000,11
de_rand_1_bin,810,0.9156397392122685,0.04230769230769231,1000,11
de_rand_1_bin,820,0.9239564646763921,0.04230769230769231,1000,11
de_rand_1_bin,830,0.9418131033459978,0.04230769230769231,1000,11
de_rand_1_bin,840,0.9019468058796423,0.04230769230769231,1000,11
de_rand_1_bin,850,0.9163655639767861,0.04230769230769231,1000,11
de_rand_1_bin,860,0.9263789650669733,0.04230769230769231,1000,11
de_rand_1_bin,870,0.92689830831784,0.04230769230769231,1000,11
de_rand_1_bin,880,0.9196840850320479,0.04230769230769231,1000,11
de_rand_1_bin,890,0.895417796886422,0.04230769230769231,1000,11
de_rand_1_bin,900,0.9285205442834549,0.04230769230769231,1000,11
de_rand_1_bin,910,0.9031980103941053,0.04230769230769231,1000,11
de_rand_1_bin,920,0.9174151341986603,0.04230769230769231,1000,11
de_rand_1_bin,930,0.9367492154678024,0.04230769230769231,1000,11
de_rand_1_bin,940,0.9071828899266531,0.04230769230769231,1000,11
de_rand_1_bin,950,0.9354395590050583,0.04230769230769231,1000,11
de_rand_1_bin,960,0.9261707938765179,0.04230769230769231,1000,11
de_rand_1_bin,970,0.9383353575919298,0.04230769230769231,1000,11
de_rand_1_bin,980,0.9383798441658485,0.04230769230769231,1000,11
de_rand_1_bin,990,0.9471801124178998,0.04230769230769231,1000,11
de_rand_1_bin,1000,0.9193640729770439,0.04230769230769231,1000,11
de_rand_1_bin,1010,0.9180102917930729,0.04230769230769231,1000,11
de_rand_1_bin,1020,0.923704091537465,0.04230769230769231,1000,11
de_rand_1_bin,1030,0.9171555148081721,0.04230769230769231,1000,11
de_rand_1_bin,1040,0.9097116566803481,0.04230769230769231,1000,11
de_rand_1_bin,1050,0.9188243159783637,0.04230769230769231,1000,11
de_rand_1_bin,1060,0.9259856069606657,0.04230769230769231,1000,11
de_rand_1_bin,1070,0.9161646337607686,0.04230769230769231,1000,11
de_rand_1_bin,1080,0.9216095323816663,0.04230769230769231,1000,11
de_rand_1_bin,1090,0.8995950081370913,0.04230769230769231,1000,11
de_rand_1_bin,1100,0.934980087936799,0.04230769230769231,1000,11
de_rand_1_bin,1110,0.913455442814692,0.04230769230769231,1000,11
de_rand_1_bin,1120,0.9029973427189223,0.04230769230769231,1000,11
de_rand_1_bin,1130,0.8968564339660029,0.04230769230769231,1000,11
de_rand_1_bin,1140,0.8912704957829668,0.04230769230769231,1000,11
de_rand_1_bin,1150,0.9030617472952621,0.04230769230769231,1000,11
de_rand_1_bin,1160,0.9327904105070072,0.04230769230769231,1000,11
de_rand_1_bin,1170,0.9092786872878231,0.04230769230769231,1000,11
de_rand_1_bin,1180,0.9277136046017241,0.04230769230769231,1000,11
de_rand_1_bin,1190,0.8653053005527935,0.04230769230769231,1000,11
de_rand_1_bin,1200,0.9121207548953222,0.04230769230769231,1000,11
de_rand_1_bin,1210,0.913040624210359,0.04230769230769231,1000,11
de_rand_1_bin,1220,0.8959917405386703,0.04230769230769231,1000,11
de_rand_1_bin,1230,0.9215938568753016,0.04230769230769231,1000,11
de_rand_1_bin,1240,0.914744345432979,0.04230769230769231,1000,11
de_rand_1_bin,1250,0.9258937067608931,0.04230769230769231,1000,11
de_rand_1_bin,1260,0.9411603910367689,0.04230769230769231,1000,11
de_rand_1_bin,1270,0.9156720563194503,0.04230769230769231,1000,11
de_rand_1_bin,1280,0.9247659196458732,0.04230769230769231,1000,11
de_rand_1_bin,1290,0.9444531661590169,0.04230769230769231,1000,11
de_rand_1_bin,1300,0.9265292572938847,0.04230769230769231,1000,11
de_rand_1_bin,1310,0.9243120298041859,0.04230769230769231,1000,11
de_rand_1_bin,1320,0.9201416492748019,0.04230769230769231,1000,11
de_rand_1_bin,1330,0.9268525755141627,0.04230769230769231,1000,11
de_rand_1_bin,1340,0.936864272971564,0.04230769230769231,1000,11
de_rand_1_bin,1350,0.924500730560895,0.04230769230769231,1000,11
de_rand_1_bin,1360,0.9099289586654865,0.04230769230769231,1000,11
de_rand_1_bin,1370,0.8867459181363921,0.04230769230769231,1000,11
de_rand_1_bin,1380,0.9236415161891433,0.04230769230769231,1000,11
de_rand_1_bin,1390,0.9067773619326519,0.04230769230769231,1000,11
de_rand_1_bin,1400,0.9153410968461754,0.04230769230769231,1000,11
de_rand_1_bin,1410,0.8977917019940951,0.04230769230769231,1000,11
de_rand_1_bin,1420,0.934913568051703,0.04230769230769231,1000,11
de_rand_1_bin,1430,0.9098360070534596,0.04230769230769231,1000,11
de_rand_1_bin,1440,0.9013096316888661,0.04230769230769231,1000,11
de_rand_1_bin,1450,0.9457677224012392,0.04230769230769231,1000,11
de_rand_1_bin,1460,0.9309902473843862,0.04230769230769231,1000,11
de_rand_1_bin,10,0.9039526979960132,0.04230769230769231,1001,11
de_rand_1_bin,20,0.9251785237037504,0.04230769230769231,1001,11
de_rand_1_bin,30,0.9163472911184206,0.04230769230769231,1001,11
de_rand_1_bin,40,0.8852703542845725,0.04230769230769231,1001,11
de_rand_1_bin,50,0.8981981439514195,0.04230769230769231,1001,11
de_rand_1_bin,60,0.9305920417389356,0.04230769230769231,1001,11
de_rand_1_bin,70,0.8894924429245074,0.04230769230769231,1001,11
de_rand_1_bin,80,0.9257354897498639,0.04230769230769231,1001,11
de_rand_1_bin,90,0.913015426725522,0.04230769230769231,1001,11
de_rand_1_bin,100,0.9239192719676601,0.04230769230769231,1001,11
de_rand_1_bin,110,0.9109940693507751,0.04230769230769231,1001,11
de_rand_1_bin,120,0.9079455352220913,0.04230769230769231,1001,11
de_rand_1_bin,130,0.9277971112094267,0.04230769230769231,1001,11
de_rand_1_bin,140,0.9086475023814385,0.04230769230769231,1001,11
de_rand_1_bin,150,0.9045509115224318,0.04230769230769231,1001,11
de_rand_1_bin,160,0.9041135160848587,0.04230769230769231,1001,11
de_rand_1_bin,170,0.9110265932835465,0.04230769230769231,1001,11
de_rand_1_bin,180,0.9256053530932999,0.04230769230769231,1001,11
de_rand_1_bin,190,0.8972220550074512,0.04230769230769231,1001,11
de_rand_1_bin,200,0.9061797088807975,0.04230769230769231,1001,11
de_rand_1_bin,210,0.9224263100695232,0.04230769230769231,1001,11
de_rand_1_bin,220,0.9156992908476213,0.04230769230769231,1001,11
de_rand_1_bin,230,0.919518807001609,0.04230769230769231,1001,11
de_rand_1_bin,240,0.9175021784375627,0.04230769230769231,1001,11
de_rand_1_bin,250,0.9285175825959148,0.04230769230769231,1001,11
de_rand_1_bin,260,0.9209421730278176,0.04230769230769231,1001,11
de_rand_1_bin,270,0.9008266691316019,0.04230769230769231,1001,11
de_rand_1_bin,280,0.9127098278322769,0.04230769230769231,1001,11
de_rand_1_bin,290,0.902584007925526,0.04230769230769231,1001,11
de_rand_1_bin,300,0.9207857645431266,0.04230769230769231,1001,11
de_rand_1_bin,310,0.9351483470662173,0.04230769230769231,1001,11
de_rand_1_bin,320,0.886600520608095,0.04230769230769231,1001,11
de_rand_1_bin,330,0.9091694737509535,0.04230769230769231,1001,11
de_rand_1_bin,340,0.9441861023423067,0.04230769230769231,1001,11
de_rand_1_bin,350,0.925624204618218,0.04230769230769231,1001,11
de_rand_1_bin,360,0.9265297999586206,0.04230769230769231,1001,11
de_rand_1_bin,370,0.9392807653570546,0.04230769230769231,1001,11
de_rand_1_bin,380,0.9213962805749678,0.04230769230769231,1001,11
de_rand_1_bin,390,0.9299432662006405,0.04230769230769231,1001,11
de_rand_1_bin,400,0.9473308213900905,0.04230769230769231,1001,11
de_rand_1_bin,410,0.9377755588644696,0.04230769230769231,1001,11
de_rand_1_bin,420,0.9298365232267255,0.04230769230769231,1001,11
de_rand_1_bin,430,0.9252262168580541,0.04230769230769231,1001,11
de_rand_1_bin,440,0.9132210971929954,0.04230769230769231,1001,11
de_rand_1_bin,450,0.9339234573718098,0.04230769230769231,1001,11
de_rand_1_bin,460,0.9039784532707009,0.04230769230769231,1001,11
de_rand_1_bin,470,0.9488588500444023,0.04230769230769231,1001,11
de_rand_1_bin,480,0.9314431028505923,0.04230769230769231,1001,11
de_rand_1_bin,490,0.9119775301652688,0.04230769230769231,1001,11
de_rand_1_bin,500,0.9387317484530945,0.04230769230769231,1001,11
de_rand_1_bin,510,0.9305463271995363,0.04230769230769231,1001,11
de_rand_1_bin,520,0.946410882500787,0.04230769230769231,1001,11
de_rand_1_bin,530,0.9162393864263735,0.04230769230769231,1001,11
de_rand_1_bin,540,0.9562760448122495,0.04230769230769231,1001,11
de_rand_1_bin,550,0.9050498563535277,0.04230769230769231,1001,11
de_rand_1_bin,560,0.9574492746289743,0.04230769230769231,1001,11
de_rand_1_bin,570,0.9702340645572102,0.04230769230769231,1001,11
de_rand_1_bin,580,0.9284823592197827,0.04230769230769231,1001,11
de_rand_1_bin,590,0.9472792924234775,0.04230769230769231,1001,11
de_rand_1_bin,600,0.9560336315783858,0.04230769230769231,1001,11
de_rand_1_bin,610,0.936982675798215,0.04230769230769231,1001,11
de_rand_1_bin,620,0.9332373205326462,0.04230769230769231,1001,11
de_rand_1_bin,630,0.9278779379046802,0.04230769230769231,1001,11
de_rand_1_bin,640,0.962649894039049,0.04230769230769231,1001,11
de_rand_1_bin,650,0.9416180356318263,0.04230769230769231,1001,11
de_rand_1_bin,660,0.977771494220569,0.04230769230769231,1001,11
de_rand_1_bin,670,0.9578602262927496,0.04230769230769231,1001,11
de_rand_1_bin,680,0.9562546381475633,0.04230769230769231,1001,11
de_rand_1_bin,690,0.9618146945212351,0.04230769230769231,1001,11
de_rand_1_bin,700,0.959815655175408,0.04230769230769231,1001,11
de_rand_1_bin,710,0.9536285459060531,0.04230769230769231,1001,11
de_rand_1_bin,720,0.949687650857275,0.04230769230769231,1001,11
de_rand_1_bin,730,0.91655469732066,0.04230769230769231,1001,11
de_rand_1_bin,740,0.9249707779472933,0.04230769230769231,1001,11
de_rand_1_bin,750,0.9435084868326818,0.04230769230769231,1001,11
de_rand_1_bin,760,0.9642941241578326,0.04230769230769231,1001,11
de_rand_1_bin,770,0.9598925113967355,0.04230769230769231,1001,11
de_rand_1_bin,780,0.9369395838483027,0.04230769230769231,1001,11
de_rand_1_bin,790,0.9810750966452465,0.04230769230769231,1001,11
de_rand_1_bin,800,0.9703298397318266,0.04230769230769231,1001,11
de_rand_1_bin,810,0.9579131923142196,0.04230769230769231,1001,11
de_rand_1_bin,820,0.9116197285451745,0.04230769230769231,1001,11
de_rand_1_bin,830,0.9706900948017266,0.04230769230769231,1001,11
de_rand_1_bin,840,0.9621432723213719,0.04230769230769231,1001,11
de_rand_1_bin,850,0.9755555136993789,0.04230769230769231,1001,11
de_rand_1_bin,860,0.9841576024880062,0.04230769230769231,1001,11
de_rand_1_bin,870,0.9357510546313291,0.04230769230769231,1001,11
de_rand_1_bin,880,0.9667971121826812,0.04230769230769231,1001,11
de_rand_1_bin,890,0.9530794132246877,0.04230769230769231,1001,11
de_rand_1_bin,900,0.9509745474120632,0.04230769230769231,1001,11
de_rand_1_bin,910,0.9356313094270549,0.04230769230769231,1001,11
de_rand_1_bin,920,0.9578618525662392,0.04230769230769231,1001,11
de_rand_1_bin,930,0.924518664054473,0.04230769230769231,1001,11
de_rand_1_bin,940,0.9723272897701353,0.04230769230769231,1001,11
de_rand_1_bin,950,0.9547391780829876,0.04230769230769231,1001,11
de_rand_1_bin,960,0.9745098068550773,0.04230769230769231,1001,11
de_rand_1_bin,970,0.9464931857894308,0.04230769230769231,1001,11
de_rand_1_bin,980,0.9837767315641898,0.04230769230769231,1001,11
de_rand_1_bin,990,0.9387827377462857,0.04230769230769231,1001,11
de_rand_1_bin,1000,0.9461690083282313,0.04230769230769231,1001,11
de_rand_1_bin,1010,0.9333065818332082,0.04230769230769231,1001,11
de_rand_1_bin,1020,0.954551465223787,0.04230769230769231,1001,11
de_rand_1_bin,1030,0.952026217680244,0.04230769230769231,1001,11
de_rand_1_bin,1040,0.9246158688316294,0.04230769230769231,1001,11
de_rand_1_bin,1050,0.9596445812503182,0.04230769230769231,1001,11
de_rand_1_bin,1060,0.9785233777588314,0.04230769230769231,1001,11
de_rand_1_bin,1070,0.952589829635267,0.04230769230769231,1001,11
de_rand_1_bin,1080,0.9596936576581276,0.04230769230769231,1001,11
de_rand_1_bin,1090,0.9260567205645649,0.04230769230769231,1001,11
de_rand_1_bin,1100,0.8958592934558419,0.04230769230769231,1001,11
de_rand_1_bin,1110,0.9813240961123778,0.04230769230769231,1001,11
de_rand_1_bin,1120,0.957683664582774,0.04230769230769231,1001,11
de_rand_1_bin,1130,0.8790404878149509,0.04230769230769231,1001,11
de_rand_1_bin,1140,0.96137237359516,0.04230769230769231,1001,11
de_rand_1_bin,1150,0.9664381775907732,0.04230769230769231,1001,11
de_rand_1_bin,1160,0.9759527240344509,0.04230769230769231,1001,11
de_rand_1_bin,1170,0.9605174220263327,0.04230769230769231,1001,11
de_rand_1_bin,1180,0.9425246859762596,0.04230769230769231,1001,11
de_rand_1_bin,1190,0.9753799432355508,0.04230769230769231,1001,11
de_rand_1_bin,1200,0.9833660439116126,0.04230769230769231,1001,11
de_rand_1_bin,1210,0.9614987504649816,0.04230769230769231,1001,11
de_rand_1_bin,1220,0.9210775673794366,0.04230769230769231,1001,11
de_rand_1_bin,1230,0.9196344443926739,0.04230769230769231,1001,11
de_rand_1_bin,1240,0.9497091284059288,0.04230769230769231,1001,11
de_rand_1_bin,1250,0.9341303696265125,0.04230769230769231,1001,11
de_rand_1_bin,1260,0.9564757159835522,0.04230769230769231,1001,11
de_rand_1_bin,1270,0.968343815100638,0.04230769230769231,1001,11
de_rand_1_bin,1280,0.9399627784883068,0.04230769230769231,1001,11
de_rand_1_bin,1290,0.9673173821507363,0.04230769230769231,1001,11
de_rand_1_bin,1300,0.8952492753972172,0.04230769230769231,1001,11
de_rand_1_bin,1310,0.9421170090575918,0.04230769230769231,1001,11
de_rand_1_bin,1320,0.9803339249994095,0.04230769230769231,1001,11
de_rand_1_bin,1330,0.9220447204432349,0.04230769230769231,1001,11
de_rand_1_bin,1340,0.9343584746020701,0.04230769230769231,1001,11
de_rand_1_bin,1350,0.8957867454604908,0.04230769230769231,1001,11
de_rand_1_bin,1360,0.9590095066135381,0.04230769230769231,1001,11
de_rand_1_bin,1370,0.893522985637249,0.04230769230769231,1001,11
de_rand_1_bin,1380,0.9528103452035656,0.04230769230769231,1001,11
de_rand_1_bin,1390,0.9113429647042305,0.04230769230769231,1001,11
de_rand_1_bin,1400,0.91916255323255,0.04230769230769231,1001,11
de_rand_1_bin,1410,0.8659915982370374,0.04230769230769231,1001,11
de_rand_1_bin,1420,0.970183088033218,0.04230769230769231,1001,11
de_rand_1_bin,1430,0.841842364961869,0.04230769230769231,1001,11
de_rand_1_bin,1440,0.9212871282668093,0.04230769230769231,1001,11
de_rand_1_bin,1450,0.9371029251516102,0.04230769230769231,1001,11
de_rand_1_bin,1460,0.9638979263610338,0.04230769230769231,1001,11
de_rand_1_bin,10,0.8876906327109984,0.04230769230769231,1002,11
de_rand_1_bin,20,0.9106914688974813,0.04230769230769231,1002,11
de_rand_1_bin,30,0.9009202055960407,0.04230769230769231,1002,11
de_rand_1_bin,40,0.8934084667342924,0.04230769230769231,1002,11
de_rand_1_bin,50,0.9151949779612986,0.04230769230769231,1002,11
de_rand_1_bin,60,0.8977403553369633,0.04230769230769231,1002,11
de_rand_1_bin,70,0.8837375066784702,0.04230769230769231,1002,11
de_rand_1_bin,80,0.9331612949064576,0.04230769230769231,1002,11
de_rand_1_bin,90,0.9140044474663704,0.04230769230769231,1002,11
de_rand_1_bin,100,0.9013452335696167,0.04230769230769231,1002,11
de_rand_1_bin,110,0.9153416364486433,0.04230769230769231,1002,11
de_rand_1_bin,120,0.8973279924801405,0.04230769230769231,1002,11
de_rand_1_bin,130,0.90347043630858,0.04230769230769231,1002,11
de_rand_1_bin,140,0.9152203582089918,0.04230769230769231,1002,11
de_rand_1_bin,150,0.9153542188770682,0.04230769230769231,1002,11
de_rand_1_bin,160,0.9140249140493119,0.04230769230769231,1002,11
de_rand_1_bin,170,0.8798642338082074,0.04230769230769231,1002,11
de_rand_1_bin,180,0.912965683777359,0.04230769230769231,1002,11
de_rand_1_bin,190,0.9111638359046386,0.04230769230769231,1002,11
de_rand_1_bin,200,0.9191812506923173,0.04230769230769231,1002,11
de_rand_1_bin,210,0.935162497311446,0.04230769230769231,1002,11
de_rand_1_bin,220,0.9180467773160769,0.04230769230769231,1002,11
de_rand_1_bin,230,0.9272259491733251,0.04230769230769231,1002,11
de_rand_1_bin,240,0.9114685279066782,0.04230769230769231,1002,11
de_rand_1_bin,250,0.9440704854471159,0.04230769230769231,1002,11
de_rand_1_bin,260,0.9213490103085692,0.04230769230769231,1002,11
de_rand_1_bin,270,0.8965700287153502,0.04230769230769231,1002,11
de_rand_1_bin,280,0.9308243309262402,0.04230769230769231,1002,11
de_rand_1_bin,290,0.9284286891038951,0.04230769230769231,1002,11
de_rand_1_bin,300,0.9110251806326567,0.04230769230769231,1002,11
de_rand_1_bin,310,0.9312303045162346,0.04230769230769231,1002,11
de_rand_1_bin,320,0.8893969749947891,0.04230769230769231,1002,11
de_rand_1_bin,330,0.9207415590712862,0.04230769230769231,1002,11
de_rand_1_bin,340,0.9124033486289219,0.04230769230769231,1002,11
de_rand_1_bin,350,0.9281345814757384,0.04230769230769231,1002,11
de_rand_1_bin,360,0.9224117555283917,0.04230769230769231,1002,11
de_rand_1_bin,370,0.9279629473046933,0.04230769230769231,1002,11
de_rand_1_bin,380,0.9379098880907186,0.04230769230769231,1002,11
de_rand_1_bin,390,0.9036794393663609,0.04230769230769231,1002,11
de_rand_1_bin,400,0.9286293638074427,0.04230769230769231,1002,11
de_rand_1_bin,410,0.9122766778221085,0.04230769230769231,1002,11
de_rand_1_bin,420,0.9196791165951402,0.04230769230769231,1002,11
de_rand_1_bin,430,0.9097463050611457,0.04230769230769231,1002,11
de_rand_1_bin,440,0.9126893087482162,0.04230769230769231,1002,11
de_rand_1_bin,450,0.9394629134708267,0.04230769230769231,1002,11
de_rand_1_bin,460,0.9272048695817627,0.04230769230769231,1002,11
de_rand_1_bin,470,0.8638741924438791,0.04230769230769231,1002,11
de_rand_1_bin,480,0.8732086895368861,0.04230769230769231,1002,11
de_rand_1_bin,490,0.9249944743606625,0.04230769230769231,1002,11
de_rand_1_bin,500,0.9112769187123629,0.04230769230769231,1002,11
de_rand_1_bin,510,0.8999229927928059,0.04230769230769231,1002,11
de_rand_1_bin,520,0.9398279737954836,0.04230769230769231,1002,11
de_rand_1_bin,530,0.9514359864784642,0.04230769230769231,1002,11
de_rand_1_bin,540,0.9149407932338923,0.04230769230769231,1002,11
de_rand_1_bin,550,0.9222892520395939,0.04230769230769231,1002,11
de_rand_1_bin,560,0.9163334011325238,0.04230769230769231,1002,11
de_rand_1_bin,570,0.9017091401323377,0.04230769230769231,1002,11
de_rand_1_bin,580,0.9213067943078855,0.04230769230769231,1002,11
de_rand_1_bin,590,0.8975732961366228,0.04230769230769231,1002,11
de_rand_1_bin,600,0.9022220016969819,0.04230769230769231,1002,11
de_rand_1_bin,610,0.8737453297459329,0.04230769230769231,1002,11
de_rand_1_bin,620,0.9127964651762291,0.04230769230769231,1002,11
de_rand_1_bin,630,0.9310831317257385,0.04230769230769231,1002,11
de_rand_1_bin,640,0.943592921190696,0.04230769230769231,1002,11
de_rand_1_bin,650,0.9215421078366784,0.04230769230769231,1002,11
de_rand_1_bin,660,0.92693783446519,0.04230769230769231,1002,11
de_rand_1_bin,670,0.9097181168234038,0.04230769230769231,1002,11
de_rand_1_bin,680,0.8940472245304499,0.04230769230769231,1002,11
de_rand_1_bin,690,0.9479250095160147,0.04230769230769231,1002,11
de_rand_1_bin,700,0.9401156272147945,0.04230769230769231,1002,11
de_rand_1_bin,710,0.9301551015798802,0.04230769230769231,1002,11
de_rand_1_bin,720,0.9225160133599003,0.04230769230769231,1002,11
de_rand_1_bin,730,0.9025961389692573,0.04230769230769231,1002,11
de_rand_1_bin,740,0.925754891067256,0.04230769230769231,1002,11
de_rand_1_bin,750,0.9411107015660215,0.04230769230769231,1002,11
de_rand_1_bin,760,0.9170878627399496,0.04230769230769231,1002,11
de_rand_1_bin,770,0.936291231648787,0.04230769230769231,1002,11
de_rand_1_bin,780,0.9444440465527218,0.04230769230769231,1002,11
de_rand_1_bin,790,0.9474973224384328,0.04230769230769231,1002,11
de_rand_1_bin,800,0.9189985323976831,0.04230769230769231,1002,11
de_rand_1_bin,810,0.9376949880859278,0.04230769230769231,1002,11
de_rand_1_bin,820,0.9309823591021867,0.04230769230769231,1002,11
de_rand_1_bin,830,0.9525889756689995,0.04230769230769231,1002,11
de_rand_1_bin,840,0.9334240253355425,0.04230769230769231,1002,11
de_rand_1_bin,850,0.914226710219253,0.04230769230769231,1002,11
de_rand_1_bin,860,0.8898362300924009,0.04230769230769231,1002,11
de_rand_1_bin,870,0.9215899954955097,0.04230769230769231,1002,11
de_rand_1_bin,880,0.9332615502258385,0.04230769230769231,1002,11
de_rand_1_bin,890,0.9120040898874452,0.04230769230769231,1002,11
de_rand_1_bin,900,0.935259630979368,0.04230769230769231,1002,11
de_rand_1_bin,910,0.9309641164370549,0.04230769230769231,1002,11
de_rand_1_bin,920,0.9619177656878207,0.04230769230769231,1002,11
de_rand_1_bin,930,0.9469128656589326,0.04230769230769231,1002,11
de_rand_1_bin,940,0.9604725552011383,0.04230769230769231,1002,11
de_rand_1_bin,950,0.9383088271814137,0.04230769230769231,1002,11
de_rand_1_bin,960,0.9434124691148815,0.04230769230769231,1002,11
de_rand_1_bin,970,0.964981640468518,0.04230769230769231,1002,11
de_rand_1_bin,980,0.9507820944143894,0.04230769230769231,1002,11
de_rand_1_bin,990,0.9033356061225417,0.04230769230769231,1002,11
de_rand_1_bin,1000,0.903085054939861,0.04230769230769231,1002,11
de_rand_1_bin,1010,0.9209037478126274,0.04230769230769231,1002,11
de_rand_1_bin,1020,0.9193998551546124,0.04230769230769231,1002,11
de_rand_1_bin,1030,0.9058838283396092,0.04230769230769231,1002,11
de_rand_1_bin,1040,0.9422837690596398,0.04230769230769231,1002,11
de_rand_1_bin,1050,0.927542539491924,0.04230769230769231,1002,11
de_rand_1_bin,1060,0.9262750167113669,0.04230769230769231,1002,11
de_rand_1_bin,1070,0.9294021173311732,0.04230769230769231,1002,11
de_rand_1_bin,1080,0.9227811367326594,0.04230769230769231,1002,11
de_rand_1_bin,1090,0.9107358785232499,0.04230769230769231,1002,11
de_rand_1_bin,1100,0.937081326790314,0.04230769230769231,1002,11
de_rand_1_bin,1110,0.9405480670322222,0.04230769230769231,1002,11
de_rand_1_bin,1120,0.9157701404161537,0.04230769230769231,1002,11
de_rand_1_bin,1130,0.9060160207259526,0.04230769230769231,1002,11
de_rand_1_bin,1140,0.9466073488680729,0.04230769230769231,1002,11
de_rand_1_bin,1150,0.9283588334321006,0.04230769230769231,1002,11
de_rand_1_bin,1160,0.9313449394241607,0.04230769230769231,1002,11
de_rand_1_bin,1170,0.9449974575393014,0.04230769230769231,1002,11
de_rand_1_bin,1180,0.9436101073382327,0.04230769230769231,1002,11
de_rand_1_bin,1190,0.9276048723763721,0.04230769230769231,1002,11
de_rand_1_bin,1200,0.9442546505530229,0.04230769230769231,1002,11
de_rand_1_bin,1210,0.9298324099921679,0.04230769230769231,1002,11
de_rand_1_bin,1220,0.940515638741687,0.04230769230769231,1002,11
de_rand_1_bin,1230,0.9207901446244667,0.04230769230769231,1002,11
de_rand_1_bin,1240,0.9387354196571143,0.04230769230769231,1002,11
de_rand_1_bin,1250,0.9116084146590501,0.04230769230769231,1002,11
de_rand_1_bin,1260,0.9304255885329287,0.04230769230769231,1002,11
de_rand_1_bin,1270,0.8960804070596101,0.04230769230769231,1002,11
de_rand_1_bin,1280,0.9286021258987264,0.04230769230769231,1002,11
de_rand_1_bin,1290,0.9390581719574961,0.04230769230769231,1002,11
de_rand_1_bin,1300,0.9509433110832956,0.04230769230769231,1002,11
de_rand_1_bin,1310,0.9167021200113278,0.04230769230769231,1002,11
de_rand_1_bin,1320,0.9202916778816221,0.04230769230769231,1002,11
de_rand_1_bin,1330,0.9360179442329244,0.04230769230769231,1002,11
de_rand_1_bin,1340,0.9000864284622986,0.04230769230769231,1002,11
de_rand_1_bin,1350,0.9207331268794205,0.04230769230769231,1002,11
de_rand_1_bin,1360,0.8994132854973086,0.04230769230769231,1002,11
de_rand_1_bin,1370,0.9258330973193555,0.04230769230769231,1002,11
de_rand_1_bin,1380,0.9430558597071165,0.04230769230769231,1002,11
de_rand_1_bin,1390,0.9208516977750207,0.04230769230769231,1002,11
de_rand_1_bin,1400,0.927185266391554,0.04230769230769231,1002,11
de_rand_1_bin,1410,0.9324246533130333,0.04230769230769231,1002,11
de_rand_1_bin,1420,0.9420878928341875,0.04230769230769231,1002,11
de_rand_1_bin,1430,0.9413977941479398,0.04230769230769231,1002,11
de_rand_1_bin,1440,0.9287382362908061,0.04230769230769231,1002,11
de_rand_1_bin,1450,0.945179922934616,0.04230769230769231,1002,11
de_rand_1_bin,1460,0.9312584550151347,0.04230769230769231,1002,11
de_rand_1_bin,10,0.910067749601589,0.04230769230769231,1003,11
de_rand_1_bin,20,0.9138891267235622,0.04230769230769231,1003,11
de_rand_1_bin,30,0.9190212311460412,0.04230769230769231,1003,11
de_rand_1_bin,40,0.9136395227874742,0.04230769230769231,1003,11
de_rand_1_bin,50,0.8903468430475541,0.04230769230769231,1003,11
de_rand_1_bin,60,0.9226756478835237,0.04230769230769231,1003,11
de_rand_1_bin,70,0.9006622825355269,0.04230769230769231,1003,11
de_rand_1_bin,80,0.8948592942702707,0.04230769230769231,1003,11
de_rand_1_bin,90,0.9239705093384578,0.04230769230769231,1003,11
de_rand_1_bin,100,0.9056913481417235,0.04230769230769231,1003,11
de_rand_1_bin,110,0.9275051642214339,0.04230769230769231,1003,11
de_rand_1_bin,120,0.930951215041909,0.04230769230769231,1003,11
de_rand_1_bin,130,0.9375818486179021,0.04230769230769231,1003,11
de_rand_1_bin,140,0.931823059053622,0.04230769230769231,1003,11
de_rand_1_bin,150,0.9204963396666951,0.04230769230769231,1003,11
de_rand_1_bin,160,0.9285854316337883,0.04230769230769231,1003,11
de_rand_1_bin,170,0.9176351766825491,0.04230769230769231,1003,11
de_rand_1_bin,180,0.9275531531821825,0.04230769230769231,1003,11
de_rand_1_bin,190,0.926222911954261,0.04230769230769231,1003,11
de_rand_1_bin,200,0.9498140084422726,0.04230769230769231,1003,11
de_rand_1_bin,210,0.9067045732188538,0.04230769230769231,1003,11
de_rand_1_bin,220,0.916881104580539,0.04230769230769231,1003,11
de_rand_1_bin,230,0.9221718957088609,0.04230769230769231,1003,11
de_rand_1_bin,240,0.9189004512905344,0.04230769230769231,1003,11
de_rand_1_bin,250,0.92973251001354,0.04230769230769231,1003,11
de_rand_1_bin,260,0.9177618507840574,0.04230769230769231,1003,11
de_rand_1_bin,270,0.9217724230018735,0.04230769230769231,1003,11
de_rand_1_bin,280,0.9042702416364534,0.04230769230769231,1003,11
de_rand_1_bin,290,0.9217449371075657,0.04230769230769231,1003,11
de_rand_1_bin,300,0.915463230455746,0.04230769230769231,1003,11
de_rand_1_bin,310,0.9253881077612273,0.04230769230769231,1003,11
de_rand_1_bin,320,0.9508533542908713,0.04230769230769231,1003,11
de_rand_1_bin,330,0.9218143289432467,0.04230769230769231,1003,11
de_rand_1_bin,340,0.942448930705451,0.04230769230769231,1003,11
de_rand_1_bin,350,0.8940537713186506,0.04230769230769231,1003,11
de_rand_1_bin,360,0.9448855888229071,0.04230769230769231,1003,11
de_rand_1_bin,370,0.9170182465865286,0.04230769230769231,1003,11
de_rand_1_bin,380,0.9342672711365781,0.04230769230769231,1003,11
de_rand_1_bin,390,0.9241938241844903,0.04230769230769231,1003,11
de_rand_1_bin,400,0.8810626730478912,0.04230769230769231,1003,11
de_rand_1_bin,410,0.9125753535410847,0.04230769230769231,1003,11
de_rand_1_bin,420,0.9056105597012015,0.04230769230769231,1003,11
de_rand_1_bin,430,0.9135858715736799,0.04230769230769231,1003,11
de_rand_1_bin,440,0.8834581013302366,0.04230769230769231,1003,11
de_rand_1_bin,450,0.9330165896521598,0.04230769230769231,1003,11
de_rand_1_bin,460,0.9431519692221272,0.04230769230769231,1003,11
de_rand_1_bin,470,0.9107743027297573,0.04230769230769231,1003,11
de_rand_1_bin,480,0.9366038709995292,0.04230769230769231,1003,11
de_rand_1_bin,490,0.9282199610667573,0.04230769230769231,1003,11
de_rand_1_bin,500,0.9341040711832506,0.04230769230769231,1003,11
de_rand_1_bin,510,0.9422518850415402,0.04230769230769231,1003,11
de_rand_1_bin,520,0.9101720652192231,0.04230769230769231,1003,11
de_rand_1_bin,530,0.9290853991713458,0.04230769230769231,1003,11
de_rand_1_bin,540,0.9309093722952038,0.04230769230769231,1003,11
de_rand_1_bin,550,0.9074314259840918,0.04230769230769231,1003,11
de_rand_1_bin,560,0.9647363254250522,0.04230769230769231,1003,11
de_rand_1_bin,570,0.9226626280417541,0.04230769230769231,1003,11
de_rand_1_bin,580,0.8989573845108683,0.04230769230769231,1003,11
de_rand_1_bin,590,0.9027188217756947,0.04230769230769231,1003,11
de_rand_1_bin,600,0.961391650840478,0.04230769230769231,1003,11
de_rand_1_bin,610,0.9412192999600304,0.04230769230769231,1003,11
de_rand_1_bin,620,0.9519497999152842,0.04230769230769231,1003,11
de_rand_1_bin,630,0.9003278844364719,0.04230769230769231,1003,11
de_rand_1_bin,640,0.9267426394846808,0.04230769230769231,1003,11
de_rand_1_bin,650,0.9064428725592508,0.04230769230769231,1003,11
de_rand_1_bin,660,0.9113226240193032,0.04230769230769231,1003,11
de_rand_1_bin,670,0.9478187757743118,0.04230769230769231,1003,11
de_rand_1_bin,680,0.9205452258467525,0.04230769230769231,1003,11
de_rand_1_bin,690,0.9463188277207207,0.04230769230769231,1003,11
de_rand_1_bin,700,0.922099804824875,0.04230769230769231,1003,11
de_rand_1_bin,710,0.9402672942287614,0.04230769230769231,1003,11
de_rand_1_bin,720,0.9377516290229687,0.04230769230769231,1003,11
de_rand_1_bin,730,0.9300823860266703,0.04230769230769231,1003,11
de_rand_1_bin,740,0.9069110778653561,0.04230769230769231,1003,11
de_rand_1_bin,750,0.950855625662926,0.04230769230769231,1003,11
de_rand_1_bin,760,0.9078790320497023,0.04230769230769231,1003,11
de_rand_1_bin,770,0.9412112569571812,0.04230769230769231,1003,11
de_rand_1_bin,780,0.9465861295000554,0.04230769230769231,1003,11
de_rand_1_bin,790,0.9134168648599256,0.04230769230769231,1003,11
de_rand_1_bin,800,0.9349475521600734,0.04230769230769231,1003,11
de_rand_1_bin,810,0.9457237481646259,0.04230769230769231,1003,11
de_rand_1_bin,820,0.9087596375376042,0.04230769230769231,1003,11
de_rand_1_bin,830,0.8821970224547967,0.04230769230769231,1003,11
de_rand_1_bin,840,0.9372636880908956,0.04230769230769231,1003,11
de_rand_1_bin,850,0.9411201429299973,0.04230769230769231,1003,11
de_rand_1_bin,860,0.8816295262782274,0.04230769230769231,1003,11
de_rand_1_bin,870,0.9175739212465189,0.04230769230769231,1003,11
de_rand_1_bin,880,0.9412625315068898,0.04230769230769231,1003,11
de_rand_1_bin,890,0.9263642117568115,0.04230769230769231,1003,11
de_rand_1_bin,900,0.9269312241772201,0.04230769230769231,1003,11
de_rand_1_bin,910,0.9238854256740564,0.04230769230769231,1003,11
de_rand_1_bin,920,0.9373597793201457,0.04230769230769231,1003,11
de_rand_1_bin,930,0.8753545248286264,0.04230769230769231,1003,11
de_rand_1_bin,940,0.9176808788173755,0.04230769230769231,1003,11
de_rand_1_bin,950,0.9360463140389116,0.04230769230769231,1003,11
de_rand_1_bin,960,0.9358671846090109,0.04230769230769231,1003,11
de_rand_1_bin,970,0.9208571054796487,0.04230769230769231,1003,11
de_rand_1_bin,980,0.8880202262191909,0.04230769230769231,1003,11
de_rand_1_bin,990,0.9406405268376549,0.04230769230769231,1003,11
de_rand_1_bin,1000,0.8951030782959907,0.04230769230769231,1003,11
de_rand_1_bin,1010,0.8750831648107812,0.04230769230769231,1003,11
de_rand_1_bin,1020,0.9233275483537778,0.04230769230769231,1003,11
de_rand_1_bin,1030,0.9226282175814249,0.04230769230769231,1003,11
de_rand_1_bin,1040,0.9201395608679078,0.04230769230769231,1003,11
de_rand_1_bin,1050,0.9300000210621183,0.04230769230769231,1003,11
de_rand_1_bin,1060,0.9369233535085627,0.04230769230769231,1003,11
de_rand_1_bin,1070,0.933515927222337,0.04230769230769231,1003,11
de_rand_1_bin,1080,0.9340725054333733,0.04230769230769231,1003,11
de_rand_1_bin,1090,0.8862504128503841,0.04230769230769231,1003,11
de_rand_1_bin,1100,0.9187772117495543,0.04230769230769231,1003,11
de_rand_1_bin,1110,0.9304319973595798,0.04230769230769231,1003,11
de_rand_1_bin,1120,0.8962966064648458,0.04230769230769231,1003,11
de_rand_1_bin,1130,0.9574801330726039,0.04230769230769231,1003,11
de_rand_1_bin,1140,0.9225586502910748,0.04230769230769231,1003,11
de_rand_1_bin,1150,0.94028814268689,0.04230769230769231,1003,11
de_rand_1_bin,1160,0.933587122302615,0.04230769230769231,1003,11
de_rand_1_bin,1170,0.9525707530353792,0.04230769230769231,1003,11
de_rand_1_bin,1180,0.9252852343484022,0.04230769230769231,1003,11
de_rand_1_bin,1190,0.9228357800002985,0.04230769230769231,1003,11
de_rand_1_bin,1200,0.944972461849435,0.04230769230769231,1003,11
de_rand_1_bin,1210,0.9447833784522369,0.04230769230769231,1003,11
de_rand_1_bin,1220,0.9138613751119236,0.04230769230769231,1003,11
de_rand_1_bin,1230,0.9473879390921512,0.04230769230769231,1003,11
de_rand_1_bin,1240,0.9394156370105696,0.04230769230769231,1003,11
de_rand_1_bin,1250,0.9324721971334714,0.04230769230769231,1003,11
de_rand_1_bin,1260,0.925765370231714,0.04230769230769231,1003,11
de_rand_1_bin,1270,0.9409052846691379,0.04230769230769231,1003,11
de_rand_1_bin,1280,0.9402480063259437,0.04230769230769231,1003,11
de_rand_1_bin,1290,0.9519833096929539,0.04230769230769231,1003,11
de_rand_1_bin,1300,0.9180575936944444,0.04230769230769231,1003,11
de_rand_1_bin,1310,0.931588619243645,0.04230769230769231,1003,11
de_rand_1_bin,1320,0.9317995223035758,0.04230769230769231,1003,11
de_rand_1_bin,1330,0.9378916291896845,0.04230769230769231,1003,11
de_rand_1_bin,1340,0.9071149045854582,0.04230769230769231,1003,11
de_rand_1_bin,1350,0.9137198621592066,0.04230769230769231,1003,11
de_rand_1_bin,1360,0.9298397419472973,0.04230769230769231,1003,11
de_rand_1_bin,1370,0.9294583270741837,0.04230769230769231,1003,11
de_rand_1_bin,1380,0.9497572479957236,0.04230769230769231,1003,11
de_rand_1_bin,1390,0.9482223623418463,0.04230769230769231,1003,11
de_rand_1_bin,1400,0.9158981638783268,0.04230769230769231,1003,11
de_rand_1_bin,1410,0.925190512488069,0.04230769230769231,1003,11
de_rand_1_bin,1420,0.931507342593569,0.04230769230769231,1003,11
de_rand_1_bin,1430,0.9398855328899165,0.04230769230769231,1003,11
de_rand_1_bin,1440,0.954288039556194,0.04230769230769231,1003,11
de_rand_1_bin,1450,0.911003442725852,0.04230769230769231,1003,11
de_rand_1_bin,1460,0.8873809681956358,0.04230769230769231,1003,11
de_rand_1_bin,10,0.9078353460089791,0.04230769230769231,1004,11
de_rand_1_bin,20,0.9164517843610583,0.04230769230769231,1004,11
de_rand_1_bin,30,0.9167087784503539,0.04230769230769231,1004,11
de_rand_1_bin,40,0.9004461160838488,0.04230769230769231,1004,11
de_rand_1_bin,50,0.9150737159851876,0.04230769230769231,1004,11
de_rand_1_bin,60,0.9174366188886003,0.04230769230769231,1004,11
de_rand_1_bin,70,0.9177204830314453,0.04230769230769231,1004,11
de_rand_1_bin,80,0.9022841043599955,0.04230769230769231,1004,11
de_rand_1_bin,90,0.9050654362380247,0.04230769230769231,1004,11
de_rand_1_bin,100,0.9132809826417237,0.04230769230769231,1004,11
de_rand_1_bin,110,0.9061710063721651,0.04230769230769231,1004,11
de_rand_1_bin,120,0.9044783564107063,0.04230769230769231,1004,11
de_rand_1_bin,130,0.9068354819131388,0.04230769230769231,1004,11
de_rand_1_bin,140,0.9027661029898225,0.04230769230769231,1004,11
de_rand_1_bin,150,0.9093652196522508,0.04230769230769231,1004,11
de_rand_1_bin,160,0.9063805527328342,0.04230769230769231,1004,11
de_rand_1_bin,170,0.9053002204034443,0.04230769230769231,1004,11
de_rand_1_bin,180,0.8912792898331531,0.04230769230769231,1004,11
de_rand_1_bin,190,0.9259159470390937,0.04230769230769231,1004,11
de_rand_1_bin,200,0.9066656242253259,0.04230769230769231,1004,11
de_rand_1_bin,210,0.9092507862354906,0.04230769230769231,1004,11
de_rand_1_bin,220,0.9123143630203714,0.04230769230769231,1004,11
de_rand_1_bin,230,0.9040420554661089,0.04230769230769231,1004,11
de_rand_1_bin,240,0.9102251077748211,0.04230769230769231,1004,11
de_rand_1_bin,250,0.9340124068751886,0.04230769230769231,1004,11
de_rand_1_bin,260,0.9057293662443519,0.04230769230769231,1004,11
de_rand_1_bin,270,0.9397548545306219,0.04230769230769231,1004,11
de_rand_1_bin,280,0.9358905975572805,0.04230769230769231,1004,11
de_rand_1_bin,290,0.9032481779285456,0.04230769230769231,1004,11
de_rand_1_bin,300,0.9369747352061979,0.04230769230769231,1004,11
de_rand_1_bin,310,0.9197936493672015,0.04230769230769231,1004,11
de_rand_1_bin,320,0.946385113003528,0.04230769230769231,1004,11
de_rand_1_bin,330,0.9324011135836384,0.04230769230769231,1004,11
de_rand_1_bin,340,0.9350962082734181,0.04230769230769231,1004,11
de_rand_1_bin,350,0.941385334563669,0.04230769230769231,1004,11
de_rand_1_bin,360,0.9072180625608612,0.04230769230769231,1004,11
de_rand_1_bin,370,0.9294959407983733,0.04230769230769231,1004,11
de_rand_1_bin,380,0.9528145528742425,0.04230769230769231,1004,11
de_rand_1_bin,390,0.9352114247039357,0.04230769230769231,1004,11
de_rand_1_bin,400,0.9381376803365561,0.04230769230769231,1004,11
de_rand_1_bin,410,0.9433239442572946,0.04230769230769231,1004,11
de_rand_1_bin,420,0.928003572347833,0.04230769230769231,1004,11
de_rand_1_bin,430,0.9418978167324886,0.04230769230769231,1004,11
de_rand_1_bin,440,0.9384800509907318,0.04230769230769231,1004,11
de_rand_1_bin,450,0.9509432674679835,0.04230769230769231,1004,11
de_rand_1_bin,460,0.9735555831259884,0.04230769230769231,1004,11
de_rand_1_bin,470,0.9449356461776931,0.04230769230769231,1004,11
de_rand_1_bin,480,0.9317411034879085,0.04230769230769231,1004,11
de_rand_1_bin,490,0.9577378788891848,0.04230769230769231,1004,11
de_rand_1_bin,500,0.9104321154727661,0.04230769230769231,1004,11
de_rand_1_bin,510,0.9420649977082777,0.04230769230769231,1004,11
de_rand_1_bin,520,0.9756252753810349,0.04230769230769231,1004,11
de_rand_1_bin,530,0.9628121410326123,0.04230769230769231,1004,11
de_rand_1_bin,540,0.9488610684272176,0.04230769230769231,1004,11
de_rand_1_bin,550,0.9093964017653332,0.04230769230769231,1004,11
de_rand_1_bin,560,0.9557011126381338,0.04230769230769231,1004,11
de_rand_1_bin,570,0.9082177379653619,0.04230769230769231,1004,11
de_rand_1_bin,580,0.959481895201041,0.04230769230769231,1004,11
de_rand_1_bin,590,0.9316654712091107,0.04230769230769231,1004,11
de_rand_1_bin,600,0.9657541361519578,0.04230769230769231,1004,11
de_rand_1_bin,610,0.9759344266871337,0.04230769230769231,1004,11
de_rand_1_bin,620,0.9467748410173779,0.04230769230769231,1004,11
de_rand_1_bin,630,0.9525567582124652,0.04230769230769231,1004,11
de_rand_1_bin,640,0.9410200794396185,0.04230769230769231,1004,11
de_rand_1_bin,650,0.9635031380792897,0.04230769230769231,1004,11
de_rand_1_bin,660,0.9717710836106938,0.04230769230769231,1004,11
de_rand_1_bin,670,0.9827498724050391,0.04230769230769231,1004,11
de_rand_1_bin,680,0.9573489407669218,0.04230769230769231,1004,11
de_rand_1_bin,690,0.96044004328877,0.04230769230769231,1004,11
de_rand_1_bin,700,0.9567731314347371,0.04230769230769231,1004,11
de_rand_1_bin,710,0.9569404862792829,0.04230769230769231,1004,11
de_rand_1_bin,720,0.9400388195296886,0.04230769230769231,1004,11
de_rand_1_bin,730,0.9817461273024669,0.04230769230769231,1004,11
de_rand_1_bin,740,0.9658225169785472,0.04230769230769231,1004,11
de_rand_1_bin,750,0.9755392242541799,0.04230769230769231,1004,11
de_rand_1_bin,760,0.9687401445062149,0.04230769230769231,1004,11
de_rand_1_bin,770,0.9633253478133232,0.04230769230769231,1004,11
de_rand_1_bin,780,0.9572049696139775,0.04230769230769231,1004,11
de_rand_1_bin,790,0.9622779925928167,0.04230769230769231,1004,11
de_rand_1_bin,800,0.9718900126516329,0.04230769230769231,1004,11
de_rand_1_bin,810,0.9438380800198233,0.04230769230769231,1004,11
de_rand_1_bin,820,0.9836838888143373,0.04230769230769231,1004,11
de_rand_1_bin,830,0.9753441499843731,0.04230769230769231,1004,11
de_rand_1_bin,840,0.9677178544899823,0.04230769230769231,1004,11
de_rand_1_bin,850,0.9710448766373863,0.04230769230769231,1004,11
de_rand_1_bin,860,0.9767865641146428,0.04230769230769231,1004,11
de_rand_1_bin,870,0.9685058245362845,0.04230769230769231,1004,11
de_rand_1_bin,880,0.9720880460217938,0.04230769230769231,1004,11
de_rand_1_bin,890,0.9828220972231613,0.04230769230769231,1004,11
de_rand_1_bin,900,0.9799962104051981,0.04230769230769231,1004,11
de_rand_1_bin,910,0.9856131867304504,0.04230769230769231,1004,11
de_rand_1_bin,920,0.9797387636839446,0.04230769230769231,1004,11
de_rand_1_bin,930,0.9540355044269194,0.04230769230769231,1004,11
de_rand_1_bin,940,0.9694876017899068,0.04230769230769231,1004,11
de_rand_1_bin,950,0.9709154439557491,0.04230769230769231,1004,11
de_rand_1_bin,960,0.9754068319583586,0.04230769230769231,1004,11
de_rand_1_bin,970,0.9356680278739704,0.04230769230769231,1004,11
de_rand_1_bin,980,0.9686591994696209,0.04230769230769231,1004,11
de_rand_1_bin,990,0.9664737017007154,0.04230769230769231,1004,11
de_rand_1_bin,1000,0.9630517672142797,0.04230769230769231,1004,11
de_rand_1_bin,1010,0.9857453476547976,0.04230769230769231,1004,11
de_rand_1_bin,1020,0.9766356026762805,0.04230769230769231,1004,11
de_rand_1_bin,1030,0.9809434507221463,0.04230769230769231,1004,11
de_rand_1_bin,1040,0.963717680279693,0.04230769230769231,1004,11
de_rand_1_bin,1050,0.9702912081846891,0.04230769230769231,1004,11
de_rand_1_bin,1060,0.9817511414839868,0.04230769230769231,1004,11
de_rand_1_bin,1070,0.9379505514787376,0.04230769230769231,1004,11
de_rand_1_bin,1080,0.9677725581323463,0.04230769230769231,1004,11
de_rand_1_bin,1090,0.9594163825573315,0.04230769230769231,1004,11
de_rand_1_bin,1100,0.9851254864873783,0.04230769230769231,1004,11
de_rand_1_bin,1110,0.9717879363260211,0.04230769230769231,1004,11
de_rand_1_bin,1120,0.9594932743842617,0.04230769230769231,1004,11
de_rand_1_bin,1130,0.9620437746304993,0.04230769230769231,1004,11
de_rand_1_bin,1140,0.9720111747312351,0.04230769230769231,1004,11
de_rand_1_bin,1150,0.9111188570092792,0.04230769230769231,1004,11
de_rand_1_bin,1160,0.9669424586625667,0.04230769230769231,1004,11
de_rand_1_bin,1170,0.9684162434665163,0.04230769230769231,1004,11
de_rand_1_bin,1180,0.9669818988780611,0.04230769230769231,1004,11
de_rand_1_bin,1190,0.933490650725521,0.04230769230769231,1004,11
de_rand_1_bin,1200,0.960000755901913,0.04230769230769231,1004,11
de_rand_1_bin,1210,0.953068910203983,0.04230769230769231,1004,11
de_rand_1_bin,1220,0.9611387219061861,0.04230769230769231,1004,11
de_rand_1_bin,1230,0.9430823880471236,0.04230769230769231,1004,11
de_rand_1_bin,1240,0.9501757583186005,0.04230769230769231,1004,11
de_rand_1_bin,1250,0.9462729560255917,0.04230769230769231,1004,11
de_rand_1_bin,1260,0.9502602977086205,0.04230769230769231,1004,11
de_rand_1_bin,1270,0.9417207595115092,0.04230769230769231,1004,11
de_rand_1_bin,1280,0.9519808027237745,0.04230769230769231,1004,11
de_rand_1_bin,1290,0.907798919720297,0.04230769230769231,1004,11
de_rand_1_bin,1300,0.9453873102049571,0.04230769230769231,1004,11
de_rand_1_bin,1310,0.9689055700142579,0.04230769230769231,1004,11
de_rand_1_bin,1320,0.9724097419795535,0.04230769230769231,1004,11
de_rand_1_bin,1330,0.9402995262045305,0.04230769230769231,1004,11
de_rand_1_bin,1340,0.9500027153506324,0.04230769230769231,1004,11
de_rand_1_bin,1350,0.9135158556166457,0.04230769230769231,1004,11
de_rand_1_bin,1360,0.9416845994995685,0.04230769230769231,1004,11
de_rand_1_bin,1370,0.9709460910131477,0.04230769230769231,1004,11
de_rand_1_bin,1380,0.9675206834570043,0.04230769230769231,1004,11
de_rand_1_bin,1390,0.9495432194739711,0.04230769230769231,1004,11
de_rand_1_bin,1400,0.9619967190749908,0.04230769230769231,1004,11
de_rand_1_bin,1410,0.9359692960220509,0.04230769230769231,1004,11
de_rand_1_bin,1420,0.9686120099855215,0.04230769230769231,1004,11
de_rand_1_bin,1430,0.9545008903349075,0.04230769230769231,1004,11
de_rand_1_bin,1440,0.9569692890440571,0.04230769230769231,1004,11
de_rand_1_bin,1450,0.9529033564523598,0.04230769230769231,1004,11
de_rand_1_bin,1460,0.9758797915773179,0.04230769230769231,1004,11
de_rand_1_bin,10,0.9084838053036767,0.04230769230769231,1005,11
de_rand_1_bin,20,0.8909116916420013,0.04230769230769231,1005,11
de_rand_1_bin,30,0.9122962421595834,0.04230769230769231,1005,11
de_rand_1_bin,40,0.9047127074483537,0.04230769230769231,1005,11
de_rand_1_bin,50,0.9100493330541638,0.04230769230769231,1005,11
de_rand_1_bin,60,0.9030537133902561,0.04230769230769231,1005,11
de_rand_1_bin,70,0.895813827987619,0.04230769230769231,1005,11
de_rand_1_bin,80,0.9330794128889629,0.04230769230769231,1005,11
de_rand_1_bin,90,0.9035492386071944,0.04230769230769231,1005,11
de_rand_1_bin,100,0.9159007966175919,0.04230769230769231,1005,11
de_rand_1_bin,110,0.927764399364524,0.04230769230769231,1005,11
de_rand_1_bin,120,0.9087663753765908,0.04230769230769231,1005,11
de_rand_1_bin,130,0.9154363454592037,0.04230769230769231,1005,11
de_rand_1_bin,140,0.9280535472124886,0.04230769230769231,1005,11
de_rand_1_bin,150,0.9235755267904494,0.04230769230769231,1005,11
de_rand_1_bin,160,0.9286861009854879,0.04230769230769231,1005,11
de_rand_1_bin,170,0.9255255802547363,0.04230769230769231,1005,11
de_rand_1_bin,180,0.9163060707716499,0.04230769230769231,1005,11
de_rand_1_bin,190,0.9125134447862168,0.04230769230769231,1005,11
de_rand_1_bin,200,0.9226266163442719,0.04230769230769231,1005,11
de_rand_1_bin,210,0.9272647150527701,0.04230769230769231,1005,11
de_rand_1_bin,220,0.8941324571336652,0.04230769230769231,1005,11
de_rand_1_bin,230,0.875433748975595,0.04230769230769231,1005,11
de_rand_1_bin,240,0.9054655678133385,0.04230769230769231,1005,11
de_rand_1_bin,250,0.8998555203720321,0.04230769230769231,1005,11
de_rand_1_bin,260,0.9244969003425529,0.04230769230769231,1005,11
de_rand_1_bin,270,0.9092564027178303,0.04230769230769231,1005,11
de_rand_1_bin,280,0.9174996486259324,0.04230769230769231,1005,11
de_rand_1_bin,290,0.930162712770533,0.04230769230769231,1005,11
de_rand_1_bin,300,0.9306085136143203,0.04230769230769231,1005,11
de_rand_1_bin,310,0.91546643763875,0.04230769230769231,1005,11
de_rand_1_bin,320,0.9462991918832624,0.04230769230769231,1005,11
de_rand_1_bin,330,0.9041201101671112,0.04230769230769231,1005,11
de_rand_1_bin,340,0.9217001763316742,0.04230769230769231,1005,11
de_rand_1_bin,350,0.9420654877621907,0.04230769230769231,1005,11
de_rand_1_bin,360,0.9345835241973045,0.04230769230769231,1005,11
de_rand_1_bin,370,0.9608966235167536,0.04230769230769231,1005,11
de_rand_1_bin,380,0.9612223491811718,0.04230769230769231,1005,11
de_rand_1_bin,390,0.9043758171128785,0.04230769230769231,1005,11
de_rand_1_bin,400,0.9290380148689158,0.04230769230769231,1005,11
de_rand_1_bin,410,0.9450562046475061,0.04230769230769231,1005,11
de_rand_1_bin,420,0.9667728300994761,0.04230769230769231,1005,11
de_rand_1_bin,430,0.9463664760608604,0.04230769230769231,1005,11
de_rand_1_bin,440,0.9175242118341993,0.04230769230769231,1005,11
de_rand_1_bin,450,0.9494913117867502,0.04230769230769231,1005,11
de_rand_1_bin,460,0.944534304378175,0.04230769230769231,1005,11
de_rand_1_bin,470,0.9407819919697139,0.04230769230769231,1005,11
de_rand_1_bin,480,0.9728606213212668,0.04230769230769231,1005,11
de_rand_1_bin,490,0.9240800781689255,0.04230769230769231,1005,11
de_rand_1_bin,500,0.963031688350795,0.04230769230769231,1005,11
de_rand_1_bin,510,0.954528751820421,0.04230769230769231,1005,11
de_rand_1_bin,520,0.9259983898912661,0.04230769230769231,1005,11
de_rand_1_bin,530,0.9569951894999159,0.04230769230769231,1005,11
de_rand_1_bin,540,0.9504180401555193,0.04230769230769231,1005,11
de_rand_1_bin,550,0.9296283813497667,0.04230769230769231,1005,11
de_rand_1_bin,560,0.9333558574799147,0.04230769230769231,1005,11
de_rand_1_bin,570,0.9502277090354792,0.04230769230769231,1005,11
de_rand_1_bin,580,0.911970807193192,0.04230769230769231,1005,11
de_rand_1_bin,590,0.9182547105428922,0.04230769230769231,1005,11
de_rand_1_bin,600,0.9489821453345023,0.04230769230769231,1005,11
de_rand_1_bin,610,0.9482549079884689,0.04230769230769231,1005,11
de_rand_1_bin,620,0.9675782724994625,0.04230769230769231,1005,11
de_rand_1_bin,630,0.9429641001933494,0.04230769230769231,1005,11
de_rand_1_bin,640,0.9120265136509911,0.04230769230769231,1005,11
de_rand_1_bin,650,0.9597985284738826,0.04230769230769231,1005,11
de_rand_1_bin,660,0.9338662441425494,0.04230769230769231,1005,11
de_rand_1_bin,670,0.9056208173033767,0.04230769230769231,1005,11
de_rand_1_bin,680,0.9260303107270579,0.04230769230769231,1005,11
de_rand_1_bin,690,0.9447688033592204,0.04230769230769231,1005,11
de_rand_1_bin,700,0.9299272367505185,0.04230769230769231,1005,11
de_rand_1_bin,710,0.9629359490059411,0.04230769230769231,1005,11
de_rand_1_bin,720,0.9492348609924104,0.04230769230769231,1005,11
de_rand_1_bin,730,0.9534199288980137,0.04230769230769231,1005,11
de_rand_1_bin,740,0.9508373053387201,0.04230769230769231,1005,11
de_rand_1_bin,750,0.9496304007472144,0.04230769230769231,1005,11
de_rand_1_bin,760,0.9451418042942148,0.04230769230769231,1005,11
de_rand_1_bin,770,0.9452640256915642,0.04230769230769231,1005,11
de_rand_1_bin,780,0.9562701105740324,0.04230769230769231,1005,11
de_rand_1_bin,790,0.9144314505628565,0.04230769230769231,1005,11
de_rand_1_bin,800,0.9114707604189819,0.04230769230769231,1005,11
de_rand_1_bin,810,0.9546420553035393,0.04230769230769231,1005,11
de_rand_1_bin,820,0.9551618153368594,0.04230769230769231,1005,11
de_rand_1_bin,830,0.9479000021638381,0.04230769230769231,1005,11
de_rand_1_bin,840,0.9467403854027822,0.04230769230769231,1005,11
de_rand_1_bin,850,0.9408531879535141,0.04230769230769231,1005,11
de_rand_1_bin,860,0.9228474060250912,0.04230769230769231,1005,11
de_rand_1_bin,870,0.959258658304571,0.04230769230769231,1005,11
de_rand_1_bin,880,0.9340972106645958,0.04230769230769231,1005,11
de_rand_1_bin,890,0.9536961353828315,0.04230769230769231,1005,11
de_rand_1_bin,900,0.9468905046414563,0.04230769230769231,1005,11
de_rand_1_bin,910,0.9135556638561004,0.04230769230769231,1005,11
de_rand_1_bin,920,0.9478012439585157,0.04230769230769231,1005,11
de_rand_1_bin,930,0.9409653510298105,0.04230769230769231,1005,11
de_rand_1_bin,940,0.920814554470652,0.04230769230769231,1005,11
de_rand_1_bin,950,0.9243772222987543,0.04230769230769231,1005,11
de_rand_1_bin,960,0.9225643473718707,0.04230769230769231,1005,11
de_rand_1_bin,970,0.9331798956569153,0.04230769230769231,1005,11
de_rand_1_bin,980,0.926115309238489,0.04230769230769231,1005,11
de_rand_1_bin,990,0.9553658639585786,0.04230769230769231,1005,11
de_rand_1_bin,1000,0.9027028064292771,0.04230769230769231,1005,11
de_rand_1_bin,1010,0.9460565932667175,0.04230769230769231,1005,11
de_rand_1_bin,1020,0.9496165824610917,0.04230769230769231,1005,11
de_rand_1_bin,1030,0.9397024107625199,0.04230769230769231,1005,11
de_rand_1_bin,1040,0.9447169338295538,0.04230769230769231,1005,11
de_rand_1_bin,1050,0.9490068478735872,0.04230769230769231,1005,11
de_rand_1_bin,1060,0.9287697960281872,0.04230769230769231,1005,11
de_rand_1_bin,1070,0.9182076347161129,0.04230769230769231,1005,11
de_rand_1_bin,1080,0.9324696705055816,0.04230769230769231,1005,11
de_rand_1_bin,1090,0.9483353722454947,0.04230769230769231,1005,11
de_rand_1_bin,1100,0.9497329280622119,0.04230769230769231,1005,11
de_rand_1_bin,1110,0.9502127553802234,0.04230769230769231,1005,11
de_rand_1_bin,1120,0.9519772701926503,0.04230769230769231,1005,11
de_rand_1_bin,1130,0.9405710690722198,0.04230769230769231,1005,11
de_rand_1_bin,1140,0.9071284910533312,0.04230769230769231,1005,11
de_rand_1_bin,1150,0.9272196556829377,0.04230769230769231,1005,11
de_rand_1_bin,1160,0.9534750738049914,0.04230769230769231,1005,11
de_rand_1_bin,1170,0.9259240360545028,0.04230769230769231,1005,11
de_rand_1_bin,1180,0.9434380753192718,0.04230769230769231,1005,11
de_rand_1_bin,1190,0.8919648692324856,0.04230769230769231,1005,11
de_rand_1_bin,1200,0.9679140707234818,0.04230769230769231,1005,11
de_rand_1_bin,1210,0.9441259503075842,0.04230769230769231,1005,11
de_rand_1_bin,1220,0.9165211013951032,0.04230769230769231,1005,11
de_rand_1_bin,1230,0.9230862556567594,0.04230769230769231,1005,11
de_rand_1_bin,1240,0.9627098975977448,0.04230769230769231,1005,11
de_rand_1_bin,1250,0.9405875619617691,0.04230769230769231,1005,11
de_rand_1_bin,1260,0.909328661991594,0.04230769230769231,1005,11
de_rand_1_bin,1270,0.9230300541288154,0.04230769230769231,1005,11
de_rand_1_bin,1280,0.9598822041459018,0.04230769230769231,1005,11
de_rand_1_bin,1290,0.9523623885616446,0.04230769230769231,1005,11
de_rand_1_bin,1300,0.9672600258476715,0.04230769230769231,1005,11
de_rand_1_bin,1310,0.9632899278013459,0.04230769230769231,1005,11
de_rand_1_bin,1320,0.9243656251210196,0.04230769230769231,1005,11
de_rand_1_bin,1330,0.9609150395736256,0.04230769230769231,1005,11
de_rand_1_bin,1340,0.9215232446090053,0.04230769230769231,1005,11
de_rand_1_bin,1350,0.9572594718232145,0.04230769230769231,1005,11
de_rand_1_bin,1360,0.9537005369961085,0.04230769230769231,1005,11
de_rand_1_bin,1370,0.9510676409348254,0.04230769230769231,1005,11
de_rand_1_bin,1380,0.9460171063697684,0.04230769230769231,1005,11
de_rand_1_bin,1390,0.8937554253091889,0.04230769230769231,1005,11
de_rand_1_bin,1400,0.9477928769231766,0.04230769230769231,1005,11
de_rand_1_bin,1410,0.9688953744307711,0.04230769230769231,1005,11
de_rand_1_bin,1420,0.9425379004325966,0.04230769230769231,1005,11
de_rand_1_bin,1430,0.9478592871190363,0.04230769230769231,1005,11
de_rand_1_bin,1440,0.9036746719175008,0.04230769230769231,1005,11
de_rand_1_bin,1450,0.9169410659916019,0.04230769230769231,1005,11
de_rand_1_bin,1460,0.89601461099079,0.04230769230769231,1005,11
de_rand_1_bin,10,0.9087946064999097,0.04230769230769231,1006,11
de_rand_1_bin,20,0.9114200532949717,0.04230769230769231,1006,11
de_rand_1_bin,30,0.9192355995037068,0.04230769230769231,1006,11
de_rand_1_bin,40,0.9150320040074581,0.04230769230769231,1006,11
de_rand_1_bin,50,0.9184913159823616,0.04230769230769231,1006,11
de_rand_1_bin,60,0.9258353593726542,0.04230769230769231,1006,11
de_rand_1_bin,70,0.9100143046623851,0.04230769230769231,1006,11
de_rand_1_bin,80,0.9085248265574815,0.04230769230769231,1006,11
de_rand_1_bin,90,0.9281670872290274,0.04230769230769231,1006,11
de_rand_1_bin,100,0.9233176767801118,0.04230769230769231,1006,11
de_rand_1_bin,110,0.9268053571125807,0.04230769230769231,1006,11
de_rand_1_bin,120,0.9136117333331167,0.04230769230769231,1006,11
de_rand_1_bin,130,0.921669553210643,0.04230769230769231,1006,11
de_rand_1_bin,140,0.9306989574471727,0.04230769230769231,1006,11
de_rand_1_bin,150,0.9284343133164489,0.04230769230769231,1006,11
de_rand_1_bin,160,0.9284398959909512,0.04230769230769231,1006,11
de_rand_1_bin,170,0.9493769309365819,0.04230769230769231,1006,11
de_rand_1_bin,180,0.9520212108928267,0.04230769230769231,1006,11
de_rand_1_bin,190,0.9139652114661745,0.04230769230769231,1006,11
de_rand_1_bin,200,0.92186538807018,0.04230769230769231,1006,11
de_rand_1_bin,210,0.8987638421480635,0.04230769230769231,1006,11
de_rand_1_bin,220,0.915711138162847,0.04230769230769231,1006,11
de_rand_1_bin,230,0.9522766022841216,0.04230769230769231,1006,11
de_rand_1_bin,240,0.9441227702698326,0.04230769230769231,1006,11
de_rand_1_bin,250,0.9283584451852825,0.04230769230769231,1006,11
de_rand_1_bin,260,0.9510820853995773,0.04230769230769231,1006,11
de_rand_1_bin,270,0.9431178038019814,0.04230769230769231,1006,11
de_rand_1_bin,280,0.9275195439566651,0.04230769230769231,1006,11
de_rand_1_bin,290,0.9290797961780638,0.04230769230769231,1006,11
de_rand_1_bin,300,0.918810712402939,0.04230769230769231,1006,11
de_rand_1_bin,310,0.9202823072992583,0.04230769230769231,1006,11
de_rand_1_bin,320,0.9375810161193967,0.04230769230769231,1006,11
de_rand_1_bin,330,0.9539644883256169,0.04230769230769231,1006,11
de_rand_1_bin,340,0.9354550668488278,0.04230769230769231,1006,11
de_rand_1_bin,350,0.9556443011027548,0.04230769230769231,1006,11
de_rand_1_bin,360,0.9208953568645705,0.04230769230769231,1006,11
de_rand_1_bin,370,0.946425636669217,0.04230769230769231,1006,11
de_rand_1_bin,380,0.9535035226208649,0.04230769230769231,1006,11
de_rand_1_bin,390,0.9299858816442997,0.04230769230769231,1006,11
de_rand_1_bin,400,0.9738100927746224,0.04230769230769231,1006,11
de_rand_1_bin,410,0.9465096924066417,0.04230769230769231,1006,11
de_rand_1_bin,420,0.9541084461925072,0.04230769230769231,1006,11
de_rand_1_bin,430,0.9538633495828018,0.04230769230769231,1006,11
de_rand_1_bin,440,0.9364941766425324,0.04230769230769231,1006,11
de_rand_1_bin,450,0.9640455623711389,0.04230769230769231,1006,11
de_rand_1_bin,460,0.9262286543933117,0.04230769230769231,1006,11
de_rand_1_bin,470,0.9709570194224927,0.04230769230769231,1006,11
de_rand_1_bin,480,0.9326679373125507,0.04230769230769231,1006,11
de_rand_1_bin,490,0.929479943438848,0.04230769230769231,1006,11
de_rand_1_bin,500,0.9307484609115196,0.04230769230769231,1006,11
de_rand_1_bin,510,0.9128441823745818,0.04230769230769231,1006,11
de_rand_1_bin,520,0.952334565497071,0.04230769230769231,1006,11
de_rand_1_bin,530,0.9483618416424234,0.04230769230769231,1006,11
de_rand_1_bin,540,0.9401407394816231,0.04230769230769231,1006,11
de_rand_1_bin,550,0.944605677632122,0.04230769230769231,1006,11
de_rand_1_bin,560,0.9475179226985094,0.04230769230769231,1006,11
de_rand_1_bin,570,0.9427262987702799,0.04230769230769231,1006,11
de_rand_1_bin,580,0.9314274496111491,0.04230769230769231,1006,11
de_rand_1_bin,590,0.931372421934208,0.04230769230769231,1006,11
de_rand_1_bin,600,0.9311261851156557,0.04230769230769231,1006,11
de_rand_1_bin,610,0.8983177273641033,0.04230769230769231,1006,11
de_rand_1_bin,620,0.9174407665750691,0.04230769230769231,1006,11
de_rand_1_bin,630,0.9217734806899306,0.04230769230769231,1006,11
de_rand_1_bin,640,0.9339758237446184,0.04230769230769231,1006,11
de_rand_1_bin,650,0.936295857608547,0.04230769230769231,1006,11
de_rand_1_bin,660,0.9389012702125769,0.04230769230769231,1006,11
de_rand_1_bin,670,0.9558325772009469,0.04230769230769231,1006,11
de_rand_1_bin,680,0.9325355199143742,0.04230769230769231,1006,11
de_rand_1_bin,690,0.9490200029017256,0.04230769230769231,1006,11
de_rand_1_bin,700,0.9659508172976601,0.04230769230769231,1006,11
de_rand_1_bin,710,0.9242260708769513,0.04230769230769231,1006,11
de_rand_1_bin,720,0.9559063740167706,0.04230769230769231,1006,11
de_rand_1_bin,730,0.9318274278037019,0.04230769230769231,1006,11
de_rand_1_bin,740,0.9120838760480071,0.04230769230769231,1006,11
de_rand_1_bin,750,0.9188569685613507,0.04230769230769231,1006,11
de_rand_1_bin,760,0.935803913332256,0.04230769230769231,1006,11
de_rand_1_bin,770,0.9464533499885793,0.04230769230769231,1006,11
de_rand_1_bin,780,0.9379492598581821,0.04230769230769231,1006,11
de_rand_1_bin,790,0.9351665772024463,0.04230769230769231,1006,11
de_rand_1_bin,800,0.9246436556240029,0.04230769230769231,1006,11
de_rand_1_bin,810,0.9322905736706261,0.04230769230769231,1006,11
de_rand_1_bin,820,0.9617571539004922,0.04230769230769231,1006,11
de_rand_1_bin,830,0.9401058845198994,0.04230769230769231,1006,11
de_rand_1_bin,840,0.9308335927349529,0.04230769230769231,1006,11
de_rand_1_bin,850,0.9373064269163017,0.04230769230769231,1006,11
de_rand_1_bin,860,0.9444781164214388,0.04230769230769231,1006,11
de_rand_1_bin,870,0.950309241279733,0.04230769230769231,1006,11
de_rand_1_bin,880,0.938027500834821,0.04230769230769231,1006,11
de_rand_1_bin,890,0.9648013206877614,0.04230769230769231,1006,11
de_rand_1_bin,900,0.9590070853618436,0.04230769230769231,1006,11
de_rand_1_bin,910,0.954910107909761,0.04230769230769231,1006,11
de_rand_1_bin,920,0.9346646311381792,0.04230769230769231,1006,11
de_rand_1_bin,930,0.9440992151571385,0.04230769230769231,1006,11
de_rand_1_bin,940,0.9365187988998812,0.04230769230769231,1006,11
de_rand_1_bin,950,0.9372571272064194,0.04230769230769231,1006,11
de_rand_1_bin,960,0.9385040870681506,0.04230769230769231,1006,11
de_rand_1_bin,970,0.9113964244345619,0.04230769230769231,1006,11
de_rand_1_bin,980,0.9106429541639919,0.04230769230769231,1006,11
de_rand_1_bin,990,0.8427336747643043,0.04230769230769231,1006,11
de_rand_1_bin,1000,0.9422539014448047,0.04230769230769231,1006,11
de_rand_1_bin,1010,0.8989269702162307,0.04230769230769231,1006,11
de_rand_1_bin,1020,0.9261303331402032,0.04230769230769231,1006,11
de_rand_1_bin,1030,0.9703919234650099,0.04230769230769231,1006,11
de_rand_1_bin,1040,0.9648028258285585,0.04230769230769231,1006,11
de_rand_1_bin,1050,0.9548007206660888,0.04230769230769231,1006,11
de_rand_1_bin,1060,0.9608408241961972,0.04230769230769231,1006,11
de_rand_1_bin,1070,0.9588529656982349,0.04230769230769231,1006,11
de_rand_1_bin,1080,0.9235462404129766,0.04230769230769231,1006,11
de_rand_1_bin,1090,0.9322875435610287,0.04230769230769231,1006,11
de_rand_1_bin,1100,0.9564203885375308,0.04230769230769231,1006,11
de_rand_1_bin,1110,0.9585223432923221,0.04230769230769231,1006,11
de_rand_1_bin,1120,0.9452577281975842,0.04230769230769231,1006,11
de_rand_1_bin,1130,0.9502548873145019,0.04230769230769231,1006,11
de_rand_1_bin,1140,0.9676703851319789,0.04230769230769231,1006,11
de_rand_1_bin,1150,0.935997542842331,0.04230769230769231,1006,11
de_rand_1_bin,1160,0.950039362224361,0.04230769230769231,1006,11
de_rand_1_bin,1170,0.958241465589395,0.04230769230769231,1006,11
de_rand_1_bin,1180,0.9700426167465483,0.04230769230769231,1006,11
de_rand_1_bin,1190,0.9520326516737233,0.04230769230769231,1006,11
de_rand_1_bin,1200,0.9743589422946427,0.04230769230769231,1006,11
de_rand_1_bin,1210,0.9493322866981607,0.04230769230769231,1006,11
de_rand_1_bin,1220,0.9683159768185164,0.04230769230769231,1006,11
de_rand_1_bin,1230,0.9621922936025326,0.04230769230769231,1006,11
de_rand_1_bin,1240,0.9601547296453502,0.04230769230769231,1006,11
de_rand_1_bin,1250,0.9482089143891832,0.04230769230769231,1006,11
de_rand_1_bin,1260,0.9627986705483568,0.04230769230769231,1006,11
de_rand_1_bin,1270,0.9578582349719609,0.04230769230769231,1006,11
de_rand_1_bin,1280,0.9508341991639294,0.04230769230769231,1006,11
de_rand_1_bin,1290,0.9523746643270269,0.04230769230769231,1006,11
de_rand_1_bin,1300,0.9787104469247456,0.04230769230769231,1006,11
de_rand_1_bin,1310,0.9657992491994848,0.04230769230769231,1006,11
de_rand_1_bin,1320,0.9416945385920346,0.04230769230769231,1006,11
de_rand_1_bin,1330,0.9306185649450301,0.04230769230769231,1006,11
de_rand_1_bin,1340,0.9421215959002224,0.04230769230769231,1006,11
de_rand_1_bin,1350,0.9489752973477845,0.04230769230769231,1006,11
de_rand_1_bin,1360,0.919734921805487,0.04230769230769231,1006,11
de_rand_1_bin,1370,0.9424087922419883,0.04230769230769231,1006,11
de_rand_1_bin,1380,0.963023021545319,0.04230769230769231,1006,11
de_rand_1_bin,1390,0.96911235436151,0.04230769230769231,1006,11
de_rand_1_bin,1400,0.9713861332456618,0.04230769230769231,1006,11
de_rand_1_bin,1410,0.9492786449907004,0.04230769230769231,1006,11
de_rand_1_bin,1420,0.9440555282208258,0.04230769230769231,1006,11
de_rand_1_bin,1430,0.9762006747806881,0.04230769230769231,1006,11
de_rand_1_bin,1440,0.9625725778120348,0.04230769230769231,1006,11
de_rand_1_bin,1450,0.9634453997277638,0.04230769230769231,1006,11
de_rand_1_bin,1460,0.9359560404328956,0.04230769230769231,1006,11
de_rand_1_bin,10,0.9307983872352613,0.04230769230769231,1007,11
de_rand_1_bin,20,0.9066087133840289,0.04230769230769231,1007,11
de_rand_1_bin,30,0.9123499426500338,0.04230769230769231,1007,11
de_rand_1_bin,40,0.9078015719186406,0.04230769230769231,1007,11
de_rand_1_bin,50,0.9072054644934847,0.04230769230769231,1007,11
de_rand_1_bin,60,0.8880347750657798,0.04230769230769231,1007,11
de_rand_1_bin,70,0.9083287853083698,0.04230769230769231,1007,11
de_rand_1_bin,80,0.919247701791205,0.04230769230769231,1007,11
de_rand_1_bin,90,0.9276209373336575,0.04230769230769231,1007,11
de_rand_1_bin,100,0.9138229407129087,0.04230769230769231,1007,11
de_rand_1_bin,110,0.9199550111909519,0.04230769230769231,1007,11
de_rand_1_bin,120,0.9281434943119321,0.04230769230769231,1007,11
de_rand_1_bin,130,0.9406677267222104,0.04230769230769231,1007,11
de_rand_1_bin,140,0.9516227039986304,0.04230769230769231,1007,11
de_rand_1_bin,150,0.9357818116835098,0.04230769230769231,1007,11
de_rand_1_bin,160,0.9390995801928184,0.04230769230769231,1007,11
de_rand_1_bin,170,0.9492722443166679,0.04230769230769231,1007,11
de_rand_1_bin,180,0.9619811307088959,0.04230769230769231,1007,11
de_rand_1_bin,190,0.9294676519335195,0.04230769230769231,1007,11
de_rand_1_bin,200,0.912846125456474,0.04230769230769231,1007,11
de_rand_1_bin,210,0.9662872541557447,0.04230769230769231,1007,11
de_rand_1_bin,220,0.9087484841433512,0.04230769230769231,1007,11
de_rand_1_bin,230,0.9485222920830635,0.04230769230769231,1007,11
de_rand_1_bin,240,0.9586875370734532,0.04230769230769231,1007,11
de_rand_1_bin,250,0.9425266955881065,0.04230769230769231,1007,11
de_rand_1_bin,260,0.9751964982258677,0.04230769230769231,1007,11
de_rand_1_bin,270,0.9615977395852139,0.04230769230769231,1007,11
de_rand_1_bin,280,0.9614772838791487,0.04230769230769231,1007,11
de_rand_1_bin,290,0.977350596852959,0.04230769230769231,1007,11
de_rand_1_bin,300,0.9778522484327309,0.04230769230769231,1007,11
de_rand_1_bin,310,0.9798289933287448,0.04230769230769231,1007,11
de_rand_1_bin,320,0.9144359020289291,0.04230769230769231,1007,11
de_rand_1_bin,330,0.9240586353945291,0.04230769230769231,1007,11
de_rand_1_bin,340,0.9550656160737304,0.04230769230769231,1007,11
de_rand_1_bin,350,0.9212095977128699,0.04230769230769231,1007,11
de_rand_1_bin,360,0.9712966999986032,0.04230769230769231,1007,11
de_rand_1_bin,370,0.9331899356316103,0.04230769230769231,1007,11
de_rand_1_bin,380,0.934226809868031,0.04230769230769231,1007,11
de_rand_1_bin,390,0.8967945897288225,0.04230769230769231,1007,11
de_rand_1_bin,400,0.9396879952220704,0.04230769230769231,1007,11
de_rand_1_bin,410,0.9474974807237566,0.04230769230769231,1007,11
de_rand_1_bin,420,0.9789764282724462,0.04230769230769231,1007,11
de_rand_1_bin,430,0.9785509554890491,0.04230769230769231,1007,11
de_rand_1_bin,440,0.9497107326036227,0.04230769230769231,1007,11
de_rand_1_bin,450,0.9189479172958644,0.04230769230769231,1007,11
de_rand_1_bin,460,0.9580285215188922,0.04230769230769231,1007,11
de_rand_1_bin,470,0.9841460184090373,0.04230769230769231,1007,11
de_rand_1_bin,480,0.9673428036875467,0.04230769230769231,1007,11
de_rand_1_bin,490,0.9603076303392393,0.04230769230769231,1007,11
de_rand_1_bin,500,0.9612247191466164,0.04230769230769231,1007,11
de_rand_1_bin,510,0.9739657752096313,0.04230769230769231,1007,11
de_rand_1_bin,520,0.9678127121046526,0.04230769230769231,1007,11
de_rand_1_bin,530,0.9476809564802271,0.04230769230769231,1007,11
de_rand_1_bin,540,0.9699896639308299,0.04230769230769231,1007,11
de_rand_1_bin,550,0.9642004259941452,0.04230769230769231,1007,11
de_rand_1_bin,560,0.9774204261688357,0.04230769230769231,1007,11
de_rand_1_bin,570,0.9701076886477477,0.04230769230769231,1007,11
de_rand_1_bin,580,0.975755978044678,0.04230769230769231,1007,11
de_rand_1_bin,590,0.9731180052477163,0.04230769230769231,1007,11
de_rand_1_bin,600,0.951155217349427,0.04230769230769231,1007,11
de_rand_1_bin,610,0.9595734178831506,0.04230769230769231,1007,11
de_rand_1_bin,620,0.9799586531167302,0.04230769230769231,1007,11
de_rand_1_bin,630,0.9761881691357077,0.04230769230769231,1007,11
de_rand_1_bin,640,0.9418291764707291,0.04230769230769231,1007,11
de_rand_1_bin,650,0.982335363388414,0.04230769230769231,1007,11
de_rand_1_bin,660,0.9630569520086435,0.04230769230769231,1007,11
de_rand_1_bin,670,0.9686192409424402,0.04230769230769231,1007,11
de_rand_1_bin,680,0.9629170172688242,0.04230769230769231,1007,11
de_rand_1_bin,690,0.9651489527209826,0.04230769230769231,1007,11
de_rand_1_bin,700,0.9617944833447359,0.04230769230769231,1007,11
de_rand_1_bin,710,0.9722499023219031,0.04230769230769231,1007,11
de_rand_1_bin,720,0.9505375352908697,0.04230769230769231,1007,11
de_rand_1_bin,730,0.9608611925578415,0.04230769230769231,1007,11
de_rand_1_bin,740,0.9795724303445025,0.04230769230769231,1007,11
de_rand_1_bin,750,0.971755483515624,0.04230769230769231,1007,11
de_rand_1_bin,760,0.9654038663403951,0.04230769230769231,1007,11
de_rand_1_bin,770,0.9684976989178864,0.04230769230769231,1007,11
de_rand_1_bin,780,0.916534700156642,0.04230769230769231,1007,11
de_rand_1_bin,790,0.9523052066909448,0.04230769230769231,1007,11
de_rand_1_bin,800,0.9550575114220224,0.04230769230769231,1007,11
de_rand_1_bin,810,0.967625389004754,0.04230769230769231,1007,11
de_rand_1_bin,820,0.9655383488047717,0.04230769230769231,1007,11
de_rand_1_bin,830,0.9474116930684495,0.04230769230769231,1007,11
de_rand_1_bin,840,0.9625384264993362,0.04230769230769231,1007,11
de_rand_1_bin,850,0.9564885722409501,0.04230769230769231,1007,11
de_rand_1_bin,860,0.9705437060213021,0.04230769230769231,1007,11
de_rand_1_bin,870,0.970936453222854,0.04230769230769231,1007,11
de_rand_1_bin,880,0.9686676768399424,0.04230769230769231,1007,11
de_rand_1_bin,890,0.94616745045869,0.04230769230769231,1007,11
de_rand_1_bin,900,0.960635295853911,0.04230769230769231,1007,11
de_rand_1_bin,910,0.9714751438325616,0.04230769230769231,1007,11
de_rand_1_bin,920,0.8804680337080765,0.04230769230769231,1007,11
de_rand_1_bin,930,0.9499905825836152,0.04230769230769231,1007,11
de_rand_1_bin,940,0.9460407669547296,0.04230769230769231,1007,11
de_rand_1_bin,950,0.975588367725241,0.04230769230769231,1007,11
de_rand_1_bin,960,0.924644130755167,0.04230769230769231,1007,11
de_rand_1_bin,970,0.9720665542011698,0.04230769230769231,1007,11
de_rand_1_bin,980,0.9521162014522492,0.04230769230769231,1007,11
de_rand_1_bin,990,0.9435159601548254,0.04230769230769231,1007,11
de_rand_1_bin,1000,0.9673574725100686,0.04230769230769231,1007,11
de_rand_1_bin,1010,0.9492416965184548,0.04230769230769231,1007,11
de_rand_1_bin,1020,0.9675911150502904,0.04230769230769231,1007,11
de_rand_1_bin,1030,0.9745644455861454,0.04230769230769231,1007,11
de_rand_1_bin,1040,0.9802387673124685,0.04230769230769231,1007,11
de_rand_1_bin,1050,0.9727449241016148,0.04230769230769231,1007,11
de_rand_1_bin,1060,0.9701942462794539,0.04230769230769231,1007,11
de_rand_1_bin,1070,0.9760411508154011,0.04230769230769231,1007,11
de_rand_1_bin,1080,0.9649663784319668,0.04230769230769231,1007,11
de_rand_1_bin,1090,0.9554193906768229,0.04230769230769231,1007,11
de_rand_1_bin,1100,0.9756678534699997,0.04230769230769231,1007,11
de_rand_1_bin,1110,0.9748038847745422,0.04230769230769231,1007,11
de_rand_1_bin,1120,0.9698487726536391,0.04230769230769231,1007,11
de_rand_1_bin,1130,0.9595397953783422,0.04230769230769231,1007,11
de_rand_1_bin,1140,0.9249255290451378,0.04230769230769231,1007,11
de_rand_1_bin,1150,0.9808595986261651,0.04230769230769231,1007,11
de_rand_1_bin,1160,0.9704605621078266,0.04230769230769231,1007,11
de_rand_1_bin,1170,0.9801073763999505,0.04230769230769231,1007,11
de_rand_1_bin,1180,0.943799578355176,0.04230769230769231,1007,11
de_rand_1_bin,1190,0.9447220324347784,0.04230769230769231,1007,11
de_rand_1_bin,1200,0.9646757601726422,0.04230769230769231,1007,11
de_rand_1_bin,1210,0.9455103063602378,0.04230769230769231,1007,11
de_rand_1_bin,1220,0.9779919513519985,0.04230769230769231,1007,11
de_rand_1_bin,1230,0.9798626865452241,0.04230769230769231,1007,11
de_rand_1_bin,1240,0.95942848590154,0.04230769230769231,1007,11
de_rand_1_bin,1250,0.9681914761261651,0.04230769230769231,1007,11
de_rand_1_bin,1260,0.9652836892989408,0.04230769230769231,1007,11
de_rand_1_bin,1270,0.9700743075830521,0.04230769230769231,1007,11
de_rand_1_bin,1280,0.9530318716487408,0.04230769230769231,1007,11
de_rand_1_bin,1290,0.9721191228338749,0.04230769230769231,1007,11
de_rand_1_bin,1300,0.9326669206448743,0.04230769230769231,1007,11
de_rand_1_bin,1310,0.9603221708892442,0.04230769230769231,1007,11
de_rand_1_bin,1320,0.9524775092069092,0.04230769230769231,1007,11
de_rand_1_bin,1330,0.9753818484440075,0.04230769230769231,1007,11
de_rand_1_bin,1340,0.9527261258813202,0.04230769230769231,1007,11
de_rand_1_bin,1350,0.9640535572596668,0.04230769230769231,1007,11
de_rand_1_bin,1360,0.9880783745074244,0.04230769230769231,1007,11
de_rand_1_bin,1370,0.9742050039442449,0.04230769230769231,1007,11
de_rand_1_bin,1380,0.9847447618297588,0.04230769230769231,1007,11
de_rand_1_bin,1390,0.9710619071043188,0.04230769230769231,1007,11
de_rand_1_bin,1400,0.9614783830196147,0.04230769230769231,1007,11
de_rand_1_bin,1410,0.9548174594449111,0.04230769230769231,1007,11
de_rand_1_bin,1420,0.9667834319988874,0.04230769230769231,1007,11
de_rand_1_bin,1430,0.9691005261538616,0.04230769230769231,1007,11
de_rand_1_bin,1440,0.9560529773203856,0.04230769230769231,1007,11
de_rand_1_bin,1450,0.9693275873630435,0.04230769230769231,1007,11
de_rand_1_bin,1460,0.9661075464934092,0.04230769230769231,1007,11
de_rand_1_bin,10,0.9067662552706032,0.04230769230769231,1008,11
de_rand_1_bin,20,0.9113111036462609,0.04230769230769231,1008,11
de_rand_1_bin,30,0.9113772437555268,0.04230769230769231,1008,11
de_rand_1_bin,40,0.8928584079919794,0.04230769230769231,1008,11
de_rand_1_bin,50,0.9221094810840933,0.04230769230769231,1008,11
de_rand_1_bin,60,0.8984319020444652,0.04230769230769231,1008,11
de_rand_1_bin,70,0.9081120629260347,0.04230769230769231,1008,11
de_rand_1_bin,80,0.9258085710021745,0.04230769230769231,1008,11
de_rand_1_bin,90,0.9010382654342711,0.04230769230769231,1008,11
de_rand_1_bin,100,0.8955745724508507,0.04230769230769231,1008,11
de_rand_1_bin,110,0.9359273435416559,0.04230769230769231,1008,11
de_rand_1_bin,120,0.9171512172296291,0.04230769230769231,1008,11
de_rand_1_bin,130,0.9295126332897237,0.04230769230769231,1008,11
de_rand_1_bin,140,0.9074507887979376,0.04230769230769231,1008,11
de_rand_1_bin,150,0.9149604874586488,0.04230769230769231,1008,11
de_rand_1_bin,160,0.9216786295835817,0.04230769230769231,1008,11
de_rand_1_bin,170,0.9245341323872,0.04230769230769231,1008,11
de_rand_1_bin,180,0.9336932088259328,0.04230769230769231,1008,11
de_rand_1_bin,190,0.9201473651498667,0.04230769230769231,1008,11
de_rand_1_bin,200,0.9253182513528938,0.04230769230769231,1008,11
de_rand_1_bin,210,0.9037994354795816,0.04230769230769231,1008,11
de_rand_1_bin,220,0.9098808828858082,0.04230769230769231,1008,11
de_rand_1_bin,230,0.9189975655782354,0.04230769230769231,1008,11
de_rand_1_bin,240,0.9052118915424664,0.04230769230769231,1008,11
de_rand_1_bin,250,0.9209150559881714,0.04230769230769231,1008,11
de_rand_1_bin,260,0.9180162467020585,0.04230769230769231,1008,11
de_rand_1_bin,270,0.9286774078752321,0.04230769230769231,1008,11
de_rand_1_bin,280,0.9288750268498401,0.04230769230769231,1008,11
de_rand_1_bin,290,0.9162042856615158,0.04230769230769231,1008,11
de_rand_1_bin,300,0.9217612189377978,0.04230769230769231,1008,11
de_rand_1_bin,310,0.9311042475077224,0.04230769230769231,1008,11
de_rand_1_bin,320,0.921908624918197,0.04230769230769231,1008,11
de_rand_1_bin,330,0.9288004265918893,0.04230769230769231,1008,11
de_rand_1_bin,340,0.9235512214135166,0.04230769230769231,1008,11
de_rand_1_bin,350,0.9263986118092151,0.04230769230769231,1008,11
de_rand_1_bin,360,0.9070252773790101,0.04230769230769231,1008,11
de_rand_1_bin,370,0.9230339226712317,0.04230769230769231,1008,11
de_rand_1_bin,380,0.9082946595671167,0.04230769230769231,1008,11
de_rand_1_bin,390,0.9185223498242591,0.04230769230769231,1008,11
de_rand_1_bin,400,0.9335137353831137,0.04230769230769231,1008,11
de_rand_1_bin,410,0.9269249150563401,0.04230769230769231,1008,11
de_rand_1_bin,420,0.9411886711416614,0.04230769230769231,1008,11
de_rand_1_bin,430,0.9464447926846539,0.04230769230769231,1008,11
de_rand_1_bin,440,0.9025961258709319,0.04230769230769231,1008,11
de_rand_1_bin,450,0.9254318948609516,0.04230769230769231,1008,11
de_rand_1_bin,460,0.9034969854734131,0.04230769230769231,1008,11
de_rand_1_bin,470,0.9091439005729754,0.04230769230769231,1008,11
de_rand_1_bin,480,0.9101863725641577,0.04230769230769231,1008,11
de_rand_1_bin,490,0.9217519626161459,0.04230769230769231,1008,11
de_rand_1_bin,500,0.9342862128442829,0.04230769230769231,1008,11
de_rand_1_bin,510,0.9122369138891903,0.04230769230769231,1008,11
de_rand_1_bin,520,0.9338057052308218,0.04230769230769231,1008,11
de_rand_1_bin,530,0.9214918367197074,0.04230769230769231,1008,11
de_rand_1_bin,540,0.9167441544993049,0.04230769230769231,1008,11
de_rand_1_bin,550,0.9238211784973943,0.04230769230769231,1008,11
de_rand_1_bin,560,0.921670128784687,0.04230769230769231,1008,11
de_rand_1_bin,570,0.9368352335114968,0.04230769230769231,1008,11
de_rand_1_bin,580,0.9387831647995403,0.04230769230769231,1008,11
de_rand_1_bin,590,0.9093926308053774,0.04230769230769231,1008,11
de_rand_1_bin,600,0.9326272342943854,0.04230769230769231,1008,11
de_rand_1_bin,610,0.9350254191058741,0.04230769230769231,1008,11
de_rand_1_bin,620,0.8759568074669207,0.04230769230769231,1008,11
de_rand_1_bin,630,0.9666298977708804,0.04230769230769231,1008,11
de_rand_1_bin,640,0.9175520542543438,0.04230769230769231,1008,11
de_rand_1_bin,650,0.9521024417651603,0.04230769230769231,1008,11
de_rand_1_bin,660,0.9499088180967882,0.04230769230769231,1008,11
de_rand_1_bin,670,0.9489071612705108,0.04230769230769231,1008,11
de_rand_1_bin,680,0.9670226313195771,0.04230769230769231,1008,11
de_rand_1_bin,690,0.93389678175028,0.04230769230769231,1008,11
de_rand_1_bin,700,0.9395545002242227,0.04230769230769231,1008,11
de_rand_1_bin,710,0.9366682808897546,0.04230769230769231,1008,11
de_rand_1_bin,720,0.9449668022849126,0.04230769230769231,1008,11
de_rand_1_bin,730,0.9262414246414746,0.04230769230769231,1008,11
de_rand_1_bin,740,0.9324839397501533,0.04230769230769231,1008,11
de_rand_1_bin,750,0.9575313838994696,0.04230769230769231,1008,11
de_rand_1_bin,760,0.9342462849381259,0.04230769230769231,1008,11
de_rand_1_bin,770,0.9524223998745383,0.04230769230769231,1008,11
de_rand_1_bin,780,0.9674293870375927,0.04230769230769231,1008,11
de_rand_1_bin,790,0.9688465554404545,0.04230769230769231,1008,11
de_rand_1_bin,800,0.9566260833513814,0.04230769230769231,1008,11
de_rand_1_bin,810,0.967750582721811,0.04230769230769231,1008,11
de_rand_1_bin,820,0.9498030496553033,0.04230769230769231,1008,11
de_rand_1_bin,830,0.9501970151165914,0.04230769230769231,1008,11
de_rand_1_bin,840,0.9656288881553747,0.04230769230769231,1008,11
de_rand_1_bin,850,0.9315428636207462,0.04230769230769231,1008,11
de_rand_1_bin,860,0.947160742278449,0.04230769230769231,1008,11
de_rand_1_bin,870,0.9555762984827204,0.04230769230769231,1008,11
de_rand_1_bin,880,0.9666979052818688,0.04230769230769231,1008,11
de_rand_1_bin,890,0.9541963923487907,0.04230769230769231,1008,11
de_rand_1_bin,900,0.9050885515749756,0.04230769230769231,1008,11
de_rand_1_bin,910,0.9662252154908586,0.04230769230769231,1008,11
de_rand_1_bin,920,0.9231772093105911,0.04230769230769231,1008,11
de_rand_1_bin,930,0.9535632032912468,0.04230769230769231,1008,11
de_rand_1_bin,940,0.9678075006251426,0.04230769230769231,1008,11
de_rand_1_bin,950,0.9431451995833334,0.04230769230769231,1008,11
de_rand_1_bin,960,0.9612735643272203,0.04230769230769231,1008,11
de_rand_1_bin,970,0.9616853634249306,0.04230769230769231,1008,11
de_rand_1_bin,980,0.9564021394636667,0.04230769230769231,1008,11
de_rand_1_bin,990,0.9692455217997521,0.04230769230769231,1008,11
de_rand_1_bin,1000,0.9585358503496866,0.04230769230769231,1008,11
de_rand_1_bin,1010,0.9692552595889956,0.04230769230769231,1008,11
de_rand_1_bin,1020,0.9437864344713432,0.04230769230769231,1008,11
de_rand_1_bin,1030,0.9650582979884784,0.04230769230769231,1008,11
de_rand_1_bin,1040,0.8618644005595989,0.04230769230769231,1008,11
de_rand_1_bin,1050,0.9019867532605529,0.04230769230769231,1008,11
de_rand_1_bin,1060,0.9194129801523232,0.04230769230769231,1008,11
de_rand_1_bin,1070,0.9430778575062227,0.04230769230769231,1008,11
de_rand_1_bin,1080,0.9677450322952165,0.04230769230769231,1008,11
de_rand_1_bin,1090,0.9323520844253815,0.04230769230769231,1008,11
de_rand_1_bin,1100,0.9532156453706876,0.04230769230769231,1008,11
de_rand_1_bin,1110,0.9568502588192578,0.04230769230769231,1008,11
de_rand_1_bin,1120,0.9407732870398507,0.04230769230769231,1008,11
de_rand_1_bin,1130,0.9451901742317305,0.04230769230769231,1008,11
de_rand_1_bin,1140,0.9432443623795327,0.04230769230769231,1008,11
de_rand_1_bin,1150,0.956409464696772,0.04230769230769231,1008,11
de_rand_1_bin,1160,0.9739214453374259,0.04230769230769231,1008,11
de_rand_1_bin,1170,0.9606164414049299,0.04230769230769231,1008,11
de_rand_1_bin,1180,0.9241442474896887,0.04230769230769231,1008,11
de_rand_1_bin,1190,0.9718978604271634,0.04230769230769231,1008,11
de_rand_1_bin,1200,0.9451907209026006,0.04230769230769231,1008,11
de_rand_1_bin,1210,0.9549983351055623,0.04230769230769231,1008,11
de_rand_1_bin,1220,0.9213293745661645,0.04230769230769231,1008,11
de_rand_1_bin,1230,0.9021812821465091,0.04230769230769231,1008,11
de_rand_1_bin,1240,0.9480785296274511,0.04230769230769231,1008,11
de_rand_1_bin,1250,0.9495306497061048,0.04230769230769231,1008,11
de_rand_1_bin,1260,0.9799285119880207,0.04230769230769231,1008,11
de_rand_1_bin,1270,0.9481972476309184,0.04230769230769231,1008,11
de_rand_1_bin,1280,0.9480035164713878,0.04230769230769231,1008,11
de_rand_1_bin,1290,0.9219075133101698,0.04230769230769231,1008,11
de_rand_1_bin,1300,0.9498840697603509,0.04230769230769231,1008,11
de_rand_1_bin,1310,0.9536647560930075,0.04230769230769231,1008,11
de_rand_1_bin,1320,0.9092351172429796,0.04230769230769231,1008,11
de_rand_1_bin,1330,0.8784017514864609,0.04230769230769231,1008,11
de_rand_1_bin,1340,0.9725443491115723,0.04230769230769231,1008,11
de_rand_1_bin,1350,0.9487984516848225,0.04230769230769231,1008,11
de_rand_1_bin,1360,0.9525559139530134,0.04230769230769231,1008,11
de_rand_1_bin,1370,0.933459426368417,0.04230769230769231,1008,11
de_rand_1_bin,1380,0.9569565663236786,0.04230769230769231,1008,11
de_rand_1_bin,1390,0.9524683534732424,0.04230769230769231,1008,11
de_rand_1_bin,1400,0.9609586308358601,0.04230769230769231,1008,11
de_rand_1_bin,1410,0.9209696133070341,0.04230769230769231,1008,11
de_rand_1_bin,1420,0.9665992807412898,0.04230769230769231,1008,11
de_rand_1_bin,1430,0.9185501007952221,0.04230769230769231,1008,11
de_rand_1_bin,1440,0.9707221601276764,0.04230769230769231,1008,11
de_rand_1_bin,1450,0.9404444479643193,0.04230769230769231,1008,11
de_rand_1_bin,1460,0.956455488380076,0.04230769230769231,1008,11
de_rand_1_bin,10,0.909289133057248,0.04230769230769231,1009,11
de_rand_1_bin,20,0.915765541878812,0.04230769230769231,1009,11
de_rand_1_bin,30,0.9030845600397872,0.04230769230769231,1009,11
de_rand_1_bin,40,0.9153179141325652,0.04230769230769231,1009,11
de_rand_1_bin,50,0.9156304472621981,0.04230769230769231,1009,11
de_rand_1_bin,60,0.9079049947933308,0.04230769230769231,1009,11
de_rand_1_bin,70,0.9229056103068394,0.04230769230769231,1009,11
de_rand_1_bin,80,0.9065414063206413,0.04230769230769231,1009,11
de_rand_1_bin,90,0.9246991771354761,0.04230769230769231,1009,11
de_rand_1_bin,100,0.9045953550330014,0.04230769230769231,1009,11
de_rand_1_bin,110,0.9017096720520281,0.04230769230769231,1009,11
de_rand_1_bin,120,0.9334406173898689,0.04230769230769231,1009,11
de_rand_1_bin,130,0.9046982455413168,0.04230769230769231,1009,11
de_rand_1_bin,140,0.9059886124735542,0.04230769230769231,1009,11
de_rand_1_bin,150,0.9363942574603338,0.04230769230769231,1009,11
de_rand_1_bin,160,0.925254177335174,0.04230769230769231,1009,11
de_rand_1_bin,170,0.9116537752525505,0.04230769230769231,1009,11
de_rand_1_bin,180,0.9327110388773422,0.04230769230769231,1009,11
de_rand_1_bin,190,0.9172440677746893,0.04230769230769231,1009,11
de_rand_1_bin,200,0.915709695515828,0.04230769230769231,1009,11
de_rand_1_bin,210,0.9213486206484541,0.04230769230769231,1009,11
de_rand_1_bin,220,0.9317270721158749,0.04230769230769231,1009,11
de_rand_1_bin,230,0.9151564061691276,0.04230769230769231,1009,11
de_rand_1_bin,240,0.9260758298832474,0.04230769230769231,1009,11
de_rand_1_bin,250,0.9334177611583526,0.04230769230769231,1009,11
de_rand_1_bin,260,0.9401295724122102,0.04230769230769231,1009,11
de_rand_1_bin,270,0.9358128773241864,0.04230769230769231,1009,11
de_rand_1_bin,280,0.9145442999010878,0.04230769230769231,1009,11
de_rand_1_bin,290,0.9489847288698915,0.04230769230769231,1009,11
de_rand_1_bin,300,0.9356891989953459,0.04230769230769231,1009,11
de_rand_1_bin,310,0.9442475402001066,0.04230769230769231,1009,11
de_rand_1_bin,320,0.8964802024026598,0.04230769230769231,1009,11
de_rand_1_bin,330,0.9513355368427864,0.04230769230769231,1009,11
de_rand_1_bin,340,0.9187285994537787,0.04230769230769231,1009,11
de_rand_1_bin,350,0.9480806103405762,0.04230769230769231,1009,11
de_rand_1_bin,360,0.9273417647857657,0.04230769230769231,1009,11
de_rand_1_bin,370,0.9384056043918535,0.04230769230769231,1009,11
de_rand_1_bin,380,0.9306180459060762,0.04230769230769231,1009,11
de_rand_1_bin,390,0.9587881996774814,0.04230769230769231,1009,11
de_rand_1_bin,400,0.9361915090505253,0.04230769230769231,1009,11
de_rand_1_bin,410,0.9677782364332194,0.04230769230769231,1009,11
de_rand_1_bin,420,0.9517315071426588,0.04230769230769231,1009,11
de_rand_1_bin,430,0.9458667789631782,0.04230769230769231,1009,11
de_rand_1_bin,440,0.9365826857546936,0.04230769230769231,1009,11
de_rand_1_bin,450,0.9231659289823301,0.04230769230769231,1009,11
de_rand_1_bin,460,0.9067180619263535,0.04230769230769231,1009,11
de_rand_1_bin,470,0.868884787177079,0.04230769230769231,1009,11
de_rand_1_bin,480,0.9312513174336757,0.04230769230769231,1009,11
de_rand_1_bin,490,0.9531059422824946,0.04230769230769231,1009,11
de_rand_1_bin,500,0.9579103585785678,0.04230769230769231,1009,11
de_rand_1_bin,510,0.9377791050742762,0.04230769230769231,1009,11
de_rand_1_bin,520,0.9514066550043196,0.04230769230769231,1009,11
de_rand_1_bin,530,0.9132783694622438,0.04230769230769231,1009,11
de_rand_1_bin,540,0.9203845776065327,0.04230769230769231,1009,11
de_rand_1_bin,550,0.9634299626902055,0.04230769230769231,1009,11
de_rand_1_bin,560,0.9376316000408117,0.04230769230769231,1009,11
de_rand_1_bin,570,0.9530038987539012,0.04230769230769231,1009,11
de_rand_1_bin,580,0.9387777074409142,0.04230769230769231,1009,11
de_rand_1_bin,590,0.9546767418990867,0.04230769230769231,1009,11
de_rand_1_bin,600,0.9512322893730146,0.04230769230769231,1009,11
de_rand_1_bin,610,0.9643973147455603,0.04230769230769231,1009,11
de_rand_1_bin,620,0.9650276269869577,0.04230769230769231,1009,11
de_rand_1_bin,630,0.9553167783914378,0.04230769230769231,1009,11
de_rand_1_bin,640,0.961186375341112,0.04230769230769231,1009,11
de_rand_1_bin,650,0.9528988628843987,0.04230769230769231,1009,11
de_rand_1_bin,660,0.945144423611223,0.04230769230769231,1009,11
de_rand_1_bin,670,0.9404757100310165,0.04230769230769231,1009,11
de_rand_1_bin,680,0.9430765042598935,0.04230769230769231,1009,11
de_rand_1_bin,690,0.9353839031050403,0.04230769230769231,1009,11
de_rand_1_bin,700,0.9555206332091036,0.04230769230769231,1009,11
de_rand_1_bin,710,0.9227483038709309,0.04230769230769231,1009,11
de_rand_1_bin,720,0.9270872311206312,0.04230769230769231,1009,11
de_rand_1_bin,730,0.9287909221236391,0.04230769230769231,1009,11
de_rand_1_bin,740,0.9493626808401882,0.04230769230769231,1009,11
de_rand_1_bin,750,0.9204542072220772,0.04230769230769231,1009,11
de_rand_1_bin,760,0.9473096948193463,0.04230769230769231,1009,11
de_rand_1_bin,770,0.9368049707180126,0.04230769230769231,1009,11
de_rand_1_bin,780,0.9259556742904195,0.04230769230769231,1009,11
de_rand_1_bin,790,0.9162369230224957,0.04230769230769231,1009,11
de_rand_1_bin,800,0.9052173104653757,0.04230769230769231,1009,11
de_rand_1_bin,810,0.9472782419819205,0.04230769230769231,1009,11
de_rand_1_bin,820,0.9524056539953895,0.04230769230769231,1009,11
de_rand_1_bin,830,0.9506090294495623,0.04230769230769231,1009,11
de_rand_1_bin,840,0.9354522126129852,0.04230769230769231,1009,11
de_rand_1_bin,850,0.9174930107545319,0.04230769230769231,1009,11
de_rand_1_bin,860,0.9550955034328426,0.04230769230769231,1009,11
de_rand_1_bin,870,0.9437617230455522,0.04230769230769231,1009,11
de_rand_1_bin,880,0.9205639063316515,0.04230769230769231,1009,11
de_rand_1_bin,890,0.9463958121695372,0.04230769230769231,1009,11
de_rand_1_bin,900,0.949124024656323,0.04230769230769231,1009,11
de_rand_1_bin,910,0.9243152567147885,0.04230769230769231,1009,11
de_rand_1_bin,920,0.9258443960801134,0.04230769230769231,1009,11
de_rand_1_bin,930,0.9367827363085267,0.04230769230769231,1009,11
de_rand_1_bin,940,0.9417616237243064,0.04230769230769231,1009,11
de_rand_1_bin,950,0.9427914472289981,0.04230769230769231,1009,11
de_rand_1_bin,960,0.9488139893680706,0.04230769230769231,1009,11
de_rand_1_bin,970,0.9565563720204203,0.04230769230769231,1009,11
de_rand_1_bin,980,0.9690246155274366,0.04230769230769231,1009,11
de_rand_1_bin,990,0.9396290611106671,0.04230769230769231,1009,11
de_rand_1_bin,1000,0.93265762723609,0.04230769230769231,1009,11
de_rand_1_bin,1010,0.9305906436490873,0.04230769230769231,1009,11
de_rand_1_bin,1020,0.9472444838867212,0.04230769230769231,1009,11
de_rand_1_bin,1030,0.966427590240322,0.04230769230769231,1009,11
de_rand_1_bin,1040,0.9263331233475544,0.04230769230769231,1009,11
de_rand_1_bin,1050,0.916450818597805,0.04230769230769231,1009,11
de_rand_1_bin,1060,0.9156763644313654,0.04230769230769231,1009,11
de_rand_1_bin,1070,0.9245865427777336,0.04230769230769231,1009,11
de_rand_1_bin,1080,0.9557756951784094,0.04230769230769231,1009,11
de_rand_1_bin,1090,0.9364532281956405,0.04230769230769231,1009,11
de_rand_1_bin,1100,0.9319410134611453,0.04230769230769231,1009,11
de_rand_1_bin,1110,0.9114272139966252,0.04230769230769231,1009,11
de_rand_1_bin,1120,0.9198704911531778,0.04230769230769231,1009,11
de_rand_1_bin,1130,0.9119826823744662,0.04230769230769231,1009,11
de_rand_1_bin,1140,0.9274635760878022,0.04230769230769231,1009,11
de_rand_1_bin,1150,0.9286930547352433,0.04230769230769231,1009,11
de_rand_1_bin,1160,0.935588085057196,0.04230769230769231,1009,11
de_rand_1_bin,1170,0.9361240237634817,0.04230769230769231,1009,11
de_rand_1_bin,1180,0.9160219496149934,0.04230769230769231,1009,11
de_rand_1_bin,1190,0.9589909784504878,0.04230769230769231,1009,11
de_rand_1_bin,1200,0.927878253465043,0.04230769230769231,1009,11
de_rand_1_bin,1210,0.9503059498903023,0.04230769230769231,1009,11
de_rand_1_bin,1220,0.963084798106247,0.04230769230769231,1009,11
de_rand_1_bin,1230,0.9646091384247293,0.04230769230769231,1009,11
de_rand_1_bin,1240,0.9639060116756566,0.04230769230769231,1009,11
de_rand_1_bin,1250,0.9361639512400198,0.04230769230769231,1009,11
de_rand_1_bin,1260,0.9483994534432892,0.04230769230769231,1009,11
de_rand_1_bin,1270,0.9613178510483764,0.04230769230769231,1009,11
de_rand_1_bin,1280,0.9590534497401131,0.04230769230769231,1009,11
de_rand_1_bin,1290,0.9464921214012237,0.04230769230769231,1009,11
de_rand_1_bin,1300,0.9277894143102093,0.04230769230769231,1009,11
de_rand_1_bin,1310,0.9299565374830839,0.04230769230769231,1009,11
de_rand_1_bin,1320,0.93793629295862,0.04230769230769231,1009,11
de_rand_1_bin,1330,0.9693074965616265,0.04230769230769231,1009,11
de_rand_1_bin,1340,0.9282668248540116,0.04230769230769231,1009,11
de_rand_1_bin,1350,0.9424641429602971,0.04230769230769231,1009,11
de_rand_1_bin,1360,0.9565242800326138,0.04230769230769231,1009,11
de_rand_1_bin,1370,0.9409424079285885,0.04230769230769231,1009,11
de_rand_1_bin,1380,0.9112087653696103,0.04230769230769231,1009,11
de_rand_1_bin,1390,0.9563961440341137,0.04230769230769231,1009,11
de_rand_1_bin,1400,0.952303453796607,0.04230769230769231,1009,11
de_rand_1_bin,1410,0.9350853681233041,0.04230769230769231,1009,11
de_rand_1_bin,1420,0.9510901770137451,0.04230769230769231,1009,11
de_rand_1_bin,1430,0.9142317975748496,0.04230769230769231,1009,11
de_rand_1_bin,1440,0.9498477589549866,0.04230769230769231,1009,11
de_rand_1_bin,1450,0.9534239699888518,0.04230769230769231,1009,11
de_rand_1_bin,1460,0.9480257028052649,0.04230769230769231,1009,11
